sample_id,lot_id,tool_id,sequence,field_x,field_y,reticle_id,align_quality,ambient_temp_c,overlay_x_nm,overlay_y_nm,residual_nm,spec_pass
S00324,L0016,T03,324,0.573899,-0.554709,3.0,0.748526,22.874365,1.953505,-6.033188,6.341573,PASS
S00738,L0036,T02,738,0.413622,0.283111,4.0,0.881052,22.657113,5.998162,-3.036376,6.72291,PASS
S00212,L0010,T04,212,0.286226,0.920022,2.0,0.93471,21.792183,10.547043,-3.165777,11.011915,FAIL
S00151,L0007,T02,151,-0.148647,0.213197,4.0,1.0,21.149005,2.807367,-0.829776,2.927428,PASS
S00096,L0004,T01,96,-0.254871,0.367359,3.0,0.788873,22.772908,4.668088,0.173027,4.671294,PASS
S00311,L0015,T02,311,-0.659886,-0.430766,1.0,0.986957,22.062716,0.313494,1.531025,1.562791,PASS
S00368,L0018,T03,368,0.156742,-0.938519,2.0,0.955472,22.165434,-2.590589,-6.00114,6.536423,PASS
S00467,L0023,T04,467,0.317489,-0.107648,2.0,3.62009,23.453182,4.986325,-2.860437,5.748525,PASS
S00357,L0017,T02,357,-0.095413,0.797457,3.0,1.0,22.131703,8.754541,-0.254532,8.75824,FAIL
S00143,L0007,T02,143,-0.612805,0.617424,4.0,0.985217,21.489989,4.352727,3.300899,5.462798,PASS
S00432,L0021,T02,432,-0.511067,-0.734958,4.0,0.861695,21.653012,0.381504,-1.56953,1.615231,PASS
S00252,L0012,T01,252,-0.051102,0.935534,3.0,0.963059,21.965595,7.606095,-1.046899,7.677804,PASS
S00746,L0037,T01,746,-0.550975,-0.519527,4.0,0.933123,21.397216,0.126562,-1.733771,1.738385,PASS
S00199,L0009,T01,199,-0.71755,0.374152,1.0,0.743845,21.936888,2.25099,1.249869,2.57471,PASS
S00088,L0004,T02,88,-0.734806,0.266392,2.0,0.729709,21.143864,5.111184,0.13485,5.112962,PASS
S00174,L0008,T01,174,0.36885,-0.968653,3.0,0.896055,22.299426,-0.375766,-2.381104,2.410572,PASS
S00288,L0014,T01,288,-0.95814,0.688053,3.0,0.67257,23.684634,3.531116,2.62062,4.397321,PASS
S00645,L0032,T03,645,0.630136,0.428555,2.0,1.0,24.613502,6.274324,-2.877612,6.902738,PASS
S00147,L0007,T03,147,0.775962,0.724292,2.0,0.796928,22.000008,6.402684,-3.385076,7.242452,PASS
S00649,L0032,T01,649,-0.298068,-0.320483,4.0,4.854685,21.754709,2.746139,0.459911,2.784385,PASS
S00272,L0013,T01,272,-0.500808,-0.684916,4.0,0.835115,22.105087,-1.159595,-2.416235,2.680084,PASS
S00441,L0022,T01,441,0.449521,0.577807,2.0,1.0,22.601293,6.379176,-5.553099,8.457588,FAIL
S00688,L0034,T02,688,-0.247021,-0.791835,2.0,0.937554,22.564001,0.645103,-2.742513,2.817363,PASS
S00452,L0022,T01,452,-0.101356,0.367757,4.0,0.698521,20.719718,4.126585,-0.807045,4.204762,PASS
S00405,L0020,T01,405,-0.131331,0.077577,1.0,1.0,22.006278,4.183508,-1.487137,4.439968,PASS
S00215,L0010,T01,215,-0.426377,-0.276827,4.0,0.797255,21.907702,-1.465952,-0.254685,1.487911,PASS
S00359,L0017,T01,359,0.363758,0.889729,2.0,0.852497,21.807882,8.855358,-4.099268,9.758143,FAIL
S00727,L0036,T03,727,-0.615724,-0.721347,4.0,0.81881,21.888898,0.626939,-0.666848,0.915281,PASS
S00335,L0016,T02,335,-0.792865,0.199984,2.0,0.737435,22.863082,3.141483,-0.251846,3.151562,PASS
S00408,L0020,T01,408,-0.014573,-0.935978,2.0,0.810638,23.801011,-0.951017,-3.267854,3.403425,PASS
S00178,L0008,T01,178,0.502465,-0.834229,2.0,0.726836,23.035976,-2.165057,-7.610436,7.912409,PASS
S00446,L0022,T01,446,-0.171868,0.608025,3.0,0.842241,22.921646,6.460888,-0.919219,6.525951,PASS
S00338,L0016,T02,338,0.142894,-0.750393,4.0,0.891897,22.504713,-1.44773,-2.32971,2.742895,PASS
S00067,L0003,T01,67,0.40574,-0.261315,2.0,1.0,23.556785,0.633682,-2.978306,3.044973,PASS
S00464,L0023,T04,464,0.931315,-0.870091,4.0,0.843025,21.331596,2.707136,-7.672613,8.136189,FAIL
S00686,L0034,T01,686,0.365181,0.697514,4.0,0.885042,21.083588,9.009061,-2.405457,9.324667,FAIL
S00045,L0002,T01,45,-0.526895,0.861725,3.0,0.836131,22.006979,4.427842,3.044251,5.373384,PASS
S00075,L0003,T01,75,-0.770758,0.784405,4.0,1.0,21.463707,5.272636,5.071924,7.316085,PASS
S00323,L0016,T03,323,-0.754601,-0.840843,1.0,0.814022,20.713693,-6.365383,1.648796,6.575456,PASS
S00054,L0002,T01,54,0.686138,-0.019304,1.0,0.722543,21.864518,1.88378,-5.239067,5.567446,PASS
S00166,L0008,T01,166,0.986311,0.862435,2.0,0.920398,22.591112,10.19299,-6.624623,12.15659,FAIL
S00734,L0036,T01,734,0.923485,-0.128207,2.0,0.916939,21.674316,2.790616,-5.272228,5.965227,PASS
S00723,L0036,T04,723,-0.654137,0.485116,4.0,1.0,23.65013,5.902268,2.644187,6.467495,PASS
S00262,L0013,T01,262,-0.31406,-0.025709,4.0,0.972051,23.135337,2.099705,0.909839,2.288355,PASS
S00718,L0035,T02,718,0.083209,0.294752,1.0,0.877084,22.641284,5.701603,-4.617786,7.337045,PASS
S00353,L0017,T02,353,0.957076,0.362324,4.0,0.949942,20.903168,8.899199,-7.056182,11.357176,FAIL
S00148,L0007,T02,148,0.028954,0.476195,4.0,0.822095,21.651112,7.290913,-2.540198,7.720752,PASS
S00370,L0018,T01,370,-0.359706,-0.498013,2.0,0.920293,22.270042,1.622382,-0.131129,1.627673,PASS
S00402,L0020,T01,402,-0.356679,0.219794,4.0,0.848457,23.308629,3.536337,0.321345,3.550907,PASS
S00289,L0014,T02,289,-0.078454,-0.049946,3.0,0.759435,20.44379,5.013262,-2.162031,5.459595,PASS
S00539,L0026,T01,539,0.249565,0.678646,1.0,1.0,22.482699,4.820015,0.248951,4.82644,PASS
S00597,L0029,T01,597,-0.9535,-0.752923,2.0,1.0,21.367877,-4.335824,1.112452,4.476262,PASS
S00231,L0011,T03,231,-0.025767,-0.373033,1.0,0.94037,21.292725,0.450185,-3.982628,4.007991,PASS
S00438,L0021,T02,438,0.985813,0.867713,3.0,0.758279,22.412077,10.324089,-5.157307,11.540564,FAIL
S00701,L0035,T01,701,0.073441,0.997147,3.0,0.651421,21.472096,9.624398,-1.06589,9.683241,FAIL
S00300,L0015,T01,300,0.72635,0.573964,4.0,0.951358,22.249509,7.025644,-5.959853,9.213008,FAIL
S00310,L0015,T02,310,-0.583911,0.339415,2.0,0.868596,20.429008,6.91189,0.478423,6.928427,PASS
S00669,L0033,T02,669,-0.360117,0.18387,1.0,0.806823,22.898578,4.227298,-0.860883,4.314066,PASS
S00572,L0028,T01,572,-0.002814,-0.092511,1.0,0.902442,23.704615,5.13239,-2.017058,5.514522,PASS
S00325,L0016,T02,325,0.026841,-0.942743,4.0,0.733107,21.133716,-0.772117,-3.700265,3.779964,PASS
S00326,L0016,T02,326,-0.188545,0.677565,4.0,0.906401,22.894734,9.090116,-3.025769,9.580474,FAIL
S00170,L0008,T01,170,0.766516,-0.038918,4.0,0.934814,21.616065,6.355695,-6.520379,9.105503,FAIL
S00491,L0024,T01,491,0.955415,0.996316,2.0,0.79856,23.443823,12.252725,-5.981415,13.634757,FAIL
S00253,L0012,T02,253,-0.736942,-0.098867,2.0,0.847675,23.016833,2.03704,2.056862,2.89486,PASS
S00561,L0028,T03,561,-0.267093,-0.836205,3.0,0.893589,21.724507,-3.422282,-2.400456,4.180216,PASS
S00108,L0005,T02,108,0.069227,-0.373902,3.0,1.0,21.018836,0.193412,-2.285286,2.293456,PASS
S00101,L0005,T01,101,-0.238962,-0.984159,3.0,0.722934,22.208015,-1.722272,-2.487318,3.025388,PASS
S00433,L0021,T01,433,-0.253395,-0.612966,4.0,0.793662,22.00768,-2.874589,-2.545117,3.839385,PASS
S00532,L0026,T02,532,0.96809,0.696017,4.0,1.0,22.904422,10.287804,-6.159362,11.99069,FAIL
S00698,L0034,T03,698,0.435323,-0.725944,2.0,0.819814,21.007796,-1.357288,-4.249448,4.460946,PASS
S00717,L0035,T02,717,-0.609613,0.727999,3.0,0.692277,22.280831,7.654071,1.143371,7.738998,PASS
S00731,L0036,T01,731,0.503707,0.658355,4.0,0.864105,22.06079,7.62913,-5.035833,9.141293,FAIL
S00111,L0005,T01,111,0.478821,0.504403,4.0,0.845475,22.507401,7.489208,-1.932956,7.734633,PASS
S00483,L0024,T01,483,0.399313,0.370976,4.0,0.901919,22.552279,5.565697,-3.442264,6.54417,PASS
S00016,L0000,T02,16,-0.727765,0.476613,2.0,0.816476,22.190803,5.690455,2.94543,6.407561,PASS
S00284,L0014,T02,284,0.827066,0.600816,4.0,0.720409,21.676178,7.380883,-4.415901,8.601024,FAIL
S00638,L0031,T01,638,-0.588712,0.777096,4.0,0.872151,20.505045,4.736248,3.421617,5.842902,PASS
S00482,L0024,T01,482,0.637354,-0.642594,2.0,0.85211,21.209846,2.57822,-5.36393,5.951384,PASS
S00585,L0029,T01,585,0.08157,0.010032,3.0,0.86045,21.736436,3.518333,-2.596627,4.372773,PASS
S00428,L0021,T04,428,-0.838184,0.632729,3.0,0.990553,22.682258,6.27489,2.565772,6.779191,PASS
S00107,L0005,T01,107,0.832766,-0.40407,2.0,0.972275,24.173765,3.062754,-8.515266,9.049322,FAIL
S00787,L0039,T03,787,0.761851,0.482068,1.0,0.924312,22.103674,5.302287,-4.58008,7.006524,PASS
S00395,L0019,T01,395,0.422545,0.14786,4.0,0.900707,21.811092,5.145507,-4.746915,7.000675,PASS
S00484,L0024,T02,484,0.12758,0.887981,2.0,0.930412,21.46258,9.600812,-4.237003,10.494179,FAIL
S00358,L0017,T04,358,-0.859918,-0.400424,2.0,0.692702,22.789113,-0.526592,1.634147,1.716897,PASS
S00308,L0015,T01,308,-0.435275,-0.546874,4.0,0.903571,21.527734,-1.054823,-1.533044,1.86088,PASS
S00760,L0038,T04,760,0.011546,0.104665,2.0,0.877152,23.336057,7.563309,-2.696377,8.029576,FAIL
S00191,L0009,T02,191,-0.267966,-0.19391,1.0,0.725514,22.521808,2.756573,-2.013437,3.413594,PASS
S00553,L0027,T03,553,0.266294,-0.732102,3.0,0.767327,22.518901,-1.265185,-6.746065,6.863679,PASS
S00391,L0019,T01,391,0.432089,-0.669147,1.0,0.965343,22.052259,-1.58044,-6.701339,6.885183,PASS
S00157,L0007,T02,157,-0.839801,0.172441,1.0,0.855511,21.014453,3.62652,2.731984,4.540417,PASS
S00217,L0010,T01,217,0.847086,0.173808,3.0,0.590918,22.259398,6.664028,-5.445745,8.606127,FAIL
S00673,L0033,T01,673,0.839699,-0.303107,4.0,0.81798,22.917581,2.015258,-7.222466,7.498352,PASS
S00227,L0011,T02,227,-0.245295,-0.138466,3.0,0.847576,22.76148,2.267961,-1.300049,2.614149,PASS
S00265,L0013,T04,265,-0.237039,-0.175742,2.0,0.894351,21.601023,2.7851,-0.869014,2.917527,FAIL
S00248,L0012,T04,248,-0.444943,-0.088739,1.0,0.795025,22.235232,2.121959,-0.322769,2.146367,PASS
S00503,L0025,T01,503,0.521447,-0.186163,3.0,0.772517,22.609297,5.53885,-5.344814,7.697135,PASS
S00305,L0015,T03,305,0.988627,0.068076,1.0,0.916098,21.355006,4.4653,-6.938137,8.250858,FAIL
S00614,L0030,T02,614,-0.791303,-0.537763,2.0,1.0,21.770154,0.096453,1.337552,1.341025,PASS
S00238,L0011,T01,238,-0.67691,-0.662933,4.0,0.882927,23.338069,-1.374117,-1.228631,1.843293,PASS
S00254,L0012,T02,254,-0.613492,-0.2477,2.0,0.965495,22.110984,0.095859,-1.883726,1.886163,PASS
S00095,L0004,T01,95,0.623158,0.399458,1.0,0.829047,23.304395,7.866351,-5.304674,9.487837,FAIL
S00538,L0026,T01,538,-0.66356,-0.738847,1.0,0.692396,20.733321,-3.432061,0.697288,3.502178,PASS
S00737,L0036,T01,737,0.107376,0.00501,1.0,0.79205,21.934517,3.354382,-3.714963,5.00528,PASS
S00687,L0034,T01,687,-0.741134,-0.160898,1.0,0.935606,21.269693,0.206545,0.799364,0.825617,PASS
S00264,L0013,T03,264,0.283174,-0.673368,2.0,0.955822,22.400434,-1.681931,-3.174501,3.592541,PASS
S00494,L0024,T01,494,0.916308,-0.665446,1.0,0.951321,21.080389,2.492584,-5.955499,6.456078,PASS
S00350,L0017,T04,350,-0.985058,-0.456627,2.0,0.877597,23.391315,-1.143184,0.902834,1.456702,PASS
S00036,L0001,T02,36,-0.572408,-0.099943,4.0,0.721681,20.548836,-0.034622,0.099291,0.105154,PASS
S00610,L0030,T04,610,-0.170377,0.731998,1.0,0.85572,21.519639,9.812031,-0.820859,9.846307,FAIL
S00579,L0028,T03,579,-0.336745,-0.038474,2.0,0.889633,22.066967,1.872993,-0.898598,2.077397,PASS
S00378,L0018,T01,378,-0.632839,-0.685665,3.0,0.990491,22.605787,-2.21292,1.62896,2.747822,PASS
S00740,L0037,T01,740,-0.723111,0.7915,1.0,1.0,21.942245,5.290506,1.649852,5.541793,PASS
S00102,L0005,T01,102,-0.176604,0.233229,4.0,0.796639,20.754237,1.31222,-1.029886,1.668108,PASS
S00270,L0013,T01,270,0.174702,-0.775858,3.0,0.805128,21.656347,-0.251725,-4.341046,4.348339,FAIL
S00778,L0038,T04,778,0.84318,0.058498,3.0,0.822971,21.798863,5.415563,-5.402871,7.649794,PASS
S00477,L0023,T01,477,0.034203,-0.170922,2.0,0.849349,21.315851,1.73414,-3.256765,3.689682,PASS
S00137,L0006,T01,137,-0.218822,-0.973561,3.0,1.0,23.24865,-2.729244,-3.334707,4.309181,PASS
S00200,L0010,T01,200,-0.267772,0.250112,4.0,0.819016,21.596913,2.554914,-0.976421,2.735139,PASS
S00223,L0011,T01,223,-0.569606,-0.277946,4.0,0.747966,23.576657,0.097928,0.376666,0.389187,PASS
S00144,L0007,T01,144,-0.299853,-0.613289,4.0,0.772833,21.240905,-1.409417,-0.57903,1.523723,PASS
S00047,L0002,T01,47,-0.279886,0.784715,4.0,0.894667,21.778084,5.597289,-0.204802,5.601035,PASS
S00480,L0024,T01,480,0.599566,0.888161,4.0,0.931035,22.306921,9.333446,-3.987639,10.149605,FAIL
S00341,L0017,T01,341,0.666214,-0.928184,4.0,0.735164,21.877968,-2.953036,-6.112612,6.788552,PASS
S00317,L0015,T02,317,0.586466,-0.724388,1.0,1.0,23.041495,1.311523,-5.216147,5.378502,PASS
S00474,L0023,T01,474,-0.633332,-0.007109,2.0,0.981429,20.770781,1.418743,-0.776902,1.617532,PASS
S00384,L0019,T01,384,0.035422,-0.553297,1.0,0.99301,21.085039,-0.365747,-4.251718,4.26742,PASS
S00260,L0013,T02,260,0.062208,0.416935,2.0,0.853309,22.189895,7.615137,-1.819545,7.829499,PASS
S00781,L0039,T03,781,-0.74832,0.721859,3.0,0.698652,21.488836,4.13484,2.196901,4.68223,PASS
S00255,L0012,T03,255,0.844016,-0.269939,4.0,0.827141,22.847116,2.366717,-7.289479,7.664063,PASS
S00237,L0011,T04,237,0.725401,0.4709,4.0,0.846785,22.030248,10.263293,-2.638795,10.597095,FAIL
S00444,L0022,T02,444,-0.085207,0.108102,4.0,0.891585,22.591973,3.148354,-3.110989,4.426103,PASS
S00081,L0004,T01,81,-0.589474,-0.149499,3.0,0.751935,22.951737,0.318305,-0.459861,0.559276,PASS
S00256,L0012,T02,256,-0.189894,-0.320364,2.0,0.64067,22.373693,2.474708,-1.601437,2.947674,PASS
S00654,L0032,T02,654,-0.132008,-0.837984,3.0,0.884187,21.822936,2.009929,-3.46046,4.001824,PASS
S00774,L0038,T01,774,-0.689324,0.181262,2.0,0.966269,22.45906,4.791912,2.217463,5.28011,PASS
S00623,L0031,T01,623,0.574708,-0.351268,3.0,0.748964,21.759673,2.111333,-7.851236,8.130168,FAIL
S00592,L0029,T01,592,0.788918,-0.599589,2.0,0.765543,21.09964,1.23421,-7.58471,7.684471,PASS
S00342,L0017,T03,342,0.288978,0.040487,4.0,0.871404,21.668658,4.158281,-4.118025,5.852301,PASS
S00331,L0016,T03,331,0.180567,0.887494,4.0,0.957598,22.073365,6.920355,1.67233,7.11955,PASS
S00206,L0010,T01,206,-0.575602,0.756051,1.0,0.768597,22.770134,4.301855,3.71536,5.684176,PASS
S00573,L0028,T04,573,-0.830878,-0.371375,4.0,1.0,22.814257,0.427336,4.099546,4.121758,PASS
S00562,L0028,T04,562,0.907621,0.788728,3.0,0.868248,21.929394,11.442858,-5.654398,12.763668,FAIL
S00297,L0014,T01,297,0.452828,-0.202269,3.0,0.831531,22.276326,2.073434,-3.652867,4.200305,PASS
S00513,L0025,T03,513,0.613661,0.638844,1.0,0.8692869999999999,22.285657,8.008687,-3.091885,8.584802,FAIL
S00306,L0015,T01,306,0.134841,-0.449991,1.0,0.88492,21.683166,1.480656,-2.638433,3.025504,PASS
S00486,L0024,T02,486,0.809022,-0.241403,4.0,0.783902,22.525827,6.641374,-3.753215,7.62853,PASS
S00296,L0014,T01,296,0.356404,-0.616788,1.0,0.890053,21.918868,-0.807052,-3.055801,3.160578,PASS
S00456,L0022,T01,456,-0.602456,0.033822,4.0,0.852135,22.984036,-1.337349,0.42365,1.402848,PASS
S00690,L0034,T01,690,0.852092,0.159988,2.0,0.877916,21.728334,5.242811,-4.472081,6.891051,PASS
S00450,L0022,T01,450,0.351914,-0.074705,2.0,0.785232,21.275677,2.743183,-2.334353,3.60198,PASS
S00290,L0014,T01,290,-0.799044,0.957602,2.0,0.764737,22.242377,8.091828,3.730027,8.91015,FAIL
S00797,L0039,T01,797,-0.179528,0.714543,1.0,0.914389,21.834851,5.484508,0.063332,5.484874,PASS
S00790,L0039,T01,790,-0.654165,0.598403,4.0,0.787309,20.786948,4.811872,3.00573,5.673493,PASS
S00530,L0026,T01,530,-0.950334,-0.126472,3.0,0.864105,21.677393,0.934063,2.893069,3.040119,PASS
S00682,L0034,T04,682,0.67231,0.685617,1.0,0.819115,22.879265,11.976314,-4.092253,12.65617,FAIL
S00118,L0005,T01,118,-0.066064,-0.622927,3.0,0.756206,20.999837,-0.961983,-4.410189,4.513888,PASS
S00533,L0026,T01,533,-0.780345,-0.007348,1.0,0.786267,22.882052,2.675452,1.871778,3.26521,PASS
S00640,L0032,T04,640,0.502321,0.711628,4.0,0.823493,21.383625,8.456426,-4.44392,9.552987,FAIL
S00619,L0030,T01,619,0.576601,0.56166,3.0,0.879146,22.264074,8.408423,-5.826943,10.230095,FAIL
S00155,L0007,T03,155,0.683137,-0.286368,2.0,0.826442,20.750377,0.52192,-6.378149,6.399467,PASS
S00604,L0030,T01,604,-0.299573,-0.548157,2.0,0.916812,21.380751,-0.180719,-1.616831,1.626899,PASS
S00535,L0026,T02,535,-0.958857,-0.392469,3.0,0.753659,22.822214,0.296406,1.51797,1.546638,PASS
S00309,L0015,T04,309,0.822273,-0.108328,1.0,0.814334,23.020688,3.982453,-3.522563,5.316802,PASS
S00351,L0017,T03,351,0.424953,0.436102,3.0,0.981379,23.516943,5.048309,-4.691878,6.891963,PASS
S00220,L0011,T04,220,-0.830563,-0.465455,1.0,0.819729,20.352308,0.408361,2.643459,2.674815,PASS
S00759,L0037,T01,759,-0.442756,-0.859523,4.0,0.854371,23.026361,-1.227071,-0.169163,1.238677,PASS
S00719,L0035,T01,719,-0.8985,-0.524382,2.0,0.846403,21.2687,-1.42412,4.129246,4.367928,PASS
S00633,L0031,T03,633,-0.46969,-0.42464,2.0,0.929835,23.113674,-0.778953,-1.345936,1.555092,PASS
S00652,L0032,T02,652,-0.453618,0.63289,3.0,0.844579,21.452655,8.447638,2.917181,8.937143,FAIL
S00442,L0022,T02,442,0.577378,0.070055,2.0,1.0,20.829794,5.570527,-4.208588,6.981618,PASS
S00589,L0029,T01,589,-0.712812,-0.764283,1.0,0.943304,21.409731,-2.171738,0.252122,2.186324,PASS
S00495,L0024,T04,495,-0.298324,-0.783108,1.0,0.945371,22.377104,-0.874444,-4.407835,4.493736,PASS
S00462,L0023,T03,462,0.842596,-0.567593,3.0,1.0,22.25014,2.028611,-7.41968,7.692003,PASS
S00091,L0004,T04,91,-0.841786,0.546447,4.0,0.768631,21.37762,4.912189,3.669888,6.131694,PASS
S00131,L0006,T01,131,0.721253,0.830308,1.0,0.79088,21.84987,9.293098,-1.998586,9.505579,FAIL
S00401,L0020,T01,401,-0.605545,-0.232829,3.0,0.814446,20.37367,0.799562,0.171627,0.817775,PASS
S00644,L0032,T02,644,0.103331,0.209114,2.0,0.937304,20.919233,5.42592,-2.504725,5.97614,PASS
S00507,L0025,T02,507,0.221656,-0.020447,3.0,0.635142,22.400552,3.807927,-4.547759,5.931477,PASS
S00099,L0004,T02,99,0.848976,-0.380002,1.0,0.813684,22.611318,3.162624,-7.998892,8.601422,FAIL
S00022,L0001,T02,22,-0.122711,0.199194,3.0,0.837397,22.237226,4.427881,-1.146675,4.573947,PASS
S00129,L0006,T01,129,0.648778,-0.957676,1.0,0.933902,22.977759,-2.807469,-6.141555,6.75282,PASS
S00299,L0014,T01,299,-0.729994,0.461746,2.0,0.76088,21.819431,3.944436,2.356083,4.59453,PASS
S00019,L0000,T02,19,0.068744,-0.743589,2.0,0.884279,20.86984,1.296679,-3.966566,4.173131,PASS
S00013,L0000,T03,13,-0.818985,0.315259,2.0,0.873855,22.086151,1.254049,0.955281,1.576452,PASS
S00502,L0025,T02,502,-0.604659,-0.60835,3.0,0.882397,21.126526,0.714505,-1.722546,1.864854,PASS
S00073,L0003,T02,73,0.452821,0.671312,1.0,0.760359,21.415504,8.177275,-4.879452,9.522441,FAIL
S00499,L0024,T01,499,-0.832241,0.205147,2.0,0.855931,22.730328,3.13601,4.416539,5.416676,PASS
S00303,L0015,T03,303,-0.492762,0.523191,2.0,0.862121,21.570589,1.681054,0.972468,1.94207,PASS
S00768,L0038,T02,768,-0.847456,-0.166251,4.0,0.928086,22.701419,2.985508,3.685647,4.743126,PASS
S00273,L0013,T04,273,0.559662,-0.753206,2.0,0.921658,22.97828,1.70888,-5.315986,5.583903,PASS
S00571,L0028,T01,571,0.681889,-0.045193,4.0,1.0,22.181168,3.878679,-6.621508,7.673886,PASS
S00785,L0039,T02,785,-0.23939,0.501136,4.0,0.724771,22.580048,7.410927,-0.346342,7.419015,PASS
S00028,L0001,T03,28,0.118218,-0.39861,2.0,0.884342,21.213723,0.606156,-3.404813,3.458349,PASS
S00612,L0030,T02,612,0.919491,-0.976213,2.0,0.914831,24.279705,1.843318,-8.942488,9.130494,FAIL
S00639,L0031,T04,639,-0.481998,0.189637,4.0,0.844679,22.97737,8.314043,3.042322,8.853194,FAIL
S00029,L0001,T03,29,0.016453,0.974157,3.0,0.836297,23.013626,8.759996,-0.256489,8.76375,FAIL
S00493,L0024,T01,493,-0.906381,-0.843127,4.0,0.92331,20.70946,-2.864035,-0.830314,2.981966,PASS
S00667,L0033,T03,667,-0.117462,-0.027363,4.0,0.852644,22.705065,3.702273,-2.587976,4.517128,PASS
S00710,L0035,T03,710,0.854024,-0.084804,1.0,0.885124,21.910614,1.254619,-6.769606,6.884885,PASS
S00629,L0031,T01,629,0.645813,0.013116,2.0,0.746569,20.917948,6.674597,-5.308371,8.528133,FAIL
S00371,L0018,T04,371,-0.434687,0.662321,2.0,1.0,22.061151,8.312758,3.257791,8.928334,FAIL
S00696,L0034,T03,696,-0.455022,0.034513,3.0,0.827535,21.460011,1.733868,0.390508,1.7773,PASS
S00634,L0031,T03,634,-0.314585,-0.977541,4.0,0.905164,22.691662,-2.910722,-1.02013,3.08431,PASS
S00345,L0017,T02,345,0.386753,-0.342936,4.0,1.0,21.612868,4.902812,-3.997886,6.326188,PASS
S00750,L0037,T01,750,0.77427,0.460232,1.0,0.924985,22.356699,5.561216,-3.827926,6.751306,PASS
S00003,L0000,T03,3,-0.111567,0.284472,4.0,1.0,22.012000999999998,4.373037,-0.384163,4.389879,PASS
S00593,L0029,T01,593,-0.881576,0.320359,1.0,1.0,20.909067,2.327705,2.743548,3.597953,PASS
S00762,L0038,T03,762,0.530825,0.243204,4.0,0.882581,23.857265,6.133824,-5.431436,14.088643,FAIL
S00389,L0019,T01,389,0.545883,0.981379,3.0,0.82873,20.784745,7.739771,-0.998805,7.803952,PASS
S00154,L0007,T01,154,0.665812,0.112762,4.0,0.886428,20.527069,3.317852,-3.787755,5.035398,PASS
S00396,L0019,T02,396,0.905085,0.68748,4.0,0.838167,22.081206,9.252171,-5.482303,10.754455,FAIL
S00411,L0020,T03,411,0.533132,0.048502,4.0,0.802161,21.517064,4.030017,-3.939327,5.635542,PASS
S00430,L0021,T01,430,0.402819,-0.418378,3.0,0.864105,21.931186,4.166576,-3.810728,5.646415,PASS
S00466,L0023,T01,466,-0.27949,-0.678415,4.0,1.0,22.18543,-0.428909,-1.384855,1.449754,PASS
S00089,L0004,T01,89,-0.724125,0.099704,1.0,0.934639,21.810601,1.013035,3.826604,3.958426,PASS
S00472,L0023,T01,472,-0.130746,-0.842128,3.0,0.899786,20.774634,-0.472878,-1.327144,1.408874,PASS
S00292,L0014,T01,292,-0.17608,-0.591739,1.0,0.919651,23.106833,-0.398716,-2.9446,2.971472,PASS
S00069,L0003,T02,69,-0.622305,-0.218933,3.0,0.796988,22.180922,0.516769,3.029235,3.072998,PASS
S00340,L0017,T02,340,0.780667,-0.431395,3.0,0.850637,21.41128,5.302327,-6.271008,8.212199,FAIL
S00458,L0022,T03,458,0.264868,0.216995,3.0,0.688597,21.81333600000005,2.915929,-2.850751,4.077919,PASS
S00241,L0012,T01,241,0.375535,0.748748,2.0,0.839233,23.93507,8.935831,-2.599035,9.30613,FAIL
S00764,L0038,T01,764,-0.695085,-0.054175,2.0,0.777153,23.390197,0.81481,2.683111,2.804105,PASS
S00193,L0009,T02,193,-0.446405,0.630841,4.0,0.876241,22.557693,4.289614,3.116422,5.302157,PASS
S00752,L0037,T02,752,0.773386,0.751361,2.0,0.813928,22.15684,10.895785,-5.171176,12.060647,FAIL
S00113,L0005,T01,113,-0.469848,0.734607,2.0,0.927174,21.164789,4.309759,1.564927,4.585086,PASS
S00379,L0018,T01,379,0.83005,-0.28347,4.0,0.993143,22.091746,4.195268,-5.039501,6.557198,PASS
S00181,L0009,T01,181,0.52492,0.457589,4.0,0.91242,21.37469,8.219769,-7.045692,10.82619,FAIL
S00721,L0036,T02,721,-0.363282,0.920973,2.0,0.720581,22.28848,9.304123,2.07504,9.532707,FAIL
S00476,L0023,T01,476,-0.09983,-0.455281,3.0,0.870744,22.083595,0.653956,-0.644333,0.918055,PASS
S00622,L0031,T01,622,0.260566,0.992921,4.0,0.864269,22.435555,8.020086,0.310133,8.02608,FAIL
S00457,L0022,T01,457,0.385171,0.158411,3.0,0.923966,22.065227,2.661352,-3.010545,4.01823,PASS
S00770,L0038,T01,770,-0.918606,-0.816583,3.0,1.0,21.340909,-2.835568,-0.083699,2.836803,PASS
S00761,L0038,T01,761,-0.595115,0.923259,3.0,0.675812,21.702921,8.121835,2.819191,8.597212,FAIL
S00439,L0021,T01,439,0.234019,-0.93238,4.0,0.924863,22.517706,-0.817403,-3.039403,3.147398,PASS
S00116,L0005,T02,116,-0.214176,-0.690575,4.0,0.888223,21.972462,1.609954,-0.366156,1.651067,PASS
S00729,L0036,T01,729,-0.473065,-0.699838,1.0,0.612932,22.56312,-2.799285,-1.515848,3.183362,PASS
S00349,L0017,T04,349,0.048605,-0.778898,2.0,0.906414,21.984583,1.699827,-1.67985,2.389834,PASS
S00152,L0007,T01,152,0.317501,0.278123,4.0,0.881417,22.187109,5.290252,-3.19716,6.18131,PASS
S00222,L0011,T01,222,0.990041,0.479339,1.0,0.845022,22.373464,9.24608,-5.175362,10.595959,FAIL
S00259,L0012,T03,259,0.074403,-0.356781,1.0,0.858925,21.353734,-0.992207,-3.774303,3.902543,PASS
S00114,L0005,T01,114,-0.460518,-0.421928,1.0,0.818874,22.563408,-1.127775,1.024029,1.523322,PASS
S00169,L0008,T01,169,-0.776273,-0.428652,4.0,0.820953,22.474394,-2.278568,0.573871,2.349723,PASS
S00429,L0021,T03,429,-0.900558,-0.39456,2.0,0.861677,23.581302,-1.080025,0.318576,1.12603,PASS
S00269,L0013,T01,269,0.477789,-0.048549,3.0,0.850121,23.027977,4.368874,-4.499041,6.271239,PASS
S00596,L0029,T01,596,0.550836,0.182074,3.0,0.916663,21.678587,6.545788,-3.299069,7.330156,PASS
S00058,L0002,T01,58,0.375791,0.621921,1.0,0.772422,22.764573,7.939469,-0.089396,7.939972,PASS
S00196,L0009,T01,196,0.505587,-0.271021,4.0,0.794047,20.301197,0.633859,-5.497176,5.533599,PASS
S00419,L0020,T01,419,-0.702856,-0.801574,1.0,0.889591,20.890024,-2.172845,-0.464393,2.221917,PASS
S00703,L0035,T01,703,-0.116757,-0.171291,2.0,0.960326,22.265498,4.30851,-2.571537,5.017575,PASS
S00344,L0017,T01,344,0.103419,0.819906,4.0,0.939019,22.05512,6.57125,0.218409,6.574878,PASS
S00621,L0031,T01,621,0.313615,-0.843562,4.0,0.96693,22.089499,-0.600554,-4.702203,4.740398,PASS
S00025,L0001,T02,25,0.070232,-0.356541,4.0,0.578117,21.221985,-0.173395,-1.463506,1.473742,PASS
S00788,L0039,T04,788,-0.966396,-0.890124,4.0,0.830097,20.527981,1.36445,0.922026,1.646771,PASS
S00434,L0021,T01,434,0.938607,-0.831365,1.0,0.895921,22.232397,3.28931,-7.385172,8.084574,FAIL
S00271,L0013,T01,271,-0.55216,0.511329,2.0,1.0,20.224612,4.192244,0.993751,4.308416,PASS
S00647,L0032,T01,647,-0.867264,-0.717546,4.0,0.725454,20.770987,-2.365473,-0.344591,2.39044,PASS
S00697,L0034,T02,697,-0.237018,-0.336464,3.0,0.870912,22.149756,1.099531,-1.4713,1.836761,PASS
S00179,L0008,T01,179,0.964032,0.609703,2.0,0.835019,22.896158,8.783261,-4.975752,10.094741,FAIL
S00582,L0029,T03,582,-0.035901,-0.858447,1.0,0.787605,21.003135,-0.544963,-3.554498,3.596032,PASS
S00726,L0036,T01,726,-0.0598,-0.888053,4.0,0.969253,21.807785,-0.705494,-6.030674,6.071799,PASS
S00665,L0033,T02,665,-0.097695,-0.163142,1.0,0.89762,22.521645000000035,2.261619,-2.880358,3.662155,PASS
S00547,L0027,T02,547,0.365851,0.002847,4.0,0.911825,21.729987,3.38743,-2.822203,4.409026,PASS
S00577,L0028,T03,577,0.239921,-0.502447,2.0,0.96383,22.562822,-0.919424,-6.634292,6.697699,PASS
S00437,L0021,T01,437,0.502638,-0.651849,3.0,0.800787,21.316497,0.276218,-4.899706,4.907486,PASS
S00789,L0039,T01,789,0.734666,-0.233097,3.0,0.927492,21.706778,2.377048,-5.645533,6.125553,PASS
S00243,L0012,T01,243,-0.243302,0.128068,3.0,0.854962,23.189228,2.392136,1.556812,2.854116,PASS
S00251,L0012,T01,251,0.374539,-0.534957,2.0,0.85753,22.170907,0.622939,-5.220025,5.257063,PASS
S00735,L0036,T01,735,0.343696,-0.179559,1.0,0.914771,20.560634,2.108707,-6.021976,6.380505,PASS
S00080,L0004,T02,80,0.42922,0.8148,3.0,0.797391,22.266556,7.759257,-3.599005,8.553298,FAIL
S00153,L0007,T03,153,0.665284,-0.208086,1.0,0.831831,21.237563,2.956295,-5.331086,6.095913,PASS
S00531,L0026,T01,531,-0.455438,0.744622,2.0,0.788193,22.078966,5.057972,1.820269,5.375542,PASS
S00677,L0033,T01,677,0.444531,-0.556669,1.0,0.870087,20.843532,1.244181,-4.346799,4.521354,PASS
S00772,L0038,T04,772,0.320208,0.487606,2.0,0.713316,22.347104,8.995606,-1.607924,9.13818,FAIL
S00176,L0008,T01,176,0.53226,-0.943201,4.0,0.830633,22.283659,0.657343,-6.519913,6.552966,PASS
S00105,L0005,T03,105,0.343558,0.077692,1.0,0.830211,22.503889,3.728565,-3.799256,5.323208,PASS
S00285,L0014,T01,285,-0.885697,0.833319,4.0,0.861343,22.021109,5.13398,3.733296,6.347854,PASS
S00618,L0030,T01,618,-0.135649,0.963013,1.0,0.751046,21.619395,9.053093,0.706314,9.080604,FAIL
S00490,L0024,T03,490,0.866415,0.368122,3.0,0.809673,23.14495,6.435103,-6.601358,9.21892,FAIL
S00171,L0008,T02,171,-0.262753,0.856751,1.0,0.915288,22.824294,7.935193,0.785538,7.97398,PASS
S00485,L0024,T01,485,-0.572924,0.752985,1.0,0.842214,22.842737,4.526827,1.595313,4.799707,PASS
S00616,L0030,T01,616,0.224097,-0.429859,2.0,0.833624,22.741132,1.067856,-2.339324,2.571527,PASS
S00676,L0033,T01,676,-0.826612,0.664335,2.0,0.850383,22.283087,6.199687,1.942422,6.496855,PASS
S00606,L0030,T03,606,0.939861,0.665914,1.0,0.819795,22.964373,7.391674,-2.420329,7.777843,PASS
S00219,L0010,T01,219,0.478543,0.318911,3.0,0.861258,22.075497,6.829177,-4.64408,8.25864,FAIL
S00548,L0027,T01,548,0.160007,-0.331441,3.0,1.0,22.003298,-0.76224,-4.199418,4.268035,PASS
S00343,L0017,T01,343,-0.524034,0.764395,2.0,0.854976,20.202879,6.690863,2.272847,7.066363,PASS
S00766,L0038,T02,766,-0.098883,-0.952221,3.0,0.845929,21.559862,0.232071,-6.887318,6.891227,PASS
S00545,L0027,T01,545,-0.477923,0.695814,3.0,0.873194,22.050028,4.059983,-1.487058,4.323749,PASS
S00031,L0001,T01,31,-0.864109,0.603304,4.0,1.0,23.456297,2.309438,2.069144,3.100784,FAIL
S00027,L0001,T01,27,0.783426,-0.706662,4.0,0.8351,23.264298,0.401283,-7.263792,7.274868,PASS
S00575,L0028,T01,575,0.282057,-0.312706,4.0,0.868517,21.359683,4.024095,-3.999865,-13.815475,PASS
S00132,L0006,T02,132,0.487326,0.885882,2.0,0.923764,22.033604,11.00194,-2.188045,11.217407,FAIL
S00421,L0021,T03,421,0.044545,0.175377,4.0,1.0,21.40222,2.914994,-1.121094,3.123146,PASS
S00163,L0008,T03,163,-0.233274,-0.976522,4.0,0.788007,21.779928,-2.731795,-1.035334,2.921408,PASS
S00161,L0008,T03,161,0.865879,0.074704,1.0,0.985749,22.447518,4.840729,-4.897801,6.886299,PASS
S00006,L0000,T02,6,0.61863,-0.128834,1.0,1.0,20.66902,4.272158,-3.585385,5.577304,PASS
S00506,L0025,T03,506,0.965291,-0.327984,2.0,0.935983,22.137183,1.129245,-7.305221,7.391986,PASS
S00780,L0039,T04,780,0.990873,-0.327722,3.0,0.94883,22.597188,5.738672,-7.931665,9.789978,FAIL
S00198,L0009,T02,198,0.64392,-0.343278,2.0,0.833802,20.73888,2.579397,-5.379911,5.9663,PASS
S00146,L0007,T01,146,-0.788865,-0.34112,2.0,0.916444,21.955321,-1.237141,1.716999,2.116271,PASS
S00038,L0001,T01,38,0.664483,0.772475,3.0,0.70748,22.93074,7.671866,-4.174455,8.734048,FAIL
S00156,L0007,T01,156,0.613053,0.754749,3.0,0.761444,21.011286,8.791849,-4.742736,9.989502,FAIL
S00695,L0034,T02,695,0.442068,-0.958074,4.0,0.726899,22.815289,1.872887,-8.358943,8.566191,FAIL
S00607,L0030,T02,607,0.388423,0.871898,1.0,0.649769,21.590707,8.269023,-2.302431,8.583585,FAIL
S00615,L0030,T01,615,-0.420678,-0.540496,4.0,0.901324,21.069173,-1.918884,-2.419261,3.08787,PASS
S00492,L0024,T02,492,-0.388101,-0.521243,3.0,0.743662,22.27327,0.50981,-1.916773,1.983412,PASS
S00672,L0033,T01,672,0.343504,-0.177205,4.0,0.80709,21.882198,2.686955,-2.753519,3.847284,PASS
S00681,L0034,T01,681,0.725704,-0.132427,1.0,0.90038,21.492579,3.243468,-5.413448,6.310746,PASS
S00388,L0019,T04,388,-0.605086,-0.460098,3.0,0.914,22.039484,1.172542,-1.409862,1.83373,PASS
S00777,L0038,T01,777,-0.00798,-0.712338,2.0,0.8832,21.753585,-0.012431,-3.399038,3.399061,PASS
S00015,L0000,T02,15,0.674094,-0.766618,2.0,0.731473,21.83159,-0.468905,-5.787706,5.80667,PASS
S00086,L0004,T02,86,0.618555,0.788862,3.0,0.685001,21.529334,7.255321,-2.765125,7.76438,PASS
S00709,L0035,T01,709,0.778294,-0.152057,4.0,0.685098,22.36,2.023203,-6.736237,7.033509,PASS
S00360,L0018,T01,360,0.83533,-0.166484,2.0,0.834955,22.248245,4.949401,-6.863696,8.462085,FAIL
S00387,L0019,T04,387,-0.652951,0.636805,3.0,0.732708,22.103654,8.506001,2.373347,8.830902,FAIL
S00376,L0018,T01,376,-0.645912,0.731035,2.0,0.811073,21.494643,4.702929,3.513297,5.870332,PASS
S00083,L0004,T04,83,-0.212525,0.927372,2.0,0.827117,23.033373,7.182992,1.483951,7.334676,PASS
S00168,L0008,T02,168,0.378654,-0.513004,1.0,0.974544,21.662361,22.16327,-4.978013,5.355196,PASS
S00002,L0000,T01,2,-0.483444,-0.3106,1.0,1.0,22.263953,-0.755145,1.345275,1.542728,PASS
S00748,L0037,T01,748,-0.533532,0.880921,4.0,0.870475,20.768207,6.350487,2.117164,6.694107,PASS
S00052,L0002,T02,52,0.728454,-0.000576,1.0,0.863627,20.013231,4.7072,-3.87569,6.097434,PASS
S00050,L0002,T03,50,0.567372,0.818303,1.0,0.950753,21.45471,4.63184,-3.940507,6.081244,PASS
S00207,L0010,T01,207,0.942329,0.209819,4.0,0.90079,21.988309,7.384188,-5.808232,9.394774,FAIL
S00172,L0008,T01,172,-0.03997,-0.65433,4.0,1.0,21.73507,-0.12145,-1.501752,1.506655,PASS
S00489,L0024,T02,489,-0.528189,-0.637113,4.0,0.821281,24.199262,0.389054,-0.5618,0.683361,PASS
S00188,L0009,T03,188,-0.838329,-0.970296,2.0,0.984855,22.23519,-3.300793,0.503279,3.338941,PASS
S00796,L0039,T02,796,0.298758,-0.321683,3.0,0.947944,21.293525,4.704647,-4.403312,6.443823,PASS
S00327,L0016,T02,327,0.11551,0.748675,2.0,0.926057,22.856093,8.22149,1.545175,8.365432,FAIL
S00422,L0021,T01,422,-0.196955,-0.245001,2.0,0.844848,22.341035,-0.113909,-0.744397,0.753062,PASS
S00568,L0028,T02,568,0.811962,-0.640718,1.0,1.0,21.450182,2.076141,-8.865602,9.105452,FAIL
S00090,L0004,T02,90,-0.764158,-0.917172,1.0,0.951232,22.302808,-4.019049,2.111331,4.539876,PASS
S00603,L0030,T01,603,-0.701548,0.546353,1.0,0.539952,21.141162,6.074967,2.748499,6.667793,PASS
S00705,L0035,T01,705,0.978147,0.584334,2.0,0.811067,22.310306,8.654345,-5.824828,10.431985,FAIL
S00481,L0024,T01,481,0.749441,-0.382978,4.0,0.878359,22.583073,2.60838,-7.931993,8.34986,FAIL
S00062,L0003,T02,62,-0.530787,-0.538371,3.0,0.967821,21.982312,-0.138669,-0.465615,0.485825,PASS
S00382,L0019,T02,382,-0.250991,0.195714,2.0,0.992156,21.59534,4.100484,0.89406,4.196822,PASS
S00742,L0037,T01,742,-0.28928,0.314221,4.0,0.986191,22.908727,3.544008,0.29071,3.555911,PASS
S00383,L0019,T01,383,-0.578984,0.035226,1.0,0.848485,23.04019,4.456624,-0.420867,4.476452,PASS
S00542,L0027,T03,542,-0.279699,0.513511,2.0,0.819872,23.456698,2.162272,0.921792,2.350557,PASS
S00651,L0032,T01,651,-0.57347,-0.154854,2.0,0.868306,21.342317,2.293099,0.579034,2.365075,PASS
S00684,L0034,T01,684,-0.565624,0.989916,3.0,0.867492,22.207213,7.232443,2.651587,7.703191,PASS
S00736,L0036,T01,736,0.091449,0.990791,1.0,0.980627,21.311524,6.136814,-0.77831,6.185973,PASS
S00140,L0007,T02,140,-0.272806,-0.248745,4.0,0.910765,21.908325,1.115619,0.528217,1.23435,PASS
S00473,L0023,T02,473,0.55722,-0.100798,2.0,1.0,22.118752,4.483862,-4.800055,6.568527,PASS
S00195,L0009,T01,195,-0.123868,-0.757025,1.0,0.902863,21.559206,-1.911447,-0.905848,2.115228,PASS
S00417,L0020,T04,417,-0.343242,0.887168,3.0,1.0,21.693167,10.626934,1.727603,10.766445,FAIL
S00190,L0009,T02,190,-0.385556,0.408358,4.0,0.74342,22.352992,6.531997,0.02838,6.532058,PASS
S00625,L0031,T01,625,0.093559,-0.807007,3.0,0.826601,22.188421,-1.114334,-4.092462,4.24146,PASS
S00093,L0004,T04,93,-0.784615,0.93811,3.0,0.692078,22.3128,8.182694,3.567297,8.926483,FAIL
S00167,L0008,T01,167,0.707599,-0.498994,3.0,0.864224,22.331565,0.536163,-6.206141,6.229258,PASS
S00130,L0006,T01,130,-0.875879,0.834823,4.0,0.588363,22.030427,6.12531,2.424157,6.587561,PASS
S00337,L0016,T02,337,0.898324,0.6785,3.0,0.867453,21.197281,9.127166,-4.702315,10.267275,FAIL
S00459,L0022,T01,459,-0.601355,-0.914752,3.0,0.949496,20.02066,-5.412024,-0.482242,5.433467,PASS
S00218,L0010,T01,218,-0.127759,-0.58025,3.0,1.0,23.271699,0.327236,0.339586,0.471595,PASS
S00209,L0010,T01,209,0.780921,-0.529765,2.0,0.838287,21.647206,1.605906,-4.341271,4.628777,PASS
S00711,L0035,T01,711,-0.937032,0.267928,1.0,0.824781,22.031359,2.872328,2.182519,3.607445,PASS
S00671,L0033,T01,671,-0.044667,0.387853,3.0,0.80718,20.845416,5.822389,-1.018808,5.910853,PASS
S00461,L0023,T02,461,-0.384534,-0.897738,1.0,0.763515,21.806328,-2.436989,-2.768401,3.688219,PASS
S00211,L0010,T01,211,-0.631473,0.133816,1.0,0.863476,21.623671,3.885947,-1.257348,4.208722,PASS
S00675,L0033,T01,675,-0.461961,0.731984,3.0,1.0,22.027307,5.09646,0.490166,5.119977,PASS
S00624,L0031,T01,624,0.35865,0.053118,3.0,0.793284,21.704336,6.460355,-3.941734,7.567923,PASS
S00400,L0020,T01,400,0.235652,0.186131,3.0,0.76785,20.913353,5.544401,-2.033832,5.905663,PASS
S00229,L0011,T02,229,0.775421,-0.997428,1.0,0.812771,21.098197,-0.423823,-6.830318,6.843454,PASS
S00449,L0022,T01,449,-0.070492,-0.304912,2.0,0.768175,22.203067,0.569648,-3.285121,3.334145,PASS
S00258,L0012,T01,258,0.82314,0.236665,2.0,0.945637,21.965006,5.062701,-5.427712,7.422331,PASS
S00791,L0039,T01,791,-0.446878,0.055233,3.0,0.82836,21.640297,2.188678,1.546196,2.679745,PASS
S00247,L0012,T02,247,-0.630447,-0.623847,1.0,0.888076,21.835343,-0.676487,0.105347,0.68464,PASS
S00134,L0006,T03,134,-0.636635,0.814597,1.0,0.897171,21.182488,6.015763,2.649026,6.573183,PASS
S00416,L0020,T02,416,0.071802,-0.192472,2.0,0.699701,22.828194,1.939543,-3.001907,3.573972,PASS
S00555,L0027,T01,555,-0.3353,-0.490451,1.0,0.785662,21.669965,0.006676,-0.151807,0.151954,PASS
S00275,L0013,T02,275,-0.066519,0.630888,1.0,0.832763,22.75133,8.837932,-0.61019,8.858971,FAIL
S00087,L0004,T01,87,0.50637,-0.115065,2.0,0.905727,22.006979,2.760833,-3.47443,4.437777,PASS
S00757,L0037,T04,757,-0.028575,0.079295,4.0,0.818479,22.51748,6.037982,-1.072715,6.132531,PASS
S00214,L0010,T01,214,-0.075422,0.252796,4.0,0.860492,23.229403,5.004487,0.725561,5.056811,PASS
S00415,L0020,T03,415,-0.399322,0.41453,2.0,0.8692869999999999,22.717986,2.935242,-0.821393,3.048004,PASS
S00194,L0009,T02,194,0.709537,0.024328,2.0,0.717314,20.408122,4.513596,-5.664893,7.243174,PASS
S00776,L0038,T04,776,-0.835019,-0.364848,2.0,0.797487,21.518412,1.692449,-0.223891,1.707194,PASS
S00543,L0027,T01,543,0.477341,-0.066265,1.0,0.769189,21.568657,5.619108,-4.308531,7.080806,PASS
S00124,L0006,T01,124,0.062088,0.365728,2.0,0.881943,21.647001,3.087876,-1.767855,3.55813,PASS
S00660,L0033,T03,660,-0.600776,-0.590238,1.0,0.900794,22.260559,-2.315723,-1.256491,2.634643,PASS
S00693,L0034,T01,693,-0.430784,-0.015275,2.0,0.958441,22.089311,2.39908,-1.205005,2.684702,PASS
S00021,L0001,T03,21,-0.831156,-0.095642,3.0,0.69742,22.083351,-1.465328,-0.307404,1.497226,PASS
S00044,L0002,T01,44,-0.522159,0.251788,3.0,0.948821,23.082991,3.923571,2.496301,4.650369,PASS
S00771,L0038,T02,771,-0.418453,-0.903233,1.0,0.979631,21.641343000000006,1.031668,-2.728596,2.917117,PASS
S00205,L0010,T01,205,0.481343,-0.933672,4.0,0.700714,22.192266,-3.056178,-6.736412,7.397261,PASS
S00799,L0039,T04,799,0.195655,0.862252,2.0,0.932374,21.750261,9.512843,-4.049726,10.338978,FAIL
S00187,L0009,T01,187,0.028362,-0.91011,3.0,0.836346,21.827443,-1.239195,-3.000876,3.246669,PASS
S00554,L0027,T03,554,0.714001,0.308526,4.0,0.80808,22.178457,6.102388,-2.977673,6.790116,PASS
S00245,L0012,T01,245,-0.741901,0.173873,3.0,0.928828,22.374111,1.479672,0.906666,1.735359,PASS
S00109,L0005,T01,109,-0.725317,0.546287,4.0,0.743506,23.308803,3.728539,4.626735,5.94211,PASS
S00679,L0033,T01,679,0.906805,-0.620889,1.0,0.600713,21.926438,2.565285,-7.575521,7.998075,PASS
S00104,L0005,T02,104,-0.238332,-0.951336,2.0,0.728223,20.913127,-0.851315,-1.746588,1.943015,PASS
S00730,L0036,T01,730,0.646023,0.785814,3.0,0.761717,21.519547,9.573857,-2.905437,10.005014,FAIL
S00117,L0005,T02,117,0.992209,0.210174,4.0,0.8012,23.01046,7.285628,-7.43575,10.410127,FAIL
S00177,L0008,T02,177,-0.958427,0.038658,4.0,1.0,21.668129,1.644984,3.521397,3.886671,PASS
S00049,L0002,T01,49,0.378965,0.138941,3.0,0.918284,23.969589,7.662572,-5.847289,9.638766,FAIL
S00613,L0030,T04,613,0.424949,-0.640014,4.0,0.806471,22.897196,3.408048,-12.485706,5.36417,PASS
S00213,L0010,T02,213,0.388648,-0.80982,2.0,0.894144,24.381399,0.373817,-4.240421,4.256866,PASS
S00500,L0025,T01,500,-0.992831,0.988419,4.0,0.837953,21.908737,6.286532,4.780382,7.897629,PASS
S00581,L0029,T01,581,0.544382,-0.946328,1.0,1.0,22.07256,-0.517187,-5.478232,5.502591,PASS
S00008,L0000,T01,8,0.373998,-0.416875,3.0,0.780893,21.614202,-0.734091,-5.864922,5.910685,PASS
S00312,L0015,T02,312,0.717322,0.988102,1.0,0.8922,22.16228,11.496419,-4.792707,12.455428,FAIL
S00784,L0039,T03,784,0.828621,-0.492353,4.0,0.752937,22.012000999999998,3.842666,-6.423138,7.484837,PASS
S00173,L0008,T01,173,0.267517,0.421348,4.0,0.815566,22.414557,3.94773,-2.480231,4.6622,PASS
S00236,L0011,T01,236,-0.135949,-0.128424,3.0,0.823268,22.006979,13.393565,-1.612607,2.906732,PASS
S00082,L0004,T04,82,0.140875,-0.760269,1.0,0.875452,21.790871,1.426083,-3.580467,3.854019,PASS
S00702,L0035,T01,702,0.381575,0.743549,3.0,0.965883,20.001791,9.909508,-3.443292,10.490692,FAIL
S00594,L0029,T01,594,0.302084,0.513478,1.0,0.834316,20.097811,3.167592,-2.060383,3.778732,PASS
S00436,L0021,T02,436,0.935792,0.112008,2.0,0.862643,22.373767,8.625179,-6.245057,10.648683,FAIL
S00646,L0032,T01,646,0.440696,-0.521804,4.0,0.901286,22.392786,2.300609,-8.436886,8.744932,FAIL
S00276,L0013,T01,276,-0.728942,0.894548,2.0,0.879382,22.741166,6.405659,4.393325,7.767482,PASS
S00410,L0020,T01,410,0.543893,0.155607,1.0,0.774773,21.919753,5.343956,-3.551445,6.416434,PASS
S00110,L0005,T01,110,-0.74701,-0.913891,1.0,0.901142,22.589415,-4.201271,1.492482,4.458495,PASS
S00097,L0004,T01,97,-0.529974,0.961126,1.0,0.878017,21.796102,6.906427,1.77294,7.130361,PASS
S00125,L0006,T02,125,-0.047952,0.828357,4.0,0.883314,20.131826,7.284449,-0.057334,7.284674,PASS
S00689,L0034,T04,689,0.56816,0.981401,1.0,0.751038,21.240251,13.062288,-3.482723,13.518607,FAIL
S00330,L0016,T01,330,-0.62574,0.125316,3.0,0.902571,22.482954,1.271908,0.588662,1.401525,PASS
S00250,L0012,T02,250,-0.182808,-0.153233,1.0,0.930711,22.724841,2.652494,-0.959449,2.820686,PASS
S00739,L0036,T01,739,-0.683482,-0.14533,1.0,0.948497,22.383721,0.217857,0.336719,0.40105,PASS
S00321,L0016,T01,321,0.83144,0.338059,1.0,0.864105,22.96349,6.260105,-4.197816,7.537279,PASS
S00794,L0039,T01,794,0.462619,0.650513,1.0,0.769211,22.006979,9.15584,-4.06783,10.018815,FAIL
S00133,L0006,T01,133,0.904248,-0.717545,1.0,0.920146,21.988602,1.263688,-8.759226,8.849912,FAIL
S00268,L0013,T02,268,0.898109,0.272863,1.0,0.739926,22.937829,6.17398,-5.78045,8.457638,FAIL
S00501,L0025,T02,501,0.205313,0.384856,3.0,0.789759,22.062543,5.378627,-3.280865,6.300294,PASS
S00569,L0028,T02,569,-0.531049,-0.370369,3.0,0.833499,21.280605,3.115538,-0.006526,3.115545,PASS
S00232,L0011,T02,232,0.62567,-0.9674,3.0,1.0,22.271258,0.130752,-5.236564,5.238196,PASS
S00407,L0020,T01,407,-0.114491,0.113995,4.0,0.772052,21.675131,4.047025,-0.413331,4.068078,PASS
S00329,L0016,T01,329,-0.670841,-0.480036,4.0,0.974866,22.003528,-1.485528,1.548245,2.14566,PASS
S00786,L0039,T02,786,0.626822,0.028401,2.0,0.839164,22.002971,4.319014,-4.954285,6.572582,PASS
S00706,L0035,T02,706,0.47327,-0.859282,1.0,0.807864,21.667883,0.406387,-6.044105,6.057752,PASS
S00552,L0027,T01,552,-0.286702,-0.383509,4.0,0.862378,22.318418,0.092431,-1.568295,1.571016,PASS
S00398,L0019,T01,398,0.715619,-0.636871,2.0,1.0,21.54656,-0.204361,-6.830758,6.833815,PASS
S00754,L0037,T01,754,-0.540648,0.67363,1.0,0.768908,21.012778,4.679556,1.108539,4.809064,PASS
S00063,L0003,T01,63,0.177668,-0.049351,4.0,0.723272,22.6249,0.333443,-0.401342,0.521785,PASS
S00287,L0014,T02,287,0.728567,-0.967762,3.0,0.980478,21.837456,0.216069,-6.660297,6.663801,PASS
S00447,L0022,T04,447,-0.44798,0.964241,3.0,0.848933,21.121429,8.214928,-0.037133,8.215012,FAIL
S00279,L0013,T03,279,-0.617248,0.720587,3.0,0.80918,20.789841,5.40045,2.347834,5.888733,PASS
S00048,L0002,T01,48,0.487914,-0.001104,2.0,0.814427,22.00529,4.371561,-3.549992,5.631428,PASS
S00657,L0032,T02,657,0.176756,-0.472841,2.0,0.674072,21.411082,2.02734,-2.229904,3.013732,PASS
S00307,L0015,T01,307,0.161362,-0.496368,2.0,0.87746,22.224503,0.963538,-3.032433,3.181832,PASS
S00798,L0039,T01,798,-0.954509,0.30737,3.0,0.756172,22.430684,3.213699,3.478827,4.736042,PASS
S00277,L0013,T04,277,0.956715,0.674841,3.0,0.901859,21.904277,10.541233,-4.384855,11.416853,FAIL
S00435,L0021,T02,435,0.256973,-0.881283,1.0,0.756067,21.172418,-0.145267,-4.051107,4.05371,PASS
S00725,L0036,T03,725,0.613926,-0.708554,3.0,0.975924,23.050372,0.362482,-5.2792,5.29163,PASS
S00773,L0038,T01,773,0.854413,0.218419,1.0,0.925819,21.622802,7.870931,-5.935632,9.858158,FAIL
S00057,L0002,T01,57,0.730787,0.63572,1.0,1.0,22.047024,8.179635,-5.633954,9.932164,FAIL
S00775,L0038,T02,775,-0.483704,0.10033,4.0,1.0,22.531986,6.173903,0.013427,6.173917,PASS
S00106,L0005,T01,106,0.088505,-0.67538,4.0,0.927149,21.275582,-0.573734,-3.039734,3.093404,PASS
S00100,L0005,T02,100,0.403926,0.412937,2.0,1.0,22.368724,6.791542,-0.865257,6.846438,PASS
S00043,L0002,T01,43,-0.445365,0.532897,3.0,0.817014,22.800645,1.342449,0.60575,1.472788,PASS
S00642,L0032,T02,642,0.515555,0.658573,1.0,0.801185,22.509819,8.874227,-4.290611,9.85704,FAIL
S00448,L0022,T01,448,0.835108,0.703094,1.0,0.87431,21.355194,8.517635,-2.126877,8.779164,FAIL
S00023,L0001,T01,23,-0.495944,0.664574,1.0,0.880813,21.902478,3.936503,1.73452,4.3017,PASS
S00751,L0037,T04,751,0.376239,0.92178,1.0,0.721036,20.739714,11.672632,-3.106927,12.079045,FAIL
S00007,L0000,T02,7,0.610383,0.735167,4.0,0.817268,22.339793,11.147872,-4.38262,11.978414,FAIL
S00505,L0025,T01,505,-0.596889,0.228927,2.0,0.864105,22.811872,4.386515,-0.317996,4.398027,PASS
S00203,L0010,T03,203,0.257339,0.89989,2.0,0.837122,21.613794,7.778165,-0.861501,7.825729,PASS
S00065,L0003,T01,65,0.362166,0.66886,2.0,0.789218,22.772997,5.2602,-3.501923,6.31927,PASS
S00549,L0027,T01,549,0.086551,0.940963,2.0,0.821721,23.341428,7.844959,-0.231723,7.848381,PASS
S00201,L0010,T03,201,-0.674484,-0.036023,2.0,0.867544,22.945139,0.685693,0.852428,1.093988,PASS
S00699,L0034,T02,699,-0.768735,-0.289978,3.0,0.978586,22.263996,0.721844,1.649321,1.800366,PASS
S00184,L0009,T02,184,0.991208,0.793765,4.0,0.84865,22.415377,11.493202,-6.197708,13.057767,FAIL
S00032,L0001,T03,32,0.20021,0.852492,1.0,0.632855,22.023994,5.329717,-2.684888,5.96779,PASS
S00060,L0003,T02,60,-0.323237,0.807025,4.0,1.0,23.194801,7.801836,1.458013,7.936904,PASS
S00519,L0025,T02,519,0.112834,0.828699,3.0,0.855769,21.698373,7.880571,-0.507114,7.896871,PASS
S00266,L0013,T01,266,-0.695616,-0.913161,3.0,0.59723,21.389264,-3.285366,0.682418,3.355491,PASS
S00406,L0020,T01,406,0.239144,-0.780782,4.0,0.870129,23.205755,-1.361387,-5.046753,5.227149,PASS
S00504,L0025,T01,504,-0.472729,-0.231878,1.0,0.771038,23.011385,1.331199,-2.171676,2.547208,PASS
S00588,L0029,T01,588,-0.358824,-0.772627,3.0,0.800343,22.013552,-1.502129,-2.706726,3.095603,PASS
S00228,L0011,T01,228,0.574865,0.382242,3.0,0.882969,22.529995,6.702411,-4.036636,7.824113,PASS
S00356,L0017,T01,356,0.4866,0.367159,1.0,0.780992,23.375626,7.691309,-4.637244,8.981107,FAIL
S00182,L0009,T01,182,-0.854398,0.117267,1.0,0.930785,22.87353,-0.458591,2.630977,2.670645,PASS
S00061,L0003,T01,61,-0.854496,0.53882,2.0,0.862073,23.143097,3.013441,3.036214,4.277782,PASS
S00611,L0030,T02,611,0.987684,-0.607184,1.0,0.852311,21.020205,0.758995,-9.877991,9.907107,FAIL
S00281,L0014,T04,281,-0.19034,-0.829537,1.0,0.831096,21.300671,1.034876,-3.247412,3.408321,PASS
S00641,L0032,T04,641,0.934954,-0.188589,3.0,0.906253,23.363884,6.450972,-7.438277,9.845964,FAIL
S00516,L0025,T01,516,-0.24507,0.500968,4.0,0.908401,22.04434,4.711709,-2.020965,5.126841,PASS
S00394,L0019,T02,394,0.786771,-0.042923,1.0,0.807104,22.625964,6.736363,-4.792782,8.267366,FAIL
S00414,L0020,T02,414,0.096032,-0.396336,2.0,0.995125,21.494194,0.701377,-0.943121,1.175333,PASS
S00077,L0003,T01,77,-0.706342,-0.843614,2.0,1.0,21.370375,-2.825678,0.75091,2.923751,PASS
S00145,L0007,T01,145,-0.287492,-0.600718,3.0,0.771971,21.448337,-0.992496,-1.454758,1.76107,PASS
S00363,L0018,T01,363,-0.953806,-0.07977,4.0,0.738954,22.846468,-0.257545,-0.125908,0.286674,PASS
S00497,L0024,T04,497,0.523456,-0.169212,2.0,0.811946,22.666115,5.556208,-5.614455,7.898959,PASS
S00524,L0026,T01,524,-0.592176,0.371945,3.0,0.908241,22.64142,3.779654,-0.325952,3.793683,PASS
S00138,L0006,T01,138,0.322991,0.920957,1.0,0.813036,21.922168,9.034808,-2.266088,9.314661,FAIL
S00732,L0036,T01,732,0.955764,-0.362094,2.0,0.736388,20.93383,3.735177,-8.282154,9.085462,FAIL
S00664,L0033,T02,664,0.906658,-0.882944,1.0,0.731032,21.980656,2.377704,-8.364946,8.69631,FAIL
S00498,L0024,T01,498,-0.42508,0.822598,3.0,0.774199,20.875976,7.664757,1.901241,7.897038,PASS
S00546,L0027,T01,546,-0.075988,-0.7709,1.0,0.853274,23.228856,-2.30492,-6.164478,6.581295,PASS
S00574,L0028,T01,574,-0.460846,0.218823,1.0,0.726597,22.739156,4.868571,0.492513,4.893419,PASS
S00508,L0025,T03,508,-0.228441,-0.231339,2.0,0.849853,22.442421,0.524685,-1.721347,1.799536,PASS
S00034,L0001,T02,34,-0.793621,0.603645,3.0,0.961857,21.389762,6.049859,2.625581,6.595033,PASS
S00159,L0007,T02,159,-0.154337,0.438715,2.0,1.0,22.3526,6.138604,-1.170466,6.249196,PASS
S00302,L0015,T01,302,0.7726,0.982597,1.0,0.946586,23.500118,10.09515,-4.392976,9.813862,FAIL
S00653,L0032,T01,653,-0.85439,0.488303,1.0,0.989018,22.188416,2.890084,3.558529,4.58429,PASS
S00278,L0013,T01,278,0.572809,-0.958944,2.0,0.957652,21.989366,-0.593774,-8.117689,8.139376,FAIL
S00020,L0001,T04,20,-0.534049,0.482073,2.0,0.987883,21.10612,3.176439,1.003798,3.331272,PASS
S00339,L0016,T03,339,-0.94905,-0.577249,2.0,0.780643,20.869327,-3.572418,2.889431,4.594669,PASS
S00224,L0011,T02,224,0.171353,-0.698495,3.0,0.938801,22.482363,0.449029,-3.382029,3.411707,PASS
S00127,L0006,T01,127,-0.564141,-0.848814,1.0,0.792828,21.200174,-2.847441,-3.167506,4.259227,PASS
S00626,L0031,T02,626,0.851217,-0.390867,1.0,0.783269,22.387937,5.627816,-3.858443,6.823481,PASS
S00126,L0006,T03,126,0.887737,-0.970114,3.0,0.874536,22.264084,-1.247551,-8.350632,8.443307,FAIL
S00418,L0020,T01,418,-0.418722,-0.018927,3.0,0.97837,21.048991,1.016855,2.29331,2.508638,PASS
S00496,L0024,T02,496,-0.642012,-0.977534,1.0,0.873793,22.757803,-3.162662,0.940605,3.299571,PASS
S00291,L0014,T01,291,0.298128,0.182443,3.0,0.87647,23.454916,4.643113,-4.92658,6.769763,PASS
S00559,L0027,T03,559,-0.575903,0.570929,3.0,0.779212,22.447041,3.920598,1.667826,4.260602,PASS
S00514,L0025,T03,514,-0.109835,0.322253,4.0,0.954441,21.458756,3.377594,-0.083255,3.37862,PASS
S00471,L0023,T01,471,-0.874776,0.406537,1.0,0.856608,22.483749,3.131364,2.151405,3.799208,PASS
S00071,L0003,T01,71,-0.762069,-0.169446,1.0,0.864467,21.514419,0.166642,2.912586,2.91735,PASS
S00650,L0032,T02,650,0.416671,0.645926,2.0,0.684386,22.115845,9.654104,-2.514554,9.976207,FAIL
S00443,L0022,T04,443,-0.978662,0.006794,1.0,0.825827,20.794761,1.923496,3.027317,3.586709,PASS
S00298,L0014,T01,298,-0.813022,-0.794902,3.0,0.816748,22.994452,-4.91035,2.142887,5.357565,PASS
S00053,L0002,T03,53,0.080169,-0.363727,1.0,0.870736,22.355877,-0.052977,-3.314022,3.314445,PASS
S00793,L0039,T02,793,0.000411,0.729439,2.0,0.917462,21.320629,7.096985,-0.339109,7.105082,PASS
S00637,L0031,T03,637,0.096064,-0.50839,1.0,1.0,21.495721,-1.481963,-1.723022,2.272668,PASS
S00235,L0011,T03,235,0.378036,0.974399,3.0,0.93108,22.214811,9.74341,-0.821635,9.777991,FAIL
S00713,L0035,T01,713,-0.529369,0.956851,1.0,0.857008,22.234081,6.420269,2.038928,6.736252,PASS
S00098,L0004,T03,98,-0.824647,0.953243,1.0,0.890774,21.651424,4.631878,2.735696,5.379435,PASS
S00120,L0006,T01,120,-0.853125,0.01562,3.0,1.0,22.090533,2.088222,1.232742,2.424937,PASS
S00115,L0005,T01,115,0.251191,-0.113751,2.0,0.902907,22.109016,6.544001,-3.116922,7.248389,PASS
S00210,L0010,T01,210,-0.422822,0.405734,3.0,0.757949,22.182754,3.088033,-0.330529,3.105672,PASS
S00661,L0033,T01,661,0.744137,-0.736676,4.0,0.893469,22.145951,-0.265418,-6.989037,6.994075,PASS
S00755,L0037,T01,755,0.619664,-0.263775,4.0,0.809079,22.937742,3.869895,-4.433541,5.884927,PASS
S00009,L0000,T01,9,0.57232,0.236435,4.0,0.881705,22.495293,3.031899,-3.942746,4.973696,PASS
S00030,L0001,T03,30,-0.143074,0.454143,2.0,0.993333,21.937464,5.217681,0.062376,5.218054,PASS
S00510,L0025,T02,510,-0.942484,-0.131099,4.0,0.949824,21.233539,-0.259469,1.634098,1.654569,PASS
S00362,L0018,T03,362,0.014373,0.029547,1.0,0.980426,22.012000999999998,4.046381,-0.815999,4.127838,PASS
S00051,L0002,T04,51,0.657456,-0.176649,2.0,0.848426,22.719757,3.903279,-5.268277,6.556701,PASS
S00233,L0011,T01,233,-0.944029,-0.610542,4.0,0.996595,22.092545,-4.734657,0.794008,4.800773,PASS
S00035,L0001,T02,35,0.116851,0.694724,2.0,0.953563,23.950044,7.444229,-0.939245,7.503248,PASS
S00221,L0011,T01,221,0.035089,-0.955682,2.0,0.822069,22.48904,-3.152928,-2.982259,4.339911,PASS
S00427,L0021,T03,427,-0.996431,-0.347178,4.0,0.799858,22.157835,-2.514349,-0.697764,2.609373,PASS
S00756,L0037,T02,756,0.564583,-0.777954,2.0,0.674224,21.789763,0.994748,-5.069395,5.166071,PASS
S00165,L0008,T03,165,0.600089,-0.79738,1.0,1.0,21.501425,-0.259902,-4.87877,4.885688,PASS
S00423,L0021,T03,423,0.999269,0.398531,4.0,0.813384,21.727792,7.231158,-4.157983,8.341371,FAIL
S00576,L0028,T03,576,-0.692247,0.858472,4.0,0.80725,21.68153,5.565166,3.835925,6.759097,PASS
S00425,L0021,T03,425,0.648498,0.72881,2.0,0.842514,22.497267,6.467791,-3.971927,7.590028,PASS
S00318,L0015,T01,318,-0.415861,-0.953971,4.0,0.856792,21.873322,-4.569699,-1.64422,4.856502,PASS
S00293,L0014,T01,293,-0.330177,-0.15711,4.0,0.957815,20.951633,1.524722,-0.753415,1.70071,PASS
S00453,L0022,T01,453,-0.554092,-0.766578,1.0,0.881334,23.425959,-1.890799,0.771186,2.042021,PASS
S00136,L0006,T01,136,0.660467,-0.426235,4.0,0.721402,23.059208,1.389736,-6.390957,6.540314,PASS
S00795,L0039,T01,795,-0.127508,-0.550041,1.0,0.91519,20.966018,0.361621,-3.27402,3.293931,PASS
S00208,L0010,T03,208,0.80578,0.330607,1.0,0.967784,23.026848,7.011868,-4.325954,8.238943,FAIL
S00017,L0000,T01,17,0.940029,-0.758066,3.0,0.870582,20.545954,0.38859,-6.207162,6.219313,PASS
S00426,L0021,T02,426,0.52432,0.565342,2.0,0.883443,22.245817,6.463066,-5.244532,8.323241,FAIL
S00295,L0014,T02,295,0.689717,0.426232,4.0,7.77189,22.633916,8.540237,-5.821285,10.335522,FAIL
S00283,L0014,T01,283,0.431332,-0.756581,3.0,0.983089,21.616207,-0.94532,-5.660023,5.738422,PASS
S00692,L0034,T01,692,-0.546507,-0.045576,1.0,0.897921,22.270607,2.829638,-1.521874,3.212935,PASS
S00602,L0030,T03,602,-0.171835,0.491746,2.0,0.883524,21.52191,4.834514,-1.148038,4.968955,PASS
S00627,L0031,T01,627,-0.010217,0.037007,1.0,0.884297,21.090314,5.768282,-2.808926,6.415851,PASS
S00655,L0032,T01,655,0.060026,-0.619428,3.0,1.0,22.161348,0.43,-3.217692,3.246296,PASS
S00286,L0014,T01,286,-0.238379,0.349794,2.0,0.720587,22.950852,5.944507,-1.116224,6.048398,PASS
S00521,L0026,T01,521,-0.848832,-0.287172,2.0,0.826825,22.122555,0.189951,-0.189379,0.268227,PASS
S00413,L0020,T02,413,-0.654189,-0.326653,1.0,0.995823,21.156468,1.894851,1.529395,2.435058,PASS
S00393,L0019,T01,393,0.285189,-0.039407,3.0,0.905067,21.547985,2.35782,-4.245272,4.856094,PASS
S00244,L0012,T01,244,-0.226175,0.401124,4.0,0.875806,23.966749,4.470268,-0.629528,4.514377,PASS
S00149,L0007,T04,149,0.403971,0.973336,1.0,0.898837,22.620879,10.552502,-2.702499,10.893062,FAIL
S00648,L0032,T01,648,0.706974,0.330192,2.0,0.767431,23.437819,7.648051,-3.909404,8.589303,FAIL
S00304,L0015,T01,304,0.794227,0.549076,3.0,0.810387,22.471872,7.854273,-3.742003,8.700126,FAIL
S00263,L0013,T02,263,-0.586248,-0.889759,3.0,0.792487,22.129622,-0.365923,-0.828154,0.905394,PASS
S00354,L0017,T01,354,0.831249,0.527311,4.0,0.867158,21.919815,7.27873,-2.525639,7.704464,PASS
S00018,L0000,T03,18,-0.65163,-0.116138,3.0,0.779564,21.457605,0.173096,1.907576,1.915413,PASS
S00139,L0006,T01,139,0.23087,-0.969053,4.0,0.694053,22.429971,-2.675883,-4.459442,5.20067,PASS
S00064,L0003,T01,64,-0.83107,0.909626,2.0,0.973349,20.992717,3.081985,3.675323,4.796523,PASS
S00763,L0038,T01,763,-0.111219,-0.420263,3.0,0.760157,21.852384,1.820475,-2.628924,3.197714,PASS
S00026,L0001,T02,26,-0.003143,0.575948,3.0,0.905712,21.429181,6.469932,-2.987344,7.126307,PASS
S00586,L0029,T02,586,0.858447,0.238598,3.0,0.726313,22.113568,7.069473,-5.36758,8.876281,FAIL
S00374,L0018,T01,374,0.123092,0.46194,4.0,0.813895,21.372984,7.70338,-0.880266,7.753511,PASS
S00005,L0000,T01,5,0.741771,-0.063866,1.0,0.967577,21.039965,3.91121,-4.295878,5.809658,PASS
S00364,L0018,T01,364,-0.692081,-0.314497,1.0,0.873792,20.917547,-0.340231,0.831127,0.898069,PASS
S00536,L0026,T04,536,-0.610391,0.573522,2.0,0.992567,22.484872,6.065344,0.50725,6.086518,PASS
S00274,L0013,T04,274,-0.901066,-0.593982,2.0,0.833718,21.896343,1.186033,3.466244,3.663539,PASS
S00404,L0020,T02,404,0.242202,0.685016,4.0,0.821811,22.700417,7.848264,-2.600204,8.267788,FAIL
S00001,L0000,T01,1,-0.882885,-0.952231,1.0,1.0,22.795746,-5.718328,1.488583,5.908905,PASS
S00039,L0001,T03,39,0.770529,0.48918,3.0,0.703732,25.160948,6.446947,-4.167873,7.676867,PASS
S00523,L0026,T02,523,-0.875034,0.938476,1.0,0.808581,21.416044,8.956284,3.068699,9.467414,FAIL
S00267,L0013,T01,267,0.701747,-0.649081,2.0,0.758205,22.377961,2.518559,-7.569512,7.977509,PASS
S00333,L0016,T01,333,0.128637,0.430326,2.0,0.978786,21.662993,5.626155,-2.818333,6.292585,PASS
S00042,L0002,T03,42,-0.056729,-0.784059,2.0,0.867838,21.345759,-2.782698,-4.403177,5.208779,PASS
S00055,L0002,T01,55,0.578032,-0.810688,3.0,0.917022,20.547555,-0.831698,-5.035497,5.103719,PASS
S00749,L0037,T01,749,0.241684,0.085229,1.0,0.932002,22.3853,4.711891,-1.604261,4.977506,PASS
S00282,L0014,T01,282,0.166757,-0.278062,4.0,0.88251,21.441409,0.899651,-3.460485,3.575518,PASS
S00041,L0002,T02,41,-0.425718,0.097061,1.0,0.714778,23.055593,4.218765,0.874383,4.308425,PASS
S00708,L0035,T02,708,-0.383213,0.528801,3.0,0.987189,21.340846,6.762614,1.822648,7.003927,PASS
S00103,L0005,T01,103,0.776507,-0.088402,1.0,0.944162,21.346476,3.343035,-5.258616,6.231286,PASS
S00192,L0009,T01,192,-0.261946,0.691412,3.0,0.652211,21.597781,5.846319,-0.282874,5.853158,PASS
S00369,L0018,T03,369,0.130111,-0.39716,3.0,0.828363,21.045902,-0.363465,-1.786635,1.823231,PASS
S00758,L0037,T01,758,0.769803,-0.329537,3.0,0.86933,22.287692,3.521431,-7.102912,7.927915,PASS
S00128,L0006,T02,128,-0.856119,-0.81784,3.0,0.972344,22.808108,-1.738613,1.630417,2.383492,PASS
S00601,L0030,T02,601,0.934452,0.010057,2.0,0.866092,21.619024,6.2749,-4.949206,7.991809,PASS
S00320,L0016,T01,320,-0.14223,-0.407838,2.0,0.81437,22.466267,0.077561,-0.883925,0.887321,PASS
S00782,L0039,T01,782,-0.049983,-0.914299,1.0,0.671838,22.60651,-0.573729,-4.477685,4.514292,PASS
S00373,L0018,T04,373,0.578398,0.417327,2.0,1.0,22.739111,7.919989,-2.418525,8.281032,FAIL
S00160,L0008,T01,160,-0.513959,0.091668,2.0,0.948525,21.67636,2.677937,0.882069,2.819466,PASS
S00659,L0032,T01,659,0.086189,0.425181,1.0,0.753641,21.62656,6.765973,-2.841922,7.33859,PASS
S00059,L0002,T02,59,0.272428,-0.315857,3.0,0.858915,22.086174,2.46904,-3.897066,4.613381,PASS
S00336,L0016,T01,336,-0.058168,-0.655193,3.0,0.944103,20.478042,-1.02569,-1.445274,1.772247,PASS
S00487,L0024,T01,487,-0.803401,0.499926,2.0,0.834801,21.994348,2.799843,1.820246,3.339523,PASS
S00578,L0028,T01,578,-0.089111,0.708558,2.0,0.81676,23.043117,5.072479,-0.855015,5.144035,PASS
S00381,L0019,T01,381,0.732658,0.555988,2.0,0.715744,21.280254,7.751139,-3.438477,8.47958,FAIL
S00565,L0028,T04,565,0.207492,0.507057,3.0,1.0,22.344919,7.320468,-2.060771,7.605001,PASS
S00779,L0038,T02,779,-0.515927,0.015666,3.0,0.741481,22.582286,4.321589,1.903069,4.722055,PASS
S00724,L0036,T01,724,-0.582123,-0.414708,4.0,0.856656,23.214473,-0.014315,-1.561224,1.56129,PASS
S00280,L0014,T02,280,0.599951,0.136946,1.0,0.803756,21.566241,6.873784,-5.112257,8.56645,FAIL
S00397,L0019,T01,397,-0.521228,-0.323891,3.0,0.949095,22.936747,-1.658366,-0.181083,1.668223,PASS
S00520,L0026,T02,520,-0.609198,-0.104446,3.0,0.705,22.053622,1.928092,0.002834,1.928094,PASS
S00257,L0012,T01,257,-0.613883,-0.218484,2.0,0.78838,22.041528,-0.879494,-0.376898,0.956849,PASS
S00012,L0000,T01,12,0.39578,0.383051,3.0,0.842213,23.212694,4.958568,-5.56128,7.450855,PASS
S00598,L0029,T01,598,0.615102,0.838074,4.0,0.762711,22.607731,8.519891,-4.338879,9.561089,FAIL
S00460,L0023,T02,460,0.259695,-0.933293,2.0,0.812948,23.054263,0.509986,-4.662671,4.690478,PASS
S00631,L0031,T02,631,-0.616181,0.119169,2.0,0.637293,22.360132,4.79228,0.48755,4.817017,PASS
S00541,L0027,T02,541,-0.733958,-0.553749,1.0,0.798908,23.0168,0.113679,1.796818,1.800411,PASS
S00600,L0030,T02,600,0.930989,-0.602045,2.0,0.846542,21.716357,3.92693,-8.40241,9.274766,FAIL
S00537,L0026,T02,537,-0.932158,-0.27975,4.0,0.916237,23.160182,2.789896,1.897602,3.37408,PASS
S00412,L0020,T02,412,0.916029,0.020749,2.0,0.85398,20.974391,7.902995,-6.709893,10.367256,FAIL
S00319,L0015,T02,319,-0.257864,-0.655437,1.0,0.646538,22.44332,0.39413,-1.830304,1.872258,PASS
S00079,L0003,T01,79,0.642854,0.614258,4.0,0.864699,20.922145,8.123636,-1.662743,8.292055,FAIL
S00595,L0029,T03,595,0.322008,-0.472907,1.0,0.877787,21.925544,-1.027449,-5.30881,5.407321,PASS
S00202,L0010,T03,202,0.122062,0.840492,1.0,0.806532,21.758331,5.062944,-1.979654,5.436215,PASS
S00479,L0023,T01,479,0.040685,0.675703,1.0,0.915021,21.404285,7.372502,-2.578579,7.810432,PASS
S00518,L0025,T01,518,-0.36252,-0.103855,2.0,0.766162,22.305822,2.425019,-1.030011,2.634699,PASS
S00346,L0017,T01,346,-0.700663,-0.204366,1.0,0.975128,20.693019,1.665031,1.620635,2.323529,PASS
S00557,L0027,T02,557,0.134231,0.354523,4.0,0.801008,21.806895,5.404316,-2.850668,6.110068,PASS
S00242,L0012,T01,242,0.169843,0.021084,4.0,0.846465,20.84972,1.232777,-3.323661,3.544921,PASS
S00733,L0036,T01,733,0.342572,0.980482,4.0,0.778081,20.517268,8.44756,-2.750113,8.88394,FAIL
S00591,L0029,T01,591,0.35656,0.010039,1.0,0.921729,23.513285,5.736671,-6.386668,8.584807,FAIL
S00234,L0011,T02,234,0.583066,0.107163,3.0,0.776398,21.858332,4.891613,-3.510875,6.021139,PASS
S00141,L0007,T01,141,-0.820895,-0.210762,3.0,0.997831,20.778547,-0.682544,1.53464,1.679579,PASS
S00529,L0026,T01,529,0.620503,-0.539446,2.0,1.0,21.697225,1.675404,-6.496365,6.70893,PASS
S00747,L0037,T01,747,-0.610619,-0.714429,4.0,0.917502,22.455747,-0.514677,0.302403,0.596942,PASS
S00119,L0005,T02,119,-0.31826,-0.993688,2.0,0.894363,20.565548,-1.44381,-1.088562,1.808191,PASS
S00680,L0034,T03,680,-0.29043,0.162872,4.0,0.811154,21.896582,2.797795,-0.310799,2.815005,PASS
S00180,L0009,T02,180,-0.876184,-0.693371,1.0,0.786562,21.062954,-1.492211,2.639904,3.032456,PASS
S00526,L0026,T01,526,-0.823824,-0.416433,2.0,0.72251,22.351894,-0.637903,0.107854,0.646957,PASS
S00386,L0019,T01,386,0.566749,-0.52639,1.0,0.854501,21.718367,0.290493,-6.774191,6.780417,PASS
S00322,L0016,T01,322,0.823163,0.298597,1.0,0.807147,23.551473,6.846719,-4.494287,8.190004,FAIL
S00468,L0023,T01,468,-0.942082,-0.345522,1.0,0.668672,22.95053,0.648962,-0.56492,0.860399,PASS
S00314,L0015,T02,314,-0.963325,0.552444,4.0,0.810251,20.393229,4.844994,3.353721,5.892488,PASS
S00367,L0018,T01,367,-0.709046,0.723285,2.0,0.759381,21.51014,5.408462,4.370034,6.95332,PASS
S00558,L0027,T03,558,0.87248,-0.533912,3.0,0.967015,23.720104,1.399557,-5.447578,5.624488,PASS
S00074,L0003,T02,74,0.25358,-0.964357,1.0,0.981254,21.081127,-1.413101,-4.231973,4.461665,PASS
S00563,L0028,T02,563,0.360439,0.328617,2.0,0.875267,22.935345,8.747327,-3.588987,9.454975,FAIL
S00261,L0013,T02,261,-0.217613,0.632378,1.0,0.951558,21.519354,6.778896,0.541111,6.800458,PASS
S00033,L0001,T04,33,0.926797,-0.967614,4.0,0.88713,23.249327,1.314905,-8.173161,8.278256,FAIL
S00037,L0001,T01,37,0.626487,0.580605,4.0,0.786443,21.537818,8.1092,-4.397181,9.224659,FAIL
S00328,L0016,T01,328,-0.459324,-0.318484,1.0,0.984935,21.486686,1.873713,-0.829276,2.049024,PASS
S00728,L0036,T02,728,0.17896,0.350599,1.0,0.795796,22.034699,7.859047,-4.445875,9.02942,FAIL
S00315,L0015,T03,315,-0.819993,0.364705,4.0,0.787524,21.456889,3.491875,2.611408,4.360348,PASS
S00584,L0029,T01,584,0.871227,-0.385488,1.0,0.86144,21.740615,4.112507,-6.68651,7.849976,PASS
S00544,L0027,T03,544,0.816366,-0.930262,2.0,0.855203,21.556728,0.890767,-8.58496,8.631049,FAIL
S00112,L0005,T01,112,-0.036743,-0.186092,2.0,0.751164,22.3939,0.153557,-4.856524,4.858951,PASS
S00620,L0031,T04,620,-0.968514,-0.162009,4.0,0.855491,20.84483,2.50613,1.635886,2.992793,PASS
S00628,L0031,T04,628,-0.773138,0.775723,3.0,0.943711,23.015015,9.966646,3.436985,10.542623,FAIL
S00121,L0006,T01,121,0.039548,0.740198,3.0,0.81152,22.376421,5.925622,-0.26298,5.931455,PASS
S00392,L0019,T01,392,-0.391966,-0.880474,1.0,0.844805,21.418136,-2.034916,-1.764701,2.69352,PASS
S00792,L0039,T01,792,0.047648,0.97133,4.0,0.894175,21.324397,5.866396,-0.569397,5.893964,PASS
S00509,L0025,T01,509,-0.073597,0.351535,3.0,0.992991,21.334481,3.632596,-1.648329,3.989078,PASS
S00355,L0017,T01,355,-0.613496,-0.967921,4.0,0.970171,22.7021,-2.866897,0.734328,2.959448,PASS
S00608,L0030,T01,608,0.863245,-0.136219,1.0,0.82462,21.237146,2.47323,-5.59901,6.12093,PASS
S00078,L0003,T01,78,-0.197115,0.743856,1.0,1.0,22.267752,6.055734,-0.12479,6.057019,PASS
S00567,L0028,T03,567,-0.439118,-0.719011,3.0,0.888975,21.087442,-3.226481,-1.012515,3.381621,PASS
S00230,L0011,T04,230,0.281603,-0.479593,3.0,0.845258,23.2732,3.905399,-5.827283,7.014939,PASS
S00313,L0015,T01,313,0.416759,-0.524999,4.0,0.771573,21.667992,1.350096,-4.333731,4.539161,PASS
S00301,L0015,T02,301,-0.483791,-0.240128,1.0,0.936636,21.159845,0.717432,-1.726911,1.870008,PASS
S00635,L0031,T03,635,0.71059,-0.495379,1.0,0.890911,20.652101,3.1656,-5.797137,6.605136,PASS
S00583,L0029,T01,583,-0.698546,0.385361,3.0,0.862043,21.618593,4.971831,3.391326,6.018322,PASS
S00769,L0038,T03,769,-0.1663,0.592615,4.0,0.8692869999999999,21.265026,7.809718,-2.376119,8.163187,FAIL
S00580,L0029,T01,580,0.413491,-0.884917,3.0,0.889554,21.321811,-0.30173,-6.399091,6.406201,PASS
S00454,L0022,T02,454,-0.826139,0.54499,4.0,0.82834,21.888396,6.303366,3.143137,7.04356,PASS
S00609,L0030,T02,609,-0.243732,-0.207646,4.0,0.676217,21.035083,3.445855,0.397314,3.468685,PASS
S00150,L0007,T01,150,0.953678,-0.078693,2.0,0.779209,20.837169,2.934492,-5.959603,6.642899,PASS
S00226,L0011,T01,226,-0.880736,-0.355492,1.0,0.733177,21.781116,-1.558028,0.573779,1.660323,PASS
S00668,L0033,T02,668,0.908671,0.87977,3.0,0.82909,22.035794,12.389048,-4.60066,13.215694,FAIL
S00515,L0025,T01,515,-0.440091,-0.184248,3.0,0.895227,21.377223,-0.632892,-1.331389,1.474161,PASS
S00085,L0004,T01,85,-0.828396,-0.971691,4.0,0.766983,22.619251,-3.980606,-0.233307,3.987437,PASS
S00216,L0010,T03,216,0.575013,0.880263,1.0,0.885231,21.70973,7.996413,-1.858142,8.209465,FAIL
S00249,L0012,T01,249,0.382407,-0.570075,1.0,0.93133,22.549297,2.318374,-5.71894,6.170991,PASS
S00294,L0014,T02,294,-0.70199,0.54765,4.0,0.93094,21.54764,7.167932,2.558175,7.610749,PASS
S00678,L0033,T01,678,0.998644,-0.900665,3.0,1.0,22.288341,-0.794615,-6.50465,6.553006,PASS
S00123,L0006,T04,123,0.793657,-0.810554,2.0,0.846707,19.694301,0.458431,-5.94581,5.963456,PASS
S00465,L0023,T02,465,-0.602588,0.009242,3.0,0.932341,22.317447,2.317088,0.954201,2.505872,PASS
S00385,L0019,T02,385,0.982002,0.129745,4.0,0.773473,22.03085,7.09703,-6.547997,9.656299,FAIL
S00011,L0000,T04,11,0.475538,-0.369793,1.0,0.792673,22.936986,4.797016,-3.519599,5.949701,PASS
S00084,L0004,T01,84,-0.70714,-0.161705,3.0,0.889215,22.98937,2.635845,1.798189,3.190793,PASS
S00375,L0018,T02,375,-0.247431,0.011728,2.0,0.801565,22.048193,5.305391,-0.091192,5.306175,PASS
S00451,L0022,T01,451,0.469602,-0.981892,1.0,0.908053,21.447132,-0.153168,-4.697614,4.70011,PASS
S00135,L0006,T01,135,-0.467119,-0.995061,3.0,0.833127,21.961279,-3.655365,0.260067,3.664604,PASS
S00670,L0033,T02,670,0.008936,-0.959513,3.0,0.911159,22.621913,0.5275,-3.381415,3.422313,PASS
S00225,L0011,T02,225,-0.803866,0.347293,1.0,0.923951,22.260194,2.732615,4.839953,5.558087,PASS
S00352,L0017,T01,352,0.562807,0.949644,3.0,0.959427,23.315784,8.156117,-4.496049,9.313254,FAIL
S00004,L0000,T02,4,0.851227,0.994406,1.0,0.970211,21.818866,10.879842,-4.935532,11.946985,FAIL
S00527,L0026,T01,527,-0.16928,0.344412,1.0,0.864105,21.365069,3.917239,-2.089938,4.439888,PASS
S00704,L0035,T04,704,-0.973408,0.192493,3.0,0.959562,21.990321,4.528078,3.357306,5.636931,PASS
S00390,L0019,T01,390,0.947048,0.170559,3.0,0.800083,21.987938,6.909848,-5.902293,9.087522,FAIL
S00765,L0038,T01,765,-0.602967,-0.91788,3.0,0.883573,22.139778,-5.307794,0.336104,5.318425,PASS
S00094,L0004,T01,94,-0.44141,-0.017973,1.0,0.841655,20.829725,1.023182,0.932467,1.38434,PASS
S00683,L0034,T01,683,-0.769595,0.919157,4.0,0.848488,21.891091,6.06136,3.740079,7.122378,PASS
S00783,L0039,T02,783,0.713763,0.077066,2.0,0.804929,21.148549,6.279373,-5.210145,8.15942,FAIL
S00010,L0000,T01,10,0.948471,-0.039811,2.0,0.775793,21.625399,3.188586,-8.151402,8.752854,FAIL
S00540,L0027,T03,540,-0.11581,0.82013,2.0,0.933646,21.653257,7.463232,0.128683,7.464341,PASS
S00440,L0022,T01,440,0.78768,0.323052,1.0,1.0,21.691722,5.601193,-6.914862,8.898802,FAIL
S00142,L0007,T01,142,0.563649,-0.089751,4.0,0.928422,23.103326,1.054114,-5.567266,5.666181,PASS
S00716,L0035,T01,716,0.570247,0.140904,4.0,0.834309,21.523175,6.171818,-2.61271,6.702058,PASS
S00185,L0009,T02,185,0.387821,0.685706,4.0,0.766812,21.68131,7.251374,-4.160483,8.360146,FAIL
S00743,L0037,T01,743,-0.318681,-0.255529,4.0,0.912685,22.950219,1.413232,-2.628625,2.984442,PASS
S00691,L0034,T01,691,-0.470906,0.819432,2.0,0.670433,20.971689000000026,7.268991,0.145522,7.270447,PASS
S00070,L0003,T02,70,0.44388,-0.114311,4.0,1.0,23.267937,4.634191,-3.893189,6.052491,PASS
S00000,L0000,T03,0,0.520785,-0.693234,3.0,0.775887,22.317118,-0.463026,-6.575648,6.59193,PASS
S00534,L0026,T01,534,0.008177,0.189622,1.0,0.77077,21.699636,4.026597,-1.57212,4.32262,PASS
S00076,L0003,T01,76,0.552547,0.516759,1.0,0.889178,21.793035,7.252666,-3.625962,8.108561,FAIL
S00587,L0029,T02,587,-0.795834,0.704833,4.0,0.62868,22.002058,5.836615,1.95563,6.155531,PASS
S00361,L0018,T03,361,-0.91727,-0.792155,1.0,1.0,22.782517,-3.760559,-0.83228,3.851557,PASS
S00663,L0033,T03,663,0.474473,-0.662265,3.0,0.824906,21.713546,1.01861,-4.396243,4.512707,PASS
S00658,L0032,T03,658,-0.836513,-0.133703,1.0,0.878418,21.942682,1.966133,0.581296,2.050264,PASS
S00092,L0004,T03,92,-0.164576,0.514274,4.0,0.700988,21.666504,3.121702,-0.443994,3.153119,PASS
S00744,L0037,T01,744,0.588313,-0.152848,3.0,0.925008,22.756077,4.240514,-5.425106,6.885763,PASS
S00334,L0016,T01,334,-0.032427,-0.408555,3.0,0.953441,21.778153,-0.530338,-2.01975,2.088217,PASS
S00197,L0009,T01,197,-0.531971,-0.386029,4.0,1.0,22.848703,0.323371,1.531563,1.565328,PASS
S00240,L0012,T02,240,0.483143,0.293969,4.0,0.999243,20.965118,6.643176,-4.563094,8.05938,FAIL
S00632,L0031,T01,632,-0.549161,-0.631385,1.0,0.800069,22.49586,1.020847,0.100295,1.025762,PASS
S00767,L0038,T02,767,-0.701401,0.511841,4.0,0.963242,22.421435,5.359705,0.655069,5.399589,PASS
S00186,L0009,T02,186,-0.44956,0.182659,1.0,0.782874,22.453756,5.582534,1.264869,5.724035,PASS
S00488,L0024,T01,488,-0.036917,-0.732859,2.0,0.887715,23.176497,0.770273,-3.459986,3.544689,PASS
S00685,L0034,T01,685,0.208698,0.51902,3.0,0.912992,22.671241,7.183323,-2.020684,7.462124,PASS
S00753,L0037,T01,753,-0.885939,0.003277,4.0,0.673154,21.570422,1.886553,1.970256,2.727818,PASS
S00630,L0031,T01,630,0.304135,-0.206644,3.0,0.904244,21.726389,2.75647,-4.42218,5.210931,PASS
S00380,L0019,T02,380,-0.034695,0.686344,1.0,0.698883,20.750932,7.43988,-2.768888,7.938422,PASS
S00605,L0030,T02,605,-0.287962,0.603088,4.0,0.914911,22.091315,7.48765,0.882261,7.539448,PASS
S00347,L0017,T02,347,-0.957443,-0.859325,2.0,0.735215,22.536486,-4.003058,-0.311576,4.015165,PASS
S00470,L0023,T03,470,0.675747,-0.192475,4.0,0.914857,23.233075,1.403045,-7.121558,7.258452,PASS
S00617,L0030,T01,617,0.85494,-0.344308,1.0,0.791366,22.541347,3.240203,-5.759851,6.608691,PASS
S00409,L0020,T01,409,0.147048,0.390289,1.0,0.843699,22.862871,7.173084,-2.103596,7.475175,PASS
S00674,L0033,T01,674,0.796176,0.121737,2.0,0.93412,22.876968,4.646494,-5.954934,7.553221,PASS
S00522,L0026,T04,522,-0.869968,-0.242544,1.0,0.700185,21.919158,17.245176,2.143518,2.201049,PASS
S00204,L0010,T02,204,0.239746,-0.739725,2.0,0.726596,21.640497,0.964554,-3.158694,3.302682,PASS
S00239,L0011,T01,239,-0.389128,0.541507,4.0,0.97767,23.400498,2.103054,2.220786,3.058549,PASS
S00068,L0003,T01,68,0.639171,-0.643943,1.0,0.691567,21.667616,-0.615544,-6.254707,6.284923,PASS
S00570,L0028,T01,570,0.705497,-0.920006,1.0,0.859956,21.789218,-0.24862,-8.661488,8.665055,FAIL
S00525,L0026,T04,525,0.989427,-0.271844,4.0,0.905456,23.526373,5.204494,-6.565703,8.378259,FAIL
S00636,L0031,T02,636,-0.056202,0.66291,3.0,0.854091,21.046988,9.406859,-0.880056,9.447936,FAIL
S00372,L0018,T04,372,-0.217112,0.22814,1.0,0.8533,22.326721,5.15218,-19.924651,5.412709,PASS
S00072,L0003,T03,72,0.958198,0.446811,4.0,1.0,22.255895,5.594728,-5.859249,8.101344,FAIL
S00189,L0009,T01,189,-0.095235,0.783754,3.0,0.640374,21.836072,6.82139,-0.655917,6.852853,PASS
S00666,L0033,T01,666,-0.10274,-0.108651,2.0,0.828206,21.803563,2.213917,-1.807424,2.858008,PASS
S00478,L0023,T02,478,-0.135908,0.354396,3.0,0.852676,21.654769,6.349174,-2.64631,6.878587,PASS
S00722,L0036,T02,722,0.841236,0.86425,2.0,0.733751,21.097351,11.040063,-3.552662,11.597603,FAIL
S00564,L0028,T01,564,-0.400831,-0.093023,4.0,1.0,21.820294,0.436239,-0.041852,0.438242,PASS
S00463,L0023,T01,463,0.467477,-0.263596,3.0,0.87175,22.661975,3.184061,-4.271717,5.327834,PASS
S00316,L0015,T01,316,0.776544,0.11895,3.0,0.977698,22.950538,5.473207,-5.188208,7.541452,PASS
S00694,L0034,T01,694,-0.370581,0.488724,4.0,0.9247,21.85933,5.307433,-1.347978,5.475937,PASS
S00366,L0018,T01,366,0.102384,-0.911902,4.0,0.849436,23.385808,0.096478,-3.134939,3.136424,PASS
S00560,L0028,T01,560,0.40446,-0.380636,2.0,0.699472,22.426131,4.414485,-4.900339,6.595529,PASS
S00550,L0027,T02,550,0.728441,0.731846,1.0,0.795327,24.220098,9.311532,-3.998915,10.133901,FAIL
S00445,L0022,T03,445,0.112315,-0.570687,3.0,0.824859,22.527143,0.362442,-2.677414,2.701834,PASS
S00056,L0002,T01,56,-0.038599,-0.340453,1.0,0.89386,20.785291,2.963928,-3.925667,4.918916,PASS
S00566,L0028,T01,566,-0.353211,-0.155048,3.0,0.833057,22.567116,-0.616912,-1.247002,1.391257,PASS
S00741,L0037,T01,741,0.486275,0.114541,3.0,0.998492,22.060386,3.767539,-4.196592,5.639657,PASS
S00720,L0036,T03,720,-0.404421,0.433316,3.0,1.0,22.913946,5.321274,-0.045237,5.321466,PASS
S00332,L0016,T02,332,-0.770849,0.196851,1.0,0.885887,22.021227,3.774431,0.377091,3.793221,PASS
S00183,L0009,T02,183,0.283262,-0.49701,3.0,0.838161,22.313019,2.849214,-1.843589,3.393648,PASS
S00014,L0000,T01,14,-0.411136,-0.335053,3.0,0.839453,22.092654,-0.087842,-0.419414,0.428514,PASS
S00162,L0008,T01,162,0.010194,-0.348223,1.0,0.912538,20.686069,-0.526578,-2.574988,2.628278,PASS
S00656,L0032,T02,656,0.830808,0.284171,4.0,0.858629,22.010063,7.901035,-5.863388,9.838988,FAIL
S00164,L0008,T04,164,0.562647,-0.390321,4.0,0.808784,22.206705,4.558978,-5.130321,6.86327,PASS
S00377,L0018,T02,377,0.004697,-0.424865,2.0,0.991471,22.186446,2.382438,-3.77868,4.467039,PASS
S00175,L0008,T01,175,-0.598205,-0.884685,3.0,0.82491,21.755795,-2.675181,-1.371612,3.006312,PASS
S00348,L0017,T01,348,-0.632541,-0.528362,4.0,1.0,21.870689,-1.648197,-1.282465,2.088365,PASS
S00424,L0021,T02,424,0.818372,-0.820153,1.0,0.977233,21.799693,2.439841,-6.3688,6.82015,PASS
S00040,L0002,T01,40,-0.060082,-0.450051,3.0,0.882292,21.774968,0.578209,-3.125012,3.178054,PASS
S00707,L0035,T01,707,-0.787031,0.19057,2.0,0.985564,21.974152,2.965791,3.383021,4.498972,PASS
S00662,L0033,T02,662,-0.881804,-0.75117,2.0,0.977716,21.558751,-1.947849,0.412073,1.99096,PASS
