sample_id,lot_id,tool_id,sequence,layer,pe_cycle,program_pulse_v,temperature_c,retention_time_h,state,vth_mean_v,vth_sigma_v,read_window_v,ber_proxy,read_error
S00092,L0004,T02,92,137,2963.925703,20.142277,60.54398,101.431588,7,3.054145,0.411501,0.03,0.263084,HIGH
S00691,L0034,T01,691,49,379.055007,15.538193,47.746527,13.726444,7,3.438556,0.380105,0.03,0.263084,HIGH
S00754,L0037,T01,754,192,361.690082,17.704795,45.802278,828.755221,7,2.738177,0.463418,0.03,0.263084,HIGH
S00306,L0015,T01,306,105,32.075698,19.113566,63.503123,4.124363,6,2.93327,0.285323,0.183655,0.044353,LOW
S00360,L0018,T02,360,164,4835.816837,18.882373,61.990547,,3,0.056838,0.438619,0.03,0.080913,LOW
S00730,L0036,T01,730,84,53.406281,18.072259,40.576106,2.135172,0,-1.437569,0.289135,0.164163,0.006993,LOW
S00176,L0008,T02,176,10,241.339908,17.392442,43.780147,769.88297,5,1.503725,0.401137,0.03,0.150588,HIGH
S00098,L0004,T01,98,141,1747.96923,16.340897,47.950834,48.821814,5,1.579703,0.404851,0.03,0.150588,HIGH
S00462,L0023,T01,462,74,10.934199,15.654892,35.621518,380.09447,1,-1.24897,0.234321,0.253251,0.003737,LOW
S00712,L0035,T02,712,151,2555.867891,17.344688,53.610103,37.125831,0,-1.792053,0.458681,0.03,0.029887,LOW
S00713,L0035,T01,713,64,105.491126,17.420088,29.359788,537.276872,2,-0.327803,0.32256,0.03,0.058415,LOW
S00292,L0014,T01,292,17,103.617224,18.43326,37.955983,30.238977,6,2.600533,0.377288,0.03,0.201009,HIGH
S00239,L0011,T03,239,185,933.077188,,48.797247,389.8195,3,0.163207,0.424782,0.03,0.080913,LOW
S00645,L0032,T01,645,100,4964.197682,17.586014,63.845406,22.172255,1,-1.029298,0.447832,0.03,0.041887,LOW
S00625,L0031,T02,625,66,1327.728867,17.040834,33.003815,63.964166,7,3.544918,0.39514,0.03,0.263084,HIGH
S00334,L0016,T02,334,16,34.234761,17.810358,36.313611,287.734052,3,0.281544,0.314934,0.03,0.080913,LOW
S00137,L0006,T01,137,52,1659.774332,16.441524,40.19426,46.419292,6,2.538686,0.37548,0.03,0.201009,HIGH
S00197,L0009,T01,197,103,1502.221588,14.289147,44.867568,568.86866,0,-2.102922,0.400753,0.03,0.029887,LOW
S00008,L0000,T01,8,125,1092.205391,16.719436,45.922667,17.059405,3,0.47837,0.424646,0.03,0.080913,LOW
S00521,L0026,T03,521,153,46.258198,17.88912,37.999442,9.164258,5,1.94696,0.346165,0.03,0.150588,HIGH
S00675,L0033,T01,675,53,51.289907,16.798491,23.475466,5.399846,40.0,1.432083,0.349811,0.03,0.111056,LOW
S00720,L0036,T01,720,145,1966.984621,17.42504,52.31399,225.108104,5,1.516121,0.402185,0.03,0.150588,HIGH
S00249,L0012,T01,249,36,356.302794,20.136697,36.412224,62.428723,7,3.464145,0.441453,0.03,0.263084,HIGH
S00048,L0002,T03,48,186,98.034608,16.775263,51.52059,66.794033,1,-1.358552,0.375989,0.03,0.041887,LOW
S00194,L0009,T01,194,58,172.369764,18.35031,43.907052,359.834622,4,1.028119,0.335011,0.03,0.111056,LOW
S00652,L0032,T01,652,2,3445.025508,16.903378,42.03823,24.047624,7,3.273616,0.497361,0.03,0.263084,HIGH
S00345,L0017,T01,345,92,481.447703,19.275895,34.405179,3.292361,6,3.06709,0.374046,0.069888,0.139582,HIGH
S00448,L0022,T01,448,48,,16.305977,42.205257,284.484365,4,1.090843,0.43893,0.03,0.111056,LOW
S00188,L0009,T01,188,43,2446.772514,17.696467,48.049767,54.236032,7,3.218548,0.452698,0.03,0.263084,HIGH
S00597,L0029,T03,597,169,99.26431,16.10614,49.089175,10.536841,7,3.357533,0.37575,0.03,0.263084,HIGH
S00621,L0031,T02,621,83,1589.34888,18.680755,62.443604,50.488312,3,0.360465,0.404802,0.03,0.080913,LOW
S00112,L0005,T02,112,11,3024.615627,19.722054,35.286818,59.340159,6,2.639273,0.44321,0.03,0.201009,HIGH
S00376,L0018,T03,376,115,1143.493619,18.232549,52.587293,97.341094,,1.007173,0.408094,0.03,0.111056,LOW
S00138,L0006,T01,138,56,17.467396,18.083281,54.785141,162.019583,4,0.769477,0.30463,0.041196,0.099468,LOW
S00187,L0009,T02,187,155,151.256655,17.165211,35.723302,47.744395,4,1.12533,0.414774,0.03,0.111056,LOW
S00550,L0027,T03,550,148,60.309353,17.965828,36.460966,2.686031,5,2.269876,0.30537,0.108335,0.069676,LOW
S00321,L0016,T01,321,51,4989.971527,16.233862,29.664939,5.948395,5,1.990469,0.427898,0.03,0.150588,HIGH
S00332,L0016,T02,332,105,86.01524,17.049603,39.692163,1.615822,6,2.905356,0.344237,0.03,0.201009,HIGH
S00711,L0035,T01,711,12,770.409451,18.192574,49.07221,1.113055,7,3.522565,0.393253,0.03,0.263084,HIGH
S00053,L0002,T02,53,129,2976.461285,18.649185,54.753663,7.879177,3,0.668209,0.442338,0.03,0.080913,LOW
S00780,L0039,T01,780,42,34.822552,18.986298,28.932286,397.009675,3,0.449731,0.293297,0.082868,0.046907,LOW
S00762,L0038,T02,762,29,222.446246,18.681564,,27.724485,3,0.501876,0.401554,0.03,0.080913,LOW
S00125,L0006,T02,125,129,69.815907,16.176671,46.874131,35.686654,0,-1.793623,0.323527,0.053101,0.023337,LOW
S00247,L0012,T01,247,114,4884.866401,18.314599,68.258047,931.639618,2,-0.988246,0.404338,0.03,0.058415,LOW
S00084,L0004,T01,84,14,65.390134,17.517446,38.727282,12.367595,3,0.567466,0.335225,0.03556,0.07648,LOW
S00472,L0023,T01,472,5,29.632883,17.748785,58.229824,28.069408,6,2.492987,0.33786,0.03,0.201009,HIGH
S00191,L0009,T01,191,130,1845.172325,17.441618,33.944543,60.817988,6,2.663071,0.495738,0.03,0.201009,HIGH
S00385,L0019,T01,385,64,60.715675,18.186909,57.15418,1.057124,4,1.497143,0.322167,0.048542,0.09246,LOW
S00392,L0019,T01,392,30,320.341125,17.707439,53.078036,1.979955,5,2.064116,0.37931,0.03,0.150588,HIGH
S00318,L0015,T01,318,166,70.419197,16.427726,66.103568,380.691791,7,2.57929,0.347885,0.03,0.263084,HIGH
S00413,L0020,T02,413,55,62.043325,16.680947,54.838647,12.370637,6,2.662569,0.35385,0.061495,0.151043,HIGH
S00614,L0030,T03,614,81,11.348017,17.141238,50.041421,4.483084,4,1.464471,0.270194,0.198634,0.019171,LOW
S00464,L0023,T01,464,72,168.704552,17.748525,38.451919,3.007459,7,3.654122,0.330496,0.12054,0.116506,LOW
S00028,L0001,T03,28,34,52.758893,15.828498,47.903147,208.980562,1,-1.241126,0.357859,0.03,0.041887,LOW
S00756,L0037,T01,756,90,2567.748618,18.841875,55.642282,461.624513,1,-1.346807,0.337764,0.03,0.041887,LOW
S00542,L0027,T01,542,60,121.09817,18.069221,39.48077,60.856305,3,0.240557,0.310639,0.081682,0.047494,LOW
S00425,L0021,T01,425,79,347.353931,16.019347,41.379594,526.144654,4,0.81134,0.375275,0.03,0.111056,LOW
S00530,L0026,T01,530,26,152.035489,17.919563,49.386705,188.885278,6,2.349204,0.367693,0.03,0.201009,HIGH
S00787,L0039,T02,787,76,68.624434,15.565068,49.998844,1.004463,1,-0.589774,0.309264,0.194953,0.007072,LOW
S00296,L0014,T01,296,8,358.552647,17.924475,52.630555,92.353958,2,-0.520601,0.403965,0.03,0.058415,LOW
S00103,L0005,T01,103,148,89.207328,21.777089,51.31848,20.283705,3,0.622265,0.349865,0.049383,0.066409,LOW
S00694,L0034,T01,694,4,769.433997,19.080367,64.283852,90.498303,0,-2.086427,0.423599,0.03,0.029887,LOW
S00744,L0037,T01,744,67,114.173822,19.244266,38.275281,95.074405,3,0.436122,0.334126,0.03,0.080913,LOW
S00145,L0007,T01,145,162,1619.73648,17.881582,37.417165,3.584246,6,2.851339,0.400956,0.03,0.201009,HIGH
S00290,L0014,T03,290,86,24.299749,18.378498,33.232609,2.946249,3,0.802446,0.277959,0.223881,0.010326,LOW
S00086,L0004,T01,86,80,238.767889,17.327015,58.380449,14.147418,0,-1.63949,0.390283,0.050764,0.02393,LOW
S00096,L0004,T01,96,151,2855.978402,18.724736,50.012151,332.90508,7,2.94808,0.394806,0.03,0.263084,HIGH
S00094,L0004,T01,94,54,1990.472672,19.189604,42.104193,149.096896,0,-1.908538,0.398248,0.03,0.029887,LOW
S00502,L0025,T03,502,153,14.140928,15.97295,41.140699,4.711908,4,1.159135,0.298136,0.137855,0.036742,LOW
S00571,L0028,T01,571,165,15.099084,18.315005,39.176284,99.612632,6,2.453131,0.321377,0.092753,0.112019,LOW
S00262,L0013,T02,262,82,20.163297,17.938062,31.850113,5.028743,5,2.286979,0.285115,0.120691,0.061364,LOW
S00042,L0002,T03,42,111,163.907829,17.273859,31.969738,205.220417,3,0.264373,0.295018,0.067348,0.055158,LOW
S00161,L0008,T01,161,67,47.968719,19.186213,56.445058,9.020645,7,3.398772,0.27337,0.209811,0.047069,LOW
S00430,L0021,T01,430,147,532.435178,18.354392,42.533109,41.095924,2,-0.310197,0.374632,0.03,0.058415,LOW
S00162,L0008,T03,162,93,998.258921,17.21919,43.186048,2.022999,3,0.819072,0.409202,0.03,0.080913,LOW
S00250,L0012,T02,250,56,28.826503,18.891107,32.131293,55.228207,5,1.877122,0.31724,0.143069,0.048626,LOW
S00347,L0017,T02,347,28,69.107894,18.396562,64.218446,1.881435,4,1.526556,0.328388,0.132765,0.038776,LOW
S00140,L0007,T02,140,142,10.621516,19.963305,33.964487,4.785555,0,-1.39576,0.326304,0.12711,0.010475,LOW
S00665,L0033,T01,665,56,50.86478,16.022857,43.16138,120.406818,4,0.954014,0.341731,0.071338,0.07346,LOW
S00156,L0007,T01,156,22,1740.097634,19.961802,52.905373,44.538028,2,-0.331892,0.480102,0.03,0.058415,LOW
S00562,L0028,T01,562,96,84.479301,18.916182,42.195447,1.613596,5,2.476628,0.292068,0.159819,0.040777,LOW
S00778,L0038,T01,778,95,1516.064083,17.861697,36.251391,196.545607,0,-1.841669,0.398213,0.03,0.029887,LOW
S00067,L0003,T01,67,147,28.516302,17.722951,51.476454,94.832083,1,-1.178207,0.272337,0.134363,0.013681,LOW
S00210,L0010,T01,210,188,783.616114,20.298752,62.926177,40.244804,6,2.409566,0.429089,0.03,0.201009,HIGH
S00264,L0013,T01,264,174,23.718037,15.980867,43.956837,5.085518,6,2.684278,0.256709,0.298879,0.012898,LOW
S00768,L0038,T01,768,116,4388.698556,18.207833,48.481171,118.86948,6,2.446269,0.464974,0.03,0.201009,HIGH
S00284,L0014,T02,284,65,150.033796,17.117153,47.370091,2.356534,0,-1.506594,0.313322,0.136628,0.009444,LOW
S00475,L0023,T03,475,3,10.275493,17.62091,54.245813,24.824696,2,-0.540643,0.299569,0.125404,0.02126,LOW
S00551,L0027,T01,551,,44.177839,16.654898,51.349456,1.402291,1,-0.719592,0.303693,0.170079,0.009277,LOW
S00561,L0028,T01,561,77,2407.543569,16.03654,43.771807,13.526786,4,1.234479,0.413357,0.112477,0.111056,LOW
S00152,L0007,T01,152,143,196.670986,16.901407,49.586019,5.579769,7,3.719249,0.3437,0.060686,0.203017,HIGH
S00075,L0003,T01,75,155,3444.711139,19.600699,55.671814,193.970531,1,-1.285827,0.431717,0.03,0.041887,LOW
S00421,L0021,T03,421,33,2344.773688,17.352598,40.464395,99.947504,1,-1.044766,0.426701,0.03,0.041887,LOW
S00623,L0031,T02,623,41,1393.400196,18.080406,69.142841,18.868796,2,-0.325103,0.406679,0.03,0.058415,LOW
S00513,L0025,T01,513,127,3212.280812,18.973825,44.641431,706.861116,7,2.935934,0.453677,0.03,0.263084,HIGH
S00175,L0008,T03,175,109,140.498551,18.94891,43.29564,853.682004,5,1.510602,0.293446,0.101905,0.074403,LOW
S00533,L0026,T02,533,127,68.687609,19.569983,45.230491,,2,-0.117022,0.315508,0.086434,0.032271,LOW
S00755,L0037,T03,755,33,1181.128271,19.768676,41.446715,145.808657,7,3.322637,0.398952,0.03,0.263084,HIGH
S00633,L0031,T01,633,191,135.447371,18.335507,43.440184,359.894888,2,-0.529579,0.407036,0.03,0.058415,LOW
S00498,L0024,T01,498,82,301.8237,18.80854,50.228846,6.485486,2,0.079268,0.322049,0.055261,0.044879,LOW
S00776,L0038,T02,776,4,1509.516425,18.456734,39.794946,68.669584,2,-0.285592,0.42262,0.03,0.058415,LOW
S00111,L0005,T01,111,119,216.18138,16.976786,47.38752,18.330877,3,0.392694,0.35633,0.03,0.080913,LOW
S00639,L0031,T01,639,89,449.091684,16.466159,38.848918,90.138366,5,1.855604,0.379453,0.03,0.150588,HIGH
S00439,L0021,T02,439,83,500.288194,18.980215,42.749608,1.646648,5,2.221224,0.38758,0.03,0.150588,HIGH
S00546,L0027,T01,546,156,10.703712,18.159979,38.391774,10.449,0,-1.585796,0.275059,0.086572,0.016266,LOW
S00026,L0001,T01,26,91,69.220197,16.904201,40.038192,4.571747,6,3.066954,0.338268,0.03,0.201009,HIGH
S00796,L0039,T01,796,99,11.243458,19.619153,60.164085,604.90059,3,0.004705,0.274543,0.057901,0.06083,LOW
S00275,L0013,T01,275,66,280.014294,19.721117,37.034307,921.719907,0,-1.771613,0.368899,0.03,0.029887,LOW
S00766,L0038,T02,766,162,46.890119,19.483929,46.734285,777.115657,5,1.515054,0.32229,0.03,0.150588,HIGH
S00714,L0035,T01,714,162,2148.550977,20.609,36.644721,8.151701,7,3.521788,0.466973,0.03,0.263084,HIGH
S00469,L0023,T03,469,99,194.00472,19.515048,46.573503,248.61756,4,1.030212,0.363884,0.03,0.111056,LOW
S00015,L0000,T02,15,160,170.870896,18.420375,50.489614,19.170486,6,2.780354,0.352331,0.042659,0.179573,HIGH
S00655,L0032,T02,655,148,363.694283,,42.368883,102.880091,0,-1.807775,0.374533,0.03,0.029887,LOW
S00792,L0039,T01,792,22,23.690386,21.09557,36.435467,3.895501,6,3.043977,0.335367,0.082098,0.124218,HIGH
S00411,L0020,T02,411,176,142.674829,17.849008,56.76808,4.07602,6,2.889359,0.363441,0.041009,0.182262,HIGH
S00676,L0033,T01,676,44,718.166272,17.27965,41.377366,222.785799,0,-1.99013,0.338943,0.035779,0.028098,LOW
S00049,L0002,T01,49,57,3537.515334,19.161896,31.842882,55.425775,6,2.889565,0.481315,0.03,0.201009,HIGH
S00632,L0031,T01,632,5,578.059231,17.9953,44.424164,431.766891,6,2.135098,0.414513,0.03,0.201009,HIGH
S00109,L0005,T02,109,122,45.033225,17.22391,39.955245,1.608541,1,-0.687065,0.316482,0.13195,0.014043,LOW
S00489,L0024,T03,489,82,471.313338,16.496686,46.724072,139.405592,1,-1.090587,0.395773,0.03,0.041887,LOW
S00139,L0006,T02,139,151,2103.889229,19.426076,46.549414,10.391161,5,2.132204,0.444633,0.03,0.150588,HIGH
S00233,L0011,T01,233,54,453.54789,19.682895,41.065365,69.499232,4,1.389842,0.393159,0.03,0.111056,LOW
S00235,L0011,T01,235,98,400.722207,18.021104,29.74762,254.65581,1,-0.957521,0.377784,0.03,0.041887,LOW
S00437,L0021,T02,437,135,18.282879,18.934573,62.910258,409.613095,6,2.156123,0.245776,0.158081,0.057927,LOW
S00120,L0006,T02,120,75,2069.847384,16.258695,41.368665,,1,-0.687917,0.352159,0.044856,0.035798,LOW
S00585,L0029,T01,585,124,3561.259698,16.493853,49.306931,3.130955,1,-0.831859,0.409598,0.03,0.041887,LOW
S00269,L0013,T01,269,6,163.14738,17.94857,37.466709,131.586457,3,0.371277,0.390524,0.03,0.080913,LOW
S00559,L0027,T01,559,191,385.350799,18.59907,48.570707,9.684886,1,-1.149702,0.380535,0.03,0.041887,LOW
S00007,L0000,T03,7,152,639.089634,18.970148,43.955767,10.579328,0,-1.405845,0.431674,0.03,0.029887,LOW
S00133,L0006,T02,133,168,826.35,17.466524,40.562382,1.634176,7,3.792322,0.445179,0.03,0.263084,HIGH
S00697,L0034,T02,697,24,32.778913,16.609437,45.910508,9.438036,3,0.448592,0.318478,0.102671,0.038075,LOW
S00205,L0010,T01,205,120,20.694583,18.246904,50.042673,11.791576,4,1.291007,0.296354,0.130844,0.039571,LOW
S00508,L0025,T01,508,186,3809.473571,17.037155,48.013537,173.764214,3,0.18656,0.493101,0.03,0.080913,LOW
S00724,L0036,T01,724,190,167.791975,17.465792,46.896503,8.559642,5,1.749894,0.420266,0.03,0.150588,HIGH
S00173,L0008,T01,173,25,869.499723,15.783135,34.37557,23.271254,3,0.637059,0.437359,0.03,0.080913,LOW
S00695,L0034,T03,695,80,62.050861,17.377378,61.323182,3.978256,5,2.090945,0.305583,0.124788,0.058819,LOW
S00150,L0007,T03,150,122,4709.777262,18.121203,48.534163,2.515317,1,-0.741325,0.390016,0.03,0.041887,LOW
S00618,L0030,T02,618,4,1931.973085,17.851337,49.499486,9.308077,3,0.314548,0.42528,0.03,0.080913,LOW
S00516,L0025,T03,516,37,131.537857,17.042696,,415.729726,3,0.257502,0.384838,0.03,0.080913,LOW
S00388,L0019,T01,388,33,329.858482,18.75117,37.276321,593.443924,7,3.183976,0.362435,0.03,0.263084,HIGH
S00071,L0003,T01,71,22,204.066153,16.64407,40.981034,6.427256,7,3.360529,0.430302,0.03,0.263084,HIGH
S00011,L0000,T01,11,91,3313.9318,17.473264,45.114016,122.533443,2,-0.362239,0.378782,0.03,0.058415,LOW
S00666,L0033,T03,666,7,,19.429356,52.501964,24.018846,4,1.233301,0.340701,0.073122,0.072135,LOW
S00485,L0024,T02,485,159,2639.597181,16.95683,29.609903,167.649143,3,0.325569,0.458401,0.03,0.080913,LOW
S00032,L0001,T03,32,13,278.716573,18.913188,53.129183,875.516069,6,2.069924,0.421504,0.03,0.201009,HIGH
S00553,L0027,T01,553,52,20.774049,18.258869,49.561687,232.675798,6,2.273283,0.304852,0.03,0.201009,HIGH
S00777,L0038,T02,777,42,186.55209,17.352227,32.105937,11.696943,5,2.129284,0.371792,0.03,0.150588,HIGH
S00037,L0001,T01,37,71,14.565037,19.616687,39.60402,4.126013,1,-0.532475,0.269271,0.256206,0.003618,LOW
S00114,L0005,T02,114,165,25.163925,20.273524,46.455044,56.290122,1,-1.178199,0.32136,0.061844,0.029878,LOW
S00653,L0032,T02,653,79,1986.156916,18.772774,45.182637,44.222344,7,3.357321,0.411813,0.03,0.263084,HIGH
S00613,L0030,T01,613,93,352.457589,19.201201,45.177924,1.154657,0,-1.237392,0.329546,0.096581,0.014595,LOW
S00029,L0001,T03,29,159,21.098012,18.398967,26.393316,2.47044,2,0.080866,0.312677,0.099164,0.028173,LOW
S00499,L0024,T01,499,33,4527.280319,16.889039,50.383655,108.783544,3,0.234351,0.436724,0.03,0.080913,LOW
S00277,L0013,T02,277,13,83.336863,17.806957,54.791557,2.126413,2,0.096452,0.360189,0.03,0.058415,LOW
S00294,L0014,T01,294,27,3222.167007,17.20073,40.19781,450.693293,6,2.372272,0.46886,0.03,0.201009,HIGH
S00307,L0015,T03,307,110,4096.758989,17.744418,51.304165,94.940597,1,-1.041155,0.419382,0.03,0.041887,LOW
S00337,L0016,T01,337,69,28.342026,15.787752,44.45146,211.243075,3,0.012882,0.314817,0.079462,0.048611,LOW
S00648,L0032,T03,648,134,179.266638,19.022742,40.266332,7.277978,,-1.531532,0.379629,0.03,0.029887,LOW
S00146,L0007,T01,146,145,1598.516892,18.301583,44.645223,760.988725,6,2.28282,0.429734,0.03,0.201009,HIGH
S00006,L0000,T02,6,144,404.64979,19.11785,51.729759,,1,-1.424853,0.391408,0.03,0.041887,LOW
S00467,L0023,T01,467,156,3147.380451,19.107723,49.156763,1.769988,2,-0.037011,0.402819,0.03,0.058415,LOW
S00257,L0012,T03,257,139,1435.876017,16.474338,43.61838,12.814844,2,-0.177202,0.413505,0.03,0.058415,LOW
S00209,L0010,T01,209,72,49.647588,19.4029,26.732364,3.430958,0,-1.412804,0.289418,0.197203,0.004873,LOW
S00773,L0038,T01,773,23,193.293797,18.847447,65.918756,206.830697,6,2.144392,0.375323,0.03,0.201009,HIGH
S00000,L0000,T01,0,22,1598.915362,19.075919,44.92527,42.36756,7,3.208024,0.468313,0.03,0.263084,HIGH
S00510,L0025,T01,510,189,120.827396,19.116537,50.36608,108.134961,0,-1.993172,0.393654,0.03,0.029887,LOW
S00202,L0010,T01,202,163,282.907588,18.975818,48.500149,8.772068,7,3.410109,0.332357,0.157725,0.080544,LOW
S00116,L0005,T01,116,136,343.541093,15.037748,47.234822,10.91692,5,1.91755,0.350415,0.036078,0.142234,HIGH
S00698,L0034,T03,698,20,501.793134,16.782661,48.232722,766.057573,0,-2.109704,0.408642,0.03,0.029887,LOW
S00747,L0037,T01,747,15,17.904511,17.199714,35.517556,91.592957,5,1.877498,0.302535,0.052007,0.122166,HIGH
S00261,L0013,T01,261,156,1532.286919,18.034493,44.141944,11.402418,1,-0.958133,0.449746,0.03,0.041887,LOW
S00312,L0015,T02,312,55,351.232006,18.022866,310.645278,508.378954,1,-1.266909,0.353796,0.03,0.041887,LOW
S00105,L0005,T01,105,81,2408.693645,18.916409,48.154394,16.830276,7,3.554937,0.442577,0.03,0.263084,HIGH
S00659,L0032,T01,659,66,35.620658,18.827245,42.162101,135.019471,4,1.087059,0.272183,0.203807,0.01813,LOW
S00353,L0017,T01,353,20,16.084816,14.360245,35.995789,542.14168,3,0.136078,0.292425,0.066243,0.055794,LOW
S00599,L0029,T03,599,190,258.756385,18.37433,46.390156,6.771324,6,2.760051,0.419913,0.03,0.201009,HIGH
S00076,L0003,T02,76,192,1218.925752,18.813671,54.101331,67.692017,5,1.853365,0.443347,0.03,0.150588,HIGH
S00584,L0029,T01,584,8,93.441692,19.027626,48.319079,137.848039,4,1.058365,0.374148,0.03,0.111056,LOW
S00036,L0001,T01,36,88,616.657222,19.009059,26.486205,112.135226,4,1.353823,0.433949,0.03,0.111056,LOW
S00243,L0012,T01,243,87,,18.407874,38.608749,467.973356,0,-2.083244,0.283421,0.144104,0.008705,LOW
S00333,L0016,T02,333,130,221.312639,17.035286,39.460363,13.447256,6,2.624094,0.366045,0.03,0.201009,HIGH
S00020,L0001,T01,20,61,2032.262702,19.894677,54.369796,191.603097,3,0.091772,0.405424,0.03,0.080913,LOW
S00441,L0022,T01,441,102,20.022597,19.448462,57.555558,4.008465,6,2.903563,0.251292,0.206587,0.034809,LOW
S00641,L0032,T02,641,34,93.105203,18.398999,34.555037,6.120524,0,-1.596954,0.389847,0.03,0.029887,LOW
S00135,L0006,T01,135,97,140.359682,20.747338,43.258851,3.451331,1,-0.583868,0.294642,0.218017,0.005496,LOW
S00234,L0011,T01,234,103,11.841116,15.848336,41.421233,111.94332,1,-1.033362,0.283509,0.065639,0.028692,LOW
S00057,L0002,T01,57,116,15.058483,17.74328,54.140624,610.766581,0,-2.11367,0.314194,0.03,0.029887,LOW
S00725,L0036,T01,725,135,1729.981298,19.955274,51.280523,106.397244,7,3.137937,0.392225,0.03,0.263084,HIGH
S00077,L0003,T01,77,18,166.146565,16.772192,53.010014,94.063803,1,-1.323141,0.364477,0.03,0.041887,LOW
S00638,L0031,T01,638,177,2253.084831,,54.741273,1.052279,5,2.177319,0.468221,0.03,0.150588,HIGH
S00717,L0035,T03,717,40,561.679429,19.825952,45.780351,162.113335,3,0.311936,0.393028,0.03,0.080913,LOW
S00310,L0015,T01,310,152,220.618592,16.807232,55.450397,89.438065,0,-2.152174,0.381426,0.03,0.029887,LOW
S00673,L0033,T01,673,99,306.713081,17.703964,46.698814,7.923333,3,0.597081,0.3427,0.042541,0.07123,LOW
S00447,L0022,T02,447,78,60.518437,19.255965,49.758232,4.425376,1,-0.605284,0.314612,0.080932,0.024358,LOW
S00761,L0038,T02,761,12,92.250186,20.576995,46.266382,231.350729,1,-1.169948,0.38738,0.03,0.041887,LOW
S00158,L0007,T02,158,153,4220.519642,19.688417,54.138687,3.989331,0,-1.504584,0.444473,0.03,0.029887,LOW
S00211,L0010,T01,211,186,49.71737,17.336802,52.885735,4.010444,7,3.370128,0.378837,0.03,0.263084,HIGH
S00339,L0016,T01,339,89,2087.143642,17.831898,30.373804,12.768445,6,2.823658,0.430718,0.03,0.201009,HIGH
S00266,L0013,T02,266,192,11.20166,19.937453,45.016174,468.294816,4,0.957328,0.349455,0.03,0.111056,LOW
S00527,L0026,T01,527,167,1027.292769,18.41086,45.366069,182.139256,6,2.453194,0.435468,0.03,0.201009,HIGH
S00704,L0035,T01,704,131,194.771195,16.860757,55.237559,70.521607,2,-0.31655,0.386768,0.03,0.058415,HIGH
S00719,L0035,T02,719,90,32.232136,17.85203,56.091606,1.286788,4,1.761802,0.24434,0.274379,0.008424,LOW
S00442,L0022,T01,442,40,3915.242702,18.420543,48.748081,121.495956,2,-0.557883,0.443511,0.03,0.058415,LOW
S00751,L0037,T01,751,73,2051.210217,18.272369,45.704378,2.654314,0,-1.408473,0.385291,0.03,0.029887,LOW
S00268,L0013,T01,268,84,66.141811,18.978212,60.825608,52.470391,2,-0.327572,0.304934,0.06389,0.040982,LOW
S00327,L0016,T01,327,9,11.79321,17.767465,43.608949,30.143569,0,-1.697836,0.297195,0.081014,0.017274,LOW
S00069,L0003,T01,69,44,20.574726,17.830866,45.832785,7.456163,4,1.267116,0.313111,0.156509,0.030131,LOW
S00130,L0006,T03,130,71,1774.972264,16.900616,42.165713,222.326681,4,1.104439,0.367159,0.03,0.111056,LOW
S00671,L0033,T01,671,54,80.426504,17.946854,34.054648,529.062293,1,-1.146397,0.354775,0.050917,0.033567,LOW
S00603,L0030,T01,603,23,1970.990505,19.235388,31.653853,93.005784,2,-0.278376,0.415613,0.03,0.058415,LOW
S00490,L0024,T01,490,58,4846.108284,18.137606,40.214118,31.320207,7,3.293496,0.447358,0.03,0.263084,HIGH
S00568,L0028,T01,568,147,1683.199223,18.109043,41.504231,155.752514,6,2.461595,0.410091,0.03,0.201009,HIGH
S00186,L0009,T01,186,38,2745.768394,,48.007461,311.174964,7,3.183499,0.418068,0.03,0.263084,HIGH
S00540,L0027,T01,540,179,262.104733,18.171727,47.517957,289.72611,6,2.104891,0.401623,0.03,0.201009,HIGH
S00220,L0011,T02,220,160,24.94609,19.806905,43.887295,3.644374,0,-1.491965,0.296432,0.13457,0.009658,LOW
S00703,L0035,T01,703,74,1814.491008,19.405295,40.160358,11.035753,5,2.094616,0.393454,0.039193,0.138104,HIGH
S00031,L0001,T02,31,126,24.659422,17.96629,47.396927,41.83902,4,1.243028,0.297404,0.072584,0.072533,LOW
S00710,L0035,T03,710,124,99.566786,18.396137,43.509487,419.403969,4,1.065627,0.302017,0.133989,0.038277,LOW
S00664,L0033,T01,664,158,1704.362564,19.844577,42.208569,887.475185,7,3.242257,0.422246,0.03,0.263084,HIGH
S00797,L0039,T01,797,20,729.4677,17.938788,42.36172,109.920972,5,1.824964,0.430644,0.03,0.150588,HIGH
S00565,L0028,T01,565,120,2399.716854,17.679663,39.512877,85.493668,6,2.643195,0.394055,0.03,0.201009,HIGH
S00482,L0024,T01,482,125,17.870443,18.526339,44.8659,233.078253,2,-0.388611,0.282572,0.148544,0.016561,LOW
S00700,L0035,T01,700,57,3348.861267,15.812719,40.157531,29.602594,5,1.983444,0.415209,0.03,0.150588,HIGH
S00258,L0012,T02,258,79,40.459576,15.305314,35.726575,103.421953,0,-1.85723,0.264339,0.160479,0.00728,LOW
S00474,L0023,T01,474,165,1002.689462,19.036299,52.513345,240.369,3,0.42293,0.441383,0.03,0.080913,LOW
S00749,L0037,T01,749,191,3136.739954,19.575923,42.434519,181.035,1,-1.080572,0.482138,0.03,0.041887,LOW
S00014,L0000,T01,14,63,1057.171534,18.61838,40.526504,11.1107,6,2.702755,0.45329,0.03,0.201009,HIGH
S00304,L0015,T03,304,106,12.44568,17.63326,39.152938,20.763566,3,0.642072,0.265821,0.218256,0.010978,LOW
S00418,L0020,T01,418,48,117.824622,17.075529,33.168906,11.127607,4,1.327376,0.351445,0.110579,0.048968,LOW
S00434,L0021,T01,434,169,1299.090784,18.088495,45.32596,44.247209,6,2.520999,0.434603,0.03,0.201009,HIGH
S00684,L0034,T02,684,4,37.30235,17.931714,51.225875,100.289376,3,0.130162,0.289256,0.089946,0.043547,LOW
S00174,L0008,T03,174,91,26.308917,20.162179,40.775459,12.264404,3,0.76791,0.275614,0.190713,0.014805,LOW
S00588,L0029,T02,588,73,46.348798,15.437714,22.668099,1.388516,5,2.149456,0.310283,0.18712,0.030522,LOW
S00572,L0028,T03,572,187,1122.656956,17.940781,33.80752,5.598261,7,3.643692,0.420614,0.03,0.263084,HIGH
S00517,L0025,T03,517,119,150.067701,18.068718,56.391864,125.97773,5,1.573338,0.318577,0.03,0.150588,HIGH
S00165,L0008,T02,165,104,24.236966,19.993734,51.509957,2.737956,7,3.703509,0.284266,0.25831,0.028157,LOW
S00093,L0004,T02,93,38,189.209316,18.763598,58.763015,13.848816,1,-0.876826,0.341209,0.084953,0.023328,LOW
S00405,L0020,T01,405,118,167.230218,18.231407,51.721916,11.57125,0,-1.485183,0.293858,0.174135,0.006271,LOW
S00717,L0035,T03,717,40,561.679429,19.825952,45.780351,162.113335,3,0.311936,0.393028,0.03,0.080913,LOW
S00101,L0005,T01,101,93,1109.091762,15.667266,64.153278,57.833197,1,-1.091601,0.372256,0.03,0.041887,LOW
S00549,L0027,T01,549,140,118.153847,17.605229,42.172548,7.485166,2,-0.235176,0.328764,0.108668,0.025448,LOW
S00701,L0035,T02,701,,4284.592345,18.040166,38.974227,1.780897,5,2.214108,0.426399,0.03,0.150588,HIGH
S00557,L0027,T02,557,34,310.260852,16.92358,41.779201,435.776645,3,0.173328,0.380265,0.03,0.080913,LOW
S00013,L0000,T01,13,34,48.455355,15.249485,38.870311,425.582472,0,-2.176914,0.348191,0.03,0.029887,LOW
S00102,L0005,T01,102,117,51.72522,17.306939,49.682013,83.693813,0,-1.761364,0.293988,0.146107,0.008517,LOW
S00298,L0014,T01,298,85,1409.438222,18.622091,48.345666,263.483632,3,0.114118,0.361288,0.03,0.080913,LOW
S00598,L0029,T01,598,131,2332.501805,16.550435,53.816947,10.971962,5,1.911882,0.43862,0.03,0.150588,HIGH
S00493,L0024,T01,493,167,535.825184,17.626244,37.266153,66.247818,5,1.697804,0.380105,0.03,0.150588,HIGH
S00452,L0022,T01,452,39,58.329566,16.613717,43.399519,7.188143,7,3.530361,0.362284,0.035372,0.25179,HIGH
S00478,L0023,T01,478,34,433.918582,20.025461,28.978345,4.796839,0,-1.207754,0.397034,0.03,0.029887,LOW
S00496,L0024,T03,496,29,13.24129,18.344178,52.628903,1.427131,2,0.083362,0.314785,0.115442,0.023664,LOW
S00200,L0010,T01,200,142,4313.324334,17.00361,18.780845,121.047694,3,0.439128,0.430778,0.03,0.080913,LOW
S00163,L0008,T02,163,4,19.139893,16.778266,39.966711,11.067044,0,-1.518665,0.334755,0.083953,0.016733,LOW
S00199,L0009,T01,199,102,49.442916,17.679193,26.13292,9.069931,4,1.578242,0.27867,0.165136,0.027478,LOW
S00283,L0014,T02,283,37,371.244476,17.59051,34.047031,8.961599,1,-0.8435,0.411329,0.03,0.041887,LOW
S00219,L0010,T02,219,153,24.721621,15.81388,43.454686,748.88243,6,2.14747,0.308719,0.03,0.201009,HIGH
S00552,L0027,T01,552,86,120.592399,19.491774,41.986339,342.282636,,0.353351,0.306674,0.03,0.080913,LOW
S00662,L0033,T01,662,96,26.495539,17.322786,42.617995,404.579786,3,0.272568,0.235332,0.155201,0.021728,LOW
S00066,L0003,T01,66,2,33.546279,19.349354,45.630507,31.130392,2,-0.331549,0.353967,0.03,0.058415,LOW
S00060,L0003,T03,60,180,,19.769299,43.398227,34.324647,7,3.25066,0.491229,0.03,0.263084,HIGH
S00519,L0025,T01,519,83,4047.795705,14.930364,,29.188338,0,-1.8528,0.427384,0.03,0.029887,LOW
S00396,L0019,T01,396,149,1000.584275,16.895892,63.593838,3.265725,0,-1.565733,0.404298,0.03,0.029887,LOW
S00035,L0001,T01,35,44,4669.686652,18.861744,43.364191,219.934918,1,-1.080878,0.446466,0.03,0.041887,LOW
S00509,L0025,T01,509,115,915.298776,19.945788,59.613901,19.542883,5,1.890877,0.386841,0.03,0.150588,HIGH
S00350,L0017,T03,350,181,4525.135075,17.545515,42.428769,5.514759,6,2.619776,0.456878,0.03,0.201009,HIGH
S00207,L0010,T01,207,48,267.036084,17.414447,,1.04855,3,0.925218,0.378953,0.03,0.080913,LOW
S00213,L0010,T02,213,142,890.807731,18.532924,44.174341,247.064636,1,-1.126504,0.419642,0.03,0.041887,LOW
S00791,L0039,T01,791,3,887.955265,17.756885,45.529846,4.155889,7,3.566015,0.432088,0.03,0.263084,HIGH
S00740,L0037,T03,740,44,80.789522,16.511998,55.189517,33.351925,2,-0.356803,0.365963,0.03,0.058415,LOW
S00723,L0036,T03,723,121,1813.989286,18.301637,39.512373,6.184629,4,1.371311,0.414713,0.03,0.111056,LOW
S00408,L0020,T01,408,131,1125.445629,17.854958,42.866672,9.164327,3,0.570724,0.403158,0.03,0.080913,LOW
S00601,L0030,T03,601,56,551.932116,15.698307,49.621741,,4,0.846747,0.383302,0.03,0.111056,LOW
S00779,L0038,T01,779,186,67.686708,17.101822,41.507001,103.627672,1,-1.260032,0.321654,0.113846,0.017085,LOW
S00555,L0027,T02,555,128,38.608425,18.574553,59.348633,495.125312,4,0.569098,0.31991,0.03,0.111056,LOW
S00389,L0019,T01,389,183,1008.239229,17.168662,43.032254,800.082744,,-0.869334,0.41563,0.03,0.058415,LOW
S00722,L0036,T01,722,101,77.247107,18.740049,49.736964,62.435664,4,1.218969,0.32751,0.171609,0.025638,LOW
S00479,L0023,T03,479,6,1886.742851,16.81146,49.782606,6.166742,6,2.707171,0.496214,0.03,0.201009,HIGH
S00381,L0019,T01,381,99,4295.549228,17.488659,54.34841,1.876919,3,0.791285,0.444114,0.03,0.080913,LOW
S00449,L0022,T01,449,24,3150.795611,15.885435,37.759439,247.503823,2,-0.645753,0.426593,0.03,0.058415,LOW
S00590,L0029,T02,590,,11.061399,16.283384,42.267062,3.993449,4,1.502977,0.256053,0.319649,0.005137,LOW
S00750,L0037,T01,750,65,23.260008,19.024783,71.863378,1.004103,0,-1.220176,0.304069,0.166691,0.006803,LOW
S00593,L0029,T01,593,63,11.649528,17.682688,58.860406,517.088229,4,0.595284,0.308976,0.03,0.111056,LOW
S00154,L0007,T02,154,,392.971511,17.467687,63.857352,279.28222,7,2.505968,0.382158,0.03,0.263084,HIGH
S00153,L0007,T03,153,181,314.566095,18.100907,39.906458,2.147304,7,3.530668,0.435418,0.03,0.263084,HIGH
S00005,L0000,T02,5,103,942.07415,17.880197,50.656844,207.712708,3,0.402547,0.420262,0.03,0.080913,LOW
S00089,L0004,T03,89,19,287.817751,,56.544777,9.223424,0,-1.34481,0.340488,0.03,0.029887,LOW
S00658,L0032,T03,658,113,76.611595,16.830621,52.981558,3.585021,2,-0.027877,0.336517,0.068757,0.038928,LOW
S00616,L0030,T01,616,37,1904.303298,18.346002,36.119163,1.20782,3,0.679621,0.43337,0.03,0.080913,LOW
S00735,L0036,T01,735,116,46.39658,18.565248,43.717287,304.105631,2,-0.419121,0.336811,0.08543,0.032618,LOW
S00547,L0027,T01,547,59,4133.128431,20.588424,32.46938,12.30998,1,-0.664183,0.435769,0.03,0.041887,LOW
S00729,L0036,T01,729,52,,17.227868,50.311558,11.171906,2,-0.236016,0.368799,0.03,0.058415,LOW
S00291,L0014,T01,291,128,1317.587882,18.002995,,55.115229,6,2.440523,0.372893,0.03,0.201009,HIGH
S00054,L0002,T01,54,,213.719434,17.677324,39.726926,68.620157,6,2.611584,0.36741,0.03,0.201009,HIGH
S00228,L0011,T01,228,30,67.944826,18.940243,44.160973,1.050086,6,3.074565,0.350541,0.080955,0.125592,HIGH
S00743,L0037,T01,743,,1667.688776,16.148245,29.117337,210.247816,6,2.321869,0.394866,0.03,0.201009,HIGH
S00422,L0021,T01,422,69,196.041372,17.031928,34.963595,31.074613,0,-1.687756,0.356914,0.03,0.029887,LOW
S00649,L0032,T02,649,81,,18.53678,47.132605,8.501626,6,2.892118,0.403579,0.03,0.201009,HIGH
S00198,L0009,T01,198,28,3498.259273,16.92962,50.152464,211.151941,2,-0.634818,0.43163,0.03,0.058415,LOW
S00072,L0003,T02,72,40,377.326983,18.070026,,251.445648,1,-1.173507,0.360587,0.03,0.041887,LOW
S00025,L0001,T01,25,88,3051.023953,18.895329,46.626149,55.85725,4,1.228719,0.457544,0.03,0.111056,LOW
S00627,L0031,T03,627,52,1739.764236,19.084588,47.721735,47.533049,3,0.562828,0.446943,0.03,0.080913,LOW
S00018,L0000,T02,18,39,13.986965,19.127808,48.961107,434.574425,0,-1.88066,0.312306,-0.054304,0.016365,LOW
S00788,L0039,T01,788,181,2465.304366,14.879749,314.701371,68.292301,6,2.427288,0.420435,0.03,0.201009,HIGH
S00463,L0023,T02,463,23,25.484301,19.289462,51.804881,1.492991,3,0.917668,0.332741,0.05365,0.063557,LOW
S00696,L0034,T03,696,153,24.966899,18.170713,53.662469,37.23265,5,1.785361,0.292744,0.127893,0.056957,LOW
S00361,L0018,T02,361,152,494.848048,17.666523,37.538329,44.661791,4,1.155205,0.428792,0.03,0.111056,LOW
S00444,L0022,T03,444,56,102.206797,19.162393,32.806503,1.455446,4,1.604748,0.3478,0.080993,0.066551,LOW
S00789,L0039,T03,789,146,22.766987,16.758615,31.090925,266.991597,2,-0.482934,0.243976,0.183722,0.011307,LOW
S00486,L0024,T01,486,74,329.972875,16.988861,45.657716,83.560336,0,-1.815767,0.337749,0.03,0.029887,LOW
S00238,L0011,T02,238,148,254.584115,16.715786,41.141684,377.375135,0,-2.142331,0.40056,0.03,0.029887,LOW
S00368,L0018,T01,368,58,161.076641,18.9735,50.563484,,7,2.968459,0.305318,0.03,0.263084,HIGH
S00132,L0006,T01,132,170,143.436545,16.219656,51.55032,14.881988,1,-1.092793,0.393611,0.03,0.041887,LOW
S00480,L0024,T01,480,94,16.78256,17.872854,55.995862,324.74972,1,-1.382437,0.295075,0.138893,0.013024,LOW
S00322,L0016,T02,322,166,126.120442,,66.46996,457.750706,1,-1.473295,0.368441,0.03,0.041887,LOW
S00794,L0039,T02,794,64,2976.805702,16.391192,33.601486,60.962942,0,-1.605484,0.378273,0.03,0.029887,LOW
S00461,L0023,T01,461,12,25.362518,18.592742,35.357358,2.008663,5,2.264635,0.377645,0.038139,0.139491,HIGH
S00070,L0003,T01,70,73,121.253454,16.12484,17.536812,9.51798,5,2.093656,0.333342,0.135616,0.052562,LOW
S00342,L0017,T01,342,190,2606.399858,17.270209,41.832153,1.190171,0,-1.53522,0.506847,0.03,0.029887,LOW
S00378,L0018,T01,378,9,1402.816624,18.104165,36.562689,1.027695,2,0.160813,0.442923,0.03,0.058415,LOW
S00382,L0019,T01,382,14,21.058197,18.427683,44.915826,1.113355,5,2.210034,0.31647,0.071473,0.100996,LOW
S00196,L0009,T02,196,182,320.014483,18.291855,43.480503,,6,2.307969,0.415194,0.03,0.201009,HIGH
S00127,L0006,T03,127,121,1195.019042,17.999535,46.005449,979.365852,1,-1.458591,0.38486,0.03,0.041887,LOW
S00379,L0018,T02,379,151,1124.360543,17.807957,45.442302,36.35095,4,1.102456,0.382201,0.03,0.111056,LOW
S00346,L0017,T01,346,143,12.219021,18.966461,37.664207,49.029256,3,0.336431,0.278563,0.146758,0.023792,LOW
S00488,L0024,T01,488,182,13.888142,16.40613,47.225666,833.168761,5,1.22666,0.364019,0.03,0.150588,HIGH
S00384,L0019,T01,384,65,238.738654,18.56543,,8.27607,3,0.585866,0.377236,0.03,0.080913,LOW
S00646,L0032,T02,646,107,1083.283241,17.475883,49.427086,15.066045,3,0.483061,0.418444,0.03,0.080913,LOW
S00022,L0001,T02,22,40,659.898089,16.710928,44.120139,206.119916,0,-1.984649,0.397862,0.03,0.029887,LOW
S00691,L0034,T01,691,49,379.055007,15.538193,47.746527,13.726444,7,3.438556,0.380105,0.03,0.263084,HIGH
S00383,L0019,T01,383,75,3419.058711,18.222605,46.219811,8.797417,5,2.133895,0.431636,0.03,0.150588,HIGH
S00122,L0006,T01,122,132,3758.246671,17.573102,50.392069,131.712888,6,2.463717,0.443379,0.03,0.201009,HIGH
S00423,L0021,T03,423,142,57.441316,17.596484,44.989094,511.244724,1,-1.337903,0.290952,0.091179,0.021818,LOW
S00256,L0012,T01,256,36,183.142602,17.568946,34.53355,8.387876,3,0.581162,0.386521,0.03,0.080913,LOW
S00218,L0010,T01,218,78,103.083374,18.807158,30.699248,3.285902,5,2.332827,0.358236,0.080333,0.092485,LOW
S00170,L0008,T01,170,,117.024591,20.029815,50.441643,,5,1.98716,0.357027,0.03,0.150588,HIGH
S00229,L0011,T01,229,66,553.805693,16.976098,39.854803,16.004318,4,1.102492,0.379208,0.03,0.111056,LOW
S00736,L0036,T01,736,58,84.912441,18.126386,34.512891,220.828152,0,-1.846322,0.319329,0.064442,0.020656,LOW
S00065,L0003,T01,65,183,4433.845083,19.415189,43.145724,12.712783,6,2.574831,0.485692,0.03,0.201009,HIGH
S00300,L0015,T01,300,101,14.329922,19.658585,45.034089,234.110638,3,0.486051,0.302316,0.116946,0.032723,LOW
S00731,L0036,T01,731,35,1037.37689,16.798788,53.989965,418.99703,0,-2.345436,0.395383,0.03,0.029887,LOW
S00681,L0034,T01,681,122,1292.651651,17.836965,34.675359,4.369906,3,0.732742,0.385275,0.03,0.080913,LOW
S00427,L0021,T03,427,3,43.311932,16.607851,47.426312,258.277551,6,2.326533,0.304707,0.057978,0.156072,HIGH
S00068,L0003,T02,68,19,268.590841,15.313157,49.26046,,3,-0.084055,0.379614,0.03,0.080913,LOW
S00501,L0025,T03,501,85,1542.138798,17.156088,30.191363,214.378719,1,-1.032886,0.40924,0.03,0.041887,LOW
S00074,L0003,T01,74,63,12.797319,18.927311,39.180824,279.278341,4,1.297465,0.269728,0.145141,0.034008,LOW
S00357,L0017,T01,357,192,4340.878164,18.786345,42.500076,11.640945,4,1.283892,0.446493,0.03,0.111056,LOW
S00784,L0039,T02,784,165,709.389919,17.445896,46.074248,298.34636,0,-2.234255,0.389239,0.03,0.029887,LOW
S00602,L0030,T01,602,89,178.366398,18.205661,50.172074,11.01974,2,0.046308,0.340619,0.064729,0.04062,LOW
S00189,L0009,T03,189,9,177.549742,19.332401,43.630117,33.12454,5,1.87797,0.401843,0.03,0.150588,HIGH
S00582,L0029,T01,582,66,1012.945251,16.458691,67.258416,1.256987,6,2.890283,0.386551,0.042621,0.179634,HIGH
S00107,L0005,T02,107,75,1822.013327,16.198848,49.191719,27.227696,7,3.17233,0.363324,0.03,0.263084,HIGH
S00226,L0011,T01,226,173,3414.59222,19.055484,37.034752,1.19899,4,1.526386,0.481605,0.03,0.111056,LOW
S00775,L0038,T01,775,14,32.737327,18.43324,51.99364,39.877336,4,0.893795,0.296658,0.082038,0.06584,LOW
S00195,L0009,T01,195,65,108.632936,18.971708,48.37226,740.415321,4,0.951584,0.354136,0.03,0.111056,LOW
S00536,L0026,T02,536,80,538.326517,18.358857,53.608228,18.827931,3,0.596334,0.374174,0.03,0.080913,LOW
S00685,L0034,T01,685,130,23.243479,17.39321,28.53009,7.850165,2,-0.042844,0.285116,0.218537,0.007738,LOW
S00412,L0020,T01,412,178,2397.191472,19.731845,54.196993,17.250569,6,2.700496,0.41862,0.03,0.201009,HIGH
S00149,L0007,T01,149,178,96.160561,18.44609,28.555452,79.819897,3,0.510892,0.367001,0.03,0.080913,LOW
S00282,L0014,T01,282,62,498.110694,18.464293,,19.79619,3,0.516702,0.351685,0.03,0.080913,LOW
S00612,L0030,T01,612,50,11.447121,17.935792,52.661591,127.307047,4,1.004637,0.285339,0.18251,0.022807,LOW
S00705,L0035,T01,705,137,12.083957,17.426621,62.718043,34.537572,2,-0.38503,0.292191,0.103009,0.027038,LOW
S00055,L0002,T01,55,51,11.755582,20.897171,44.095544,7.030055,3,0.816262,0.31481,0.107423,0.036206,LOW
S00579,L0028,T03,579,33,198.231638,20.062359,63.620621,210.344215,4,0.767878,0.37252,0.03,0.111056,LOW
S00295,L0014,T03,295,99,91.850292,16.404001,49.005497,625.028626,2,-0.630192,0.29105,0.052986,0.045964,LOW
S00484,L0024,T01,484,110,53.245007,17.916544,61.068741,1.388497,4,1.492322,0.277842,0.222459,0.014817,LOW
S00004,L0000,T01,4,35,27.939461,18.957982,320.047911,515.46983,0,-2.034905,0.34063,0.03,0.029887,LOW
S00512,L0025,T01,512,8,171.737586,17.9242,51.350763,8.441187,5,2.145502,0.399523,0.03,0.150588,HIGH
S00251,L0012,T01,251,84,97.152546,17.955891,41.946732,571.853621,4,0.930851,0.326565,0.065269,0.078135,LOW
S00596,L0029,T01,596,33,3079.683508,16.042908,59.563384,1.317546,6,2.857386,0.460448,0.03,0.201009,HIGH
S00782,L0039,T03,782,,13.935704,17.439154,35.234844,3.41862,0,-1.513549,0.322826,0.145576,0.008566,LOW
S00781,L0039,T01,781,132,233.789951,17.55293,25.194375,4.769806,0,-1.335824,0.313345,0.121588,0.011124,LOW
S00683,L0034,T01,683,171,1847.075395,18.07908,52.806154,4.018823,0,-1.454658,0.392915,0.03,0.029887,LOW
S00380,L0019,T02,380,123,571.534993,17.925176,20.052951,42.649218,2,-0.001317,0.38871,0.03,0.058415,LOW
S00708,L0035,T02,708,80,310.325127,17.862163,27.236482,11.309674,7,3.635236,0.334482,0.098752,0.14353,HIGH
S00544,L0027,T01,544,32,60.170488,16.820957,50.319761,4.503713,5,2.040391,0.333469,0.103018,0.073563,LOW
S00134,L0006,T01,134,61,39.020926,16.945788,50.062461,1.276702,5,2.246607,0.276119,0.217918,0.021943,LOW
S00073,L0003,T01,73,128,,18.043305,57.027978,533.634333,4,0.686842,0.42804,0.03,0.111056,LOW
S00063,L0003,T01,63,175,416.289037,17.096691,51.803386,24.97039,6,2.539871,0.403596,0.03,0.201009,HIGH
S00742,L0037,T02,742,39,4207.366315,18.733501,50.077773,11.849831,1,-0.864254,0.478859,0.03,0.041887,LOW
S00535,L0026,T01,535,147,28.041667,19.26022,49.265127,7.052238,5,2.16659,0.360514,0.03,0.150588,HIGH
S00273,L0013,T01,273,103,51.779239,19.324654,37.836243,71.581476,7,3.360688,0.277671,0.114528,0.123488,HIGH
S00399,L0019,T02,399,149,,18.823805,36.961341,14.93591,2,0.072061,0.474468,0.03,-0.286539,LOW
S00674,L0033,T01,674,114,2726.947624,17.200108,39.162558,886.473487,5,1.599727,0.38419,0.03,0.150588,HIGH
S00308,L0015,T01,308,33,2182.649835,18.742125,47.788394,228.147507,1,-1.16338,0.409663,0.03,0.041887,LOW
S00771,L0038,T03,771,60,4989.849296,17.436885,44.115399,52.430053,3,0.445385,0.443879,0.03,0.080913,LOW
S00286,L0014,T01,286,98,3667.978353,20.62576,36.824516,60.62993,7,3.548028,0.419686,0.03,0.263084,HIGH
S00148,L0007,T01,148,103,1985.864595,18.484733,30.415793,7.415378,3,0.759543,0.431073,0.03,0.080913,LOW
S00223,L0011,T01,223,109,105.471961,17.008219,,6.461211,6,2.803787,0.324302,0.080074,0.12666,HIGH
S00276,L0013,T03,276,185,4386.601314,15.564168,42.280809,5.918262,,1.89541,0.453009,0.03,0.150588,HIGH
S00628,L0031,T02,628,143,16.910662,17.665385,59.403227,1.820352,1,-0.654059,0.281514,0.178357,0.008477,LOW
S00738,L0036,T01,738,22,856.825734,16.166515,49.222299,304.233741,7,3.03294,0.439402,0.03,0.263084,HIGH
S00340,L0017,T02,340,54,18.449571,18.95985,54.867344,852.905117,4,0.736334,0.295704,0.03,0.111056,LOW
S00289,L0014,T01,289,137,21.727929,17.266812,52.861057,519.447997,2,-0.680984,0.345766,0.03,0.058415,LOW
S00147,L0007,T02,147,113,115.698109,20.330127,36.484411,,5,2.17754,0.328974,0.110632,0.068055,LOW
S00002,L0000,T01,2,188,3623.257094,19.445351,46.974058,39.207864,7,3.239665,0.466112,0.03,0.263084,HIGH
S00363,L0018,T01,363,15,3030.094542,16.937713,36.978115,109.075646,6,2.442851,0.509379,0.03,0.201009,HIGH
S00183,L0009,T02,183,125,204.973229,18.701474,42.059364,563.119557,6,2.209272,0.353737,0.03,0.201009,HIGH
S00617,L0030,T03,617,31,13.046034,16.263381,314.333731,27.675069,7,3.345533,0.288282,0.139067,0.097112,LOW
S00106,L0005,T02,106,2,27.534358,19.94022,44.842804,630.284575,0,-2.174694,0.356784,0.03,0.029887,LOW
S00184,L0009,T01,184,10,44.599646,16.781254,34.465791,,2,-0.266122,0.320592,0.095295,0.029362,LOW
S00524,L0026,T03,524,15,472.533322,15.954103,53.7321,509.657808,5,1.291159,0.396875,0.03,0.150588,HIGH
S00155,L0007,T01,155,191,121.695872,18.304111,45.516081,814.098336,0,-2.158295,0.348347,0.03,0.029887,LOW
S00635,L0031,T01,635,171,499.746059,17.01338,49.885937,1.571665,7,3.629016,0.319876,0.066481,0.192897,HIGH
S00373,L0018,T01,373,168,184.397256,,40.916066,519.431606,2,-0.463925,0.363073,0.03,0.058415,LOW
S00702,L0035,T02,702,9,446.578168,17.716186,56.157594,96.484992,0,-2.003179,0.436645,0.03,0.029887,LOW
S00400,L0020,T02,400,146,444.624803,14.793834,56.850557,25.399648,3,0.201645,0.370111,0.03,0.080913,LOW
S00044,L0002,T01,44,22,1951.545507,21.3244,35.993671,3.476197,6,2.961842,0.420156,0.03,0.201009,HIGH
S00757,L0037,T03,757,176,957.288928,18.398611,68.905999,21.703708,6,2.500477,0.45018,0.03,0.201009,HIGH
S00088,L0004,T01,88,16,19.300743,16.951482,63.075419,15.730073,1,-1.010155,0.352019,0.03,0.041887,LOW
S00798,L0039,T03,798,30,142.46418,17.705007,48.154857,25.902654,2,-0.306351,0.349724,0.068903,0.038868,LOW
S00414,L0020,T02,414,53,3799.430866,15.840107,37.109344,56.649428,6,2.476459,0.450823,0.03,0.201009,HIGH
S00443,L0022,T01,443,6,227.087379,17.709388,51.601127,785.517011,1,-1.494468,0.429724,0.03,0.041887,LOW
S00765,L0038,T01,765,25,14.195421,19.09608,36.139138,11.20064,2,-0.027714,0.306208,0.144533,0.017295,LOW
S00024,L0001,T01,24,123,2084.307794,18.56403,49.878284,227.790426,1,-1.160258,0.384312,0.03,0.277273,LOW
S00221,L0011,T02,221,49,,16.164225,34.242439,1.478757,6,2.90726,0.268548,0.219299,0.030404,LOW
S00157,L0007,T03,157,7,10.255422,18.994457,39.978997,1.674637,6,3.059768,0.301984,0.189195,0.041841,LOW
S00012,L0000,T02,12,132,11.666127,20.201941,56.029262,37.895654,6,2.665863,0.274729,0.136934,0.072006,LOW
S00604,L0030,T01,604,101,255.550365,,37.211218,4.642206,0,-1.464143,0.398422,0.03,0.029887,LOW
S00215,L0010,T03,215,135,35.064113,17.294864,58.327561,68.649527,2,-0.593442,0.319442,0.03,0.058415,LOW
S00397,L0019,T01,397,146,147.184876,18.726017,34.225957,11.394875,6,2.920726,0.395513,0.03,0.201009,HIGH
S00335,L0016,T02,335,140,13.231539,,40.573592,463.647449,2,-0.535442,0.251131,0.164073,0.013997,LOW
S00279,L0013,T01,279,92,26.599924,17.927211,53.998918,3.295545,1,-0.660197,0.276392,0.185023,0.007882,LOW
S00435,L0021,T01,435,161,438.309948,19.63257,30.784657,41.530449,6,2.82355,0.423574,0.03,0.201009,HIGH
S00587,L0029,T03,587,104,357.443539,17.676887,37.275596,,4,1.285257,0.365573,0.03,0.111056,LOW
S00364,L0018,T01,364,118,1727.543314,19.536905,31.413254,465.681214,0,-1.721527,0.413262,0.03,0.029887,LOW
S00643,L0032,T03,643,38,24.286612,18.631907,50.817682,14.731319,2,-0.119032,0.313846,0.114293,0.023957,LOW
S00366,L0018,T02,366,30,2481.315603,17.944793,,5.595885,3,0.705266,0.431043,0.03,0.080913,LOW
S00263,L0013,T03,263,17,2639.860151,17.043756,54.013713,10.672195,4,1.156404,0.419759,0.03,0.111056,LOW
S00682,L0034,T01,682,192,60.266007,18.003835,47.88801,20.796046,0,-1.823489,0.359893,0.057013,0.022376,LOW
S00403,L0020,T03,403,137,11.003535,19.303298,41.157262,70.233537,2,-0.375893,0.265961,0.151517,0.016037,LOW
S00668,L0033,T02,668,45,18.376823,16.422342,48.319388,289.936019,6,2.06213,0.297253,0.127874,0.078956,LOW
S00108,L0005,T03,108,64,60.599867,18.15443,,66.988223,2,-0.502566,0.332707,0.03605,0.05486,LOW
S00503,L0025,T02,503,88,111.709638,16.891601,43.470553,177.888083,1,-1.184972,0.321618,0.065238,0.028815,LOW
S00651,L0032,T01,651,26,216.863761,20.26149,40.374842,566.992487,3,0.263183,0.421317,0.03,0.080913,LOW
S00426,L0021,T01,426,140,122.9831,18.553605,54.369555,5.105101,2,-0.139443,0.367761,0.03,0.058415,LOW
S00586,L0029,T02,586,62,1366.390294,17.335484,,47.646345,0,-1.702062,0.380834,0.03,0.029887,LOW
S00206,L0010,T01,206,85,124.200421,17.225739,30.781741,3.282616,5,2.356138,0.397415,0.03,0.150588,HIGH
S00659,L0032,T01,659,66,35.620658,18.827245,42.162101,135.019471,4,1.087059,0.272183,0.203807,0.01813,LOW
S00592,L0029,T01,592,13,55.003806,17.569826,35.580168,86.744432,7,3.18911,0.304978,0.154165,0.083492,LOW
S00453,L0022,T02,453,23,33.659811,17.710939,24.131059,22.260506,30.0,0.674125,0.316131,0.11291,0.034158,LOW
S00190,L0009,T01,190,64,258.187772,17.185013,41.98197,3.777065,,1.38018,0.355915,0.039674,0.100977,LOW
S00661,L0033,T02,661,102,2824.5748,16.987606,40.606063,10.426594,7,3.624093,0.326766,0.067703,0.190814,HIGH
S00608,L0030,T01,608,75,2820.189774,15.926896,49.092852,490.316659,2,-0.69016,0.43485,0.03,0.058415,LOW
S00741,L0037,T03,741,65,120.277774,19.892421,44.294725,179.796995,6,2.561214,0.31738,0.11138,0.0932,LOW
S00610,L0030,T01,610,129,284.087801,17.694432,40.081375,8.428393,1,-0.797291,0.366906,0.072866,0.026558,LOW
S00001,L0000,T01,1,170,105.049103,18.392873,32.42514,387.227518,3,0.419707,0.359333,0.03,0.080913,LOW
S00142,L0007,T01,142,32,861.937502,17.348659,46.635005,461.227193,4,0.694813,0.43537,0.03,0.111056,LOW
S00541,L0027,T02,541,24,25.278523,20.016903,57.420493,804.013093,2,-0.910647,0.339858,0.03,0.058415,LOW
S00369,L0018,T02,369,164,4898.677796,16.869636,41.942655,124.08863,3,0.278504,0.498898,0.03,0.080913,LOW
S00733,L0036,T03,733,9,2431.418471,17.900091,31.392597,4.349624,6,2.91058,0.488284,0.03,0.201009,HIGH
S00477,L0023,T01,477,147,44.117309,18.362249,61.061576,153.892022,1,-1.361703,0.313764,0.03,0.041887,LOW
S00456,L0022,T01,456,,1435.553589,17.901517,49.476886,2.667567,3,0.715082,0.420733,0.03,0.080913,LOW
S00440,L0022,T01,440,37,535.363092,19.186098,44.555962,13.431817,5,2.124658,0.023257,0.03,0.150588,HIGH
S00678,L0033,T01,678,91,4633.742012,19.808182,40.532124,37.336291,2,-0.131068,0.444636,0.03,0.058415,LOW
S00062,L0003,T01,62,,399.323446,18.341604,28.362688,3.00933,3,0.700873,0.3676,0.09914,0.039523,LOW
S00774,L0038,T01,774,61,19.265622,17.591768,52.669664,11.833084,7,3.353914,0.227777,0.262766,0.026846,LOW
S00644,L0032,T03,644,14,424.674165,16.780742,49.291358,263.674409,1,-1.283439,0.454077,0.03,0.041887,LOW
S00526,L0026,T02,526,63,1067.46581,16.721643,54.767611,82.838984,3,0.341699,0.390204,0.03,0.080913,LOW
S00753,L0037,T01,753,97,452.162928,18.750185,70.040549,172.735748,2,-0.724368,0.337802,0.03,0.058415,LOW
S00554,L0027,T01,554,81,40.740685,17.924693,50.893942,14.653382,0,-1.667381,0.312097,0.13035,0.010112,LOW
S00236,L0011,T03,236,105,17.161824,15.957087,32.652355,3.586913,5,2.096603,0.291769,0.173171,0.035404,LOW
S00640,L0032,T03,640,90,1079.09803,18.158935,57.109141,1.744101,0,-1.147848,0.373894,0.03,0.029887,HIGH
S00692,L0034,T02,692,36,2149.552354,18.897483,35.416575,6.417865,7,3.665742,0.438579,0.03,0.263084,HIGH
S00548,L0027,T01,548,151,17.368341,17.615342,42.074262,9.144144,0,-1.549527,0.32874,0.06938,0.019586,LOW
S00216,L0010,T01,216,156,129.837365,17.311652,35.605009,178.124572,6,2.557563,0.375056,0.035533,0.191411,HIGH
S00466,L0023,T02,466,166,89.27076,20.772275,52.668274,27.462974,6,2.726231,0.335682,0.03,0.201009,HIGH
S00214,L0010,T02,214,111,916.584549,20.42668,47.853021,101.704935,6,2.547274,0.381438,0.03,0.201009,HIGH
S00758,L0037,T01,758,24,,17.531696,39.235675,236.034678,6,2.449549,0.329782,0.084739,0.121092,HIGH
S00395,L0019,T01,395,166,1411.241689,16.677371,39.693309,1.056871,5,2.065378,0.381179,0.03,0.150588,HIGH
S00344,L0017,T02,344,148,24.892745,17.134746,54.066933,45.584007,4,1.004785,0.282327,0.156898,0.030006,LOW
S00341,L0017,T03,341,111,13.520074,18.099748,57.92536,23.213023,0,-1.809168,0.288579,0.054042,0.023102,LOW
S00795,L0039,T01,795,45,49.472975,19.049685,48.256417,11.399095,6,2.798181,0.338212,0.090849,0.114119,LOW
S00471,L0023,T01,471,139,261.579406,15.716662,40.506277,18.215103,4,1.049416,0.396333,0.03,0.111056,LOW
S00115,L0005,T01,115,153,1815.1624,17.856675,194.1929,1.541161,0,-1.370401,0.411188,0.03,0.029887,LOW
S00299,L0014,T01,299,30,82.83408,20.361044,37.747385,18.417128,4,1.194736,0.352758,0.057871,0.084202,LOW
S00543,L0027,T01,543,63,12.067167,16.856383,46.073318,1.087073,1,-0.697817,0.297493,0.214995,0.005681,LOW
S00622,L0031,T03,622,92,17.524065,18.314858,34.786746,240.38786,2,-0.253368,0.265541,0.201131,0.009355,LOW
S00227,L0011,T01,227,32,1912.930005,16.084541,52.619825,31.663111,3,0.387255,0.467405,0.03,0.080913,LOW
S00428,L0021,T03,428,31,272.72016,17.672952,45.216184,17.892494,5,1.864558,0.362959,0.03,0.150588,HIGH
S00182,L0009,T01,182,65,145.647927,17.330975,36.241629,249.825659,6,2.301918,0.342333,0.032552,0.196539,HIGH
S00514,L0025,T01,514,138,90.687009,19.81833,35.795748,1.110949,0,-1.432274,0.369839,0.048402,0.024544,LOW
S00141,L0007,T01,141,16,320.979917,18.723364,42.748087,32.704959,2,-0.211258,0.424593,0.03,0.058415,LOW
S00620,L0031,T01,620,157,4978.256543,18.491267,55.081359,503.854137,0,-1.935514,0.460272,0.03,0.029887,LOW
S00097,L0004,T01,97,110,1659.406937,19.631002,38.882042,350.229543,6,2.573443,0.388019,0.091683,0.113195,LOW
S00727,L0036,T01,727,177,450.120507,20.858724,38.176599,960.167901,3,0.284426,0.397196,0.03,0.080913,LOW
S00528,L0026,T01,528,183,398.960954,16.976671,47.210577,72.029673,7,2.987221,0.380469,0.048898,0.224805,HIGH
S00151,L0007,T02,151,86,108.519215,17.557295,53.434213,11.173466,1,-0.936114,0.321674,0.075415,0.025842,LOW
S00177,L0008,T01,177,11,54.348862,19.130639,38.8442,3.415955,1,-0.679144,0.380018,0.046339,0.035239,LOW
S00317,L0015,T01,317,191,73.182013,17.428042,42.430198,794.075045,2,-0.657973,0.360494,0.045305,0.049814,LOW
S00064,L0003,T01,64,180,4489.832364,17.255892,40.398262,1.707948,1,-0.750958,0.45337,0.03,0.041887,LOW
S00573,L0028,T01,573,14,1428.286632,16.637898,47.212196,277.272472,1,-1.604862,0.443721,0.03,0.041887,LOW
S00311,L0015,T02,311,115,1121.797475,18.56196,35.953741,184.259761,3,0.269352,0.383121,0.03,0.080913,LOW
S00242,L0012,T01,242,30,205.043443,16.051224,39.809211,813.331601,6,2.136393,0.373711,0.03,0.201009,HIGH
S00377,L0018,T01,377,136,645.76195,20.384204,49.116781,194.615728,5,1.770334,0.347052,0.03,0.150588,HIGH
S00255,L0012,T01,255,69,15.457714,19.35567,39.659662,29.622655,1,-0.864128,0.262522,0.174362,0.008854,LOW
S00030,L0001,T01,30,103,4193.227534,18.450483,55.312506,706.269686,1,-1.485057,0.411319,0.03,0.041887,LOW
S00595,L0029,T01,595,173,1187.33039,17.409217,52.651547,310.397349,5,1.585716,0.423219,0.03,0.150588,HIGH
S00305,L0015,T01,305,156,24.28537,17.368806,50.159186,1.144271,7,3.652812,0.287475,0.148821,0.088102,LOW
S00080,L0004,T02,80,54,45.491193,18.802049,51.149517,61.464891,4,0.905288,0.358328,0.03,0.111056,LOW
S00349,L0017,T01,349,146,25.75488,17.867322,37.878848,39.999223,4,1.137844,0.311448,0.076426,0.06974,LOW
S00487,L0024,T01,487,192,3827.304246,18.26899,63.104388,31.552428,1,-1.170843,0.470858,0.03,0.041887,LOW
S00481,L0024,T02,481,55,119.689763,16.310449,36.478927,2.157864,3,0.668002,0.302902,0.242189,0.008459,LOW
S00390,L0019,T01,390,45,1339.601342,19.769414,41.439777,1.154478,1,-0.707197,0.388484,0.03,0.041887,LOW
S00709,L0035,T01,709,174,46.264286,18.679535,31.924291,203.82903,2,-0.165389,0.37185,0.03,0.058415,LOW
S00606,L0030,T01,606,70,113.709885,18.984822,36.53014,93.972236,3,0.463027,0.325972,0.045986,0.068763,LOW
S00575,L0028,T01,575,149,17.620861,18.26956,45.100896,2.531121,1,-0.745203,0.32768,0.039555,0.037866,LOW
S00259,L0012,T01,259,56,33.505915,19.642656,36.764568,2.700058,4,1.530265,0.312094,0.160687,0.028817,LOW
S00393,L0019,T01,393,30,472.02515,19.613618,56.038577,35.546046,7,3.372497,0.433128,0.03,0.263084,HIGH
S00164,L0008,T01,164,106,14.583018,16.433863,37.728906,7.104676,5,2.066601,0.256355,0.225084,0.020314,LOW
S00192,L0009,T03,192,127,1256.470865,17.630549,42.10445,71.51039,7,3.182349,0.422771,0.03,0.263084,HIGH
S00760,L0038,T03,760,152,157.460204,,56.458956,295.762012,5,1.43149,0.377825,0.03,0.150588,HIGH
S00460,L0023,T01,460,175,30.159698,18.621253,40.590826,76.242689,1,-1.101831,0.311903,0.065729,0.028664,LOW
S00505,L0025,T01,505,169,39.653755,18.153739,45.277912,,2,-0.098295,0.358187,0.069206,0.038744,LOW
S00118,L0005,T01,118,35,32.398081,18.151003,27.523825,135.475253,7,3.349711,0.328811,0.106581,0.133265,HIGH
S00431,L0021,T01,431,82,94.502429,15.736191,40.148165,5.941926,4,1.401131,0.303188,0.209761,0.017,LOW
S00454,L0022,T02,454,91,113.649671,16.937391,41.731691,3.142645,6,2.819989,0.361885,0.0946,0.110013,LOW
S00721,L0036,T01,721,179,14.929636,19.786144,46.697338,37.001056,2,-0.241495,0.304277,0.132535,0.019688,LOW
S00772,L0038,T01,772,30,214.869243,16.85935,39.674913,135.52195,3,0.259446,0.413117,0.03,0.080913,LOW
S00374,L0018,T01,374,51,4088.571999,17.887216,62.674294,224.291398,5,1.323982,0.464143,0.03,0.150588,HIGH
S00402,L0020,T02,402,18,80.912621,18.085608,47.382128,323.1144,7,3.074112,0.315513,0.03,0.263084,HIGH
S00410,L0020,T02,410,12,1040.691137,17.293281,50.502286,2.852039,3,0.61913,0.422615,0.03,0.080913,LOW
S00253,L0012,T01,253,42,239.120356,17.978937,33.855957,79.360681,1,-1.063525,0.411211,0.03,0.041887,LOW
S00043,L0002,T01,43,84,951.802642,16.367676,29.058066,7.896316,2,0.084996,0.390784,0.03,0.058415,LOW
S00336,L0016,T01,336,69,201.428599,20.747862,39.503299,7.138027,7,3.68048,0.372315,0.097246,0.145579,HIGH
S00143,L0007,T03,143,16,300.98262,19.104631,44.176689,29.121636,4,1.106406,0.340786,0.158843,0.02939,LOW
S00793,L0039,T01,793,128,55.610651,18.8305,38.961453,137.955564,1,-1.023997,0.290522,0.1033,0.019146,LOW
S00050,L0002,T02,50,151,2843.252977,19.036487,42.741584,23.959489,4,1.273995,0.400588,0.03,0.111056,LOW
S00525,L0026,T01,525,27,2293.050521,18.42948,50.665141,48.904236,1,-1.045098,0.446628,0.03,0.041887,LOW
S00473,L0023,T01,473,109,118.732034,21.202312,55.232205,5.655716,3,0.673374,0.253354,0.206569,0.012465,LOW
S00034,L0001,T01,34,85,80.390792,18.310128,49.15738,182.539387,5,1.624084,0.289317,0.161026,0.040261,LOW
S00433,L0021,T01,433,44,1437.554616,17.328731,42.977374,12.242578,1,-0.933389,0.439602,0.03,0.041887,LOW
S00450,L0022,T02,450,178,1448.501738,17.112915,50.490325,5.17939,4,1.262195,0.47979,0.03,0.111056,LOW
S00504,L0025,T02,504,17,11.554896,19.046084,38.085246,22.725118,0,-1.686338,0.322403,0.036701,0.027822,LOW
S00707,L0035,T02,707,89,215.016078,17.683334,36.233411,70.947699,1,-0.96703,0.371375,0.03,0.041887,LOW
S00539,L0026,T01,539,149,12.244953,18.131561,60.476263,547.1432,1,-1.516896,0.268233,0.048771,0.034341,LOW
S00244,L0012,T01,244,86,54.046106,18.805638,46.385965,1.611812,5,2.306948,0.286753,0.168825,0.037074,LOW
S00144,L0007,T01,144,108,18.388192,17.828957,34.291453,112.459766,0,-1.675548,0.241754,0.22188,0.003719,LOW
S00578,L0028,T01,578,13,10.194961,17.821945,27.301,26.576374,2,-0.114901,0.29665,0.199406,0.009533,LOW
S00178,L0008,T02,178,159,11.624963,16.607608,52.834766,23.983279,7,3.175654,0.321713,0.049651,0.223364,HIGH
S00605,L0030,T01,605,186,24.604773,15.769389,52.677727,45.496361,6,2.348149,0.349289,0.03,0.201009,HIGH
S00476,L0023,T01,476,95,364.723474,16.811629,48.819396,1.050138,4,1.589265,0.357107,0.10335,0.052807,LOW
S00748,L0037,T01,748,117,646.987593,20.954242,51.628778,226.967876,4,0.845259,0.336326,0.112253,0.048118,LOW
S00764,L0038,T01,764,142,161.611689,19.598591,53.44893,3.995211,7,3.53261,0.371328,0.03,0.263084,HIGH
S00626,L0031,T01,626,92,1270.849052,18.860024,35.195473,2.960168,1,-0.536416,0.356572,0.033307,0.040451,LOW
S00583,L0029,T02,583,122,321.677877,16.895372,55.80368,226.279367,5,1.576755,0.343531,0.03,0.150588,HIGH
S00052,L0002,T01,52,114,17.78078,17.14351,41.938742,494.455992,7,3.153167,0.208382,0.236552,0.0355,LOW
S00629,L0031,T02,629,34,145.10804,18.284502,,35.439155,2,-0.590852,0.335117,0.03,0.058415,LOW
S00212,L0010,T01,212,21,3398.0731,18.337488,38.179793,1.015871,2,0.047795,0.470744,0.03,0.058415,LOW
S00507,L0025,T03,507,49,10.089821,17.477724,57.589465,19.21989,4,1.051304,0.220139,0.286773,0.007359,LOW
S00767,L0038,T02,767,6,23.564603,17.603084,40.473963,13.123912,7,3.328403,0.333907,0.03,0.263084,HIGH
S00016,L0000,T01,16,168,77.793787,18.328291,48.414057,2.8681,3,0.74573,0.324256,0.122222,0.030935,LOW
S00506,L0025,T01,506,183,1732.15983,17.843602,45.567363,59.937692,0,-1.758239,0.455638,0.03,0.029887,LOW
S00611,L0030,T01,611,161,93.078597,14.608894,42.315325,51.275286,5,1.625944,0.331475,0.03,0.150588,HIGH
S00365,L0018,T02,365,10,1781.878164,18.873732,50.23958,2.681487,0,-1.410729,0.458763,0.03,0.029887,LOW
S00631,L0031,T01,631,13,163.111933,19.995634,46.075925,16.024987,0,-1.53346,0.359215,0.03,0.029887,LOW
S00677,L0033,T02,677,63,658.022112,18.793413,29.54032,180.587815,5,1.827475,0.371687,0.03,0.150588,HIGH
S00570,L0028,T03,570,192,378.031744,16.263563,51.844557,2.380142,0,-1.50908,0.416814,0.03,0.029887,LOW
S00280,L0014,T02,280,99,1236.263837,,48.338663,117.890783,5,2.039003,0.407932,0.03,0.150588,HIGH
S00429,L0021,T02,429,94,1724.742369,17.423926,46.195038,2.607558,3,0.919906,0.3877,0.058337,0.060557,LOW
S00301,L0015,T01,301,,643.079308,19.001907,42.042035,3.035474,6,3.011899,0.399691,0.03,0.201009,HIGH
S00398,L0019,T01,398,48,145.680506,16.989198,40.362426,1.005664,5,2.180763,0.316542,0.138694,0.050901,LOW
S00181,L0009,T01,181,12,135.671465,16.79333,43.650755,8.97087,0,-1.642098,0.373917,0.03,0.029887,LOW
S00497,L0024,T02,497,124,1015.214596,19.447356,49.398378,215.831324,2,-0.44365,0.400309,0.03,0.058415,LOW
S00690,L0034,T01,690,86,173.345671,17.946874,35.00527,560.299026,7,3.069731,0.344301,0.030694,0.261607,HIGH
S00419,L0020,T02,419,189,15.644591,18.598906,49.787061,1.547744,5,2.059024,0.323818,0.176878,0.034038,LOW
S00650,L0032,T01,650,143,264.238792,17.004524,51.709346,744.146177,1,-1.613067,0.346639,0.054567,0.032288,LOW
S00085,L0004,T03,85,190,2009.819316,18.982653,48.446218,12.506687,0,-1.768135,0.460986,0.03,0.029887,LOW
S00046,L0002,T03,46,112,1019.704791,17.861512,29.50328,29.084498,1,-0.755602,0.36754,0.03,0.041887,LOW
S00458,L0022,T01,458,186,1044.252325,19.371558,46.710672,14.102764,6,2.779891,0.449547,0.03,0.201009,HIGH
S00124,L0006,T01,124,152,230.126301,16.390646,54.897922,58.945188,2,-0.502296,0.358721,0.03,0.058415,LOW
S00560,L0028,T01,560,48,16.511189,18.682462,42.662746,11.37388,7,3.515265,0.295426,0.16831,0.072332,LOW
S00232,L0011,T01,232,77,85.032576,19.331735,42.270817,19.089305,6,2.781159,0.329657,0.070265,0.139085,HIGH
S00254,L0012,T03,254,129,162.444028,18.251895,33.956881,5.069123,7,3.494024,0.356924,0.03904,0.244264,LOW
S00193,L0009,T02,193,90,2064.015921,17.693707,50.034031,7.84321,4,1.489507,0.421877,0.03,0.111056,LOW
S00387,L0019,T01,387,95,124.80468,19.302616,46.48912,21.723241,1,-0.699617,0.340493,0.048432,0.034465,LOW
S00746,L0037,T02,746,3,209.958074,17.956,30.660278,27.154773,6,2.664733,0.435629,0.03,0.201009,HIGH
S00491,L0024,T01,491,46,32.990846,19.173659,31.245991,6.952464,0,-1.530661,0.302736,0.12582,0.010623,LOW
S00468,L0023,T01,468,65,114.632921,18.228795,43.592708,4.79256,3,0.809564,0.320636,0.124192,0.030292,LOW
S00362,L0018,T01,362,69,2198.249003,17.567467,27.696647,921.604491,1,-1.283288,0.39156,0.03,0.041887,LOW
S00688,L0034,T01,688,57,2998.195104,18.012278,40.775346,235.347715,2,-0.619123,0.430276,0.03,0.058415,LOW
S00019,L0000,T02,19,177,694.450876,18.742332,40.920412,87.908988,6,2.411167,0.405032,0.03,0.201009,HIGH
S00241,L0012,T03,241,54,403.885921,,198.26297,179.476011,7,3.310395,0.361391,0.03,0.263084,HIGH
S00021,L0001,T02,21,156,1200.527166,16.763295,,3.731625,6,2.793866,0.450121,0.03,0.201009,HIGH
S00230,L0011,T03,230,106,435.217208,20.270614,39.616179,1.693485,,2.292764,0.341299,0.037696,0.140076,HIGH
S00267,L0013,T01,267,190,236.080308,18.272023,48.260383,3.492394,4,1.199015,0.357206,0.03,0.111056,LOW
S00465,L0023,T01,465,55,1031.921557,19.289264,44.310146,145.423481,3,0.334911,0.420498,0.03,0.080913,LOW
S00737,L0036,T01,737,8,75.112353,,42.943396,297.699385,7,3.045939,0.354173,0.03,0.263084,HIGH
S00017,L0000,T03,17,144,500.210344,14.837957,32.796858,553.153443,0,-2.014266,0.404879,0.03,0.029887,LOW
S00082,L0004,T01,82,135,1532.963112,16.285715,52.392777,83.944948,5,1.718898,0.419598,0.03,0.150588,HIGH
S00039,L0001,T02,39,188,3860.445469,16.928486,43.198118,12.353391,3,0.516429,0.460296,0.03,0.080913,LOW
S00217,L0010,T01,217,,68.504534,18.547899,,198.006283,7,3.155534,0.315501,0.03,0.263084,HIGH
S00752,L0037,T01,752,177,102.556167,18.266076,45.269185,1.153641,3,0.598925,0.354812,0.03,0.080913,LOW
S00099,L0004,T01,99,52,563.887529,18.611645,47.975029,3.834466,4,1.315471,0.410223,0.03,0.111056,LOW
S00091,L0004,T01,91,21,991.575148,19.387938,46.088485,29.387268,1,-0.885282,0.416533,0.03,0.041887,LOW
S00326,L0016,T01,326,25,1522.161138,19.469227,54.913927,92.865984,5,1.604955,0.422009,0.03,0.150588,HIGH
S00511,L0025,T01,511,192,771.502684,16.551666,47.77219,,7,2.906981,0.441753,0.03,0.263084,HIGH
S00591,L0029,T01,591,104,14.540476,18.562953,30.846327,126.804982,6,2.438307,0.23622,0.286258,0.014791,LOW
S00445,L0022,T01,445,51,4800.304356,19.666539,53.280138,884.200508,6,2.212042,0.451259,0.03,0.201009,HIGH
S00330,L0016,T02,330,147,1131.364199,17.237504,49.349633,3.089268,3,0.619455,0.436302,0.03,0.080913,LOW
S00669,L0033,T01,669,23,4878.662018,17.82698,54.288827,36.533903,1,-0.91426,0.480476,0.03,0.041887,LOW
S00123,L0006,T02,123,137,2202.893171,15.944071,44.22983,4.113571,2,-0.304014,0.447404,0.03,-0.126743,LOW
S00087,L0004,T01,87,32,502.75497,16.60407,57.509618,1.484571,6,2.916514,0.412471,0.03,0.201009,HIGH
S00166,L0008,T03,166,120,140.93427,19.200429,37.026806,17.456755,7,3.610136,0.346009,0.058492,0.20695,HIGH
S00104,L0005,T02,104,154,3408.089619,16.648925,30.90014,,4,1.253503,0.459403,0.03,0.111056,LOW
S00580,L0029,T01,580,65,10.282057,19.965018,45.424922,9.486709,5,2.168493,0.231682,0.239901,0.017312,LOW
S00534,L0026,T03,534,133,2530.815889,18.622778,41.32898,1.861141,4,1.648853,0.435666,0.03,0.111056,LOW
S00237,L0011,T01,237,95,26.424729,15.937727,59.172126,676.203695,1,-1.586389,0.292885,0.10784,0.018231,LOW
S00624,L0031,T01,624,168,1217.619039,16.535487,46.978844,1.283492,1,-0.706738,0.411045,0.03,0.041887,LOW
S00222,L0011,T01,222,67,774.772525,16.540226,35.490763,45.291576,3,0.49225,0.377846,0.03,0.080913,LOW
S00246,L0012,T01,246,147,284.263141,17.748809,44.8331,22.689892,7,3.400794,0.395597,0.03,0.263084,HIGH
S00208,L0010,T02,208,6,15.213265,18.627792,51.581025,15.992826,6,2.444841,0.373303,0.043527,0.17817,HIGH
S00078,L0003,T01,78,106,45.070625,17.964699,37.820011,2.647947,7,3.794706,0.293347,0.130872,0.105308,LOW
S00689,L0034,T02,689,153,83.922554,18.820537,31.545705,8.734304,7,3.405346,0.336924,0.064114,0.196984,HIGH
S00370,L0018,T02,370,98,226.661074,15.394893,69.20106,995.055859,6,1.718583,0.336092,0.03,0.201009,HIGH
S00594,L0029,T03,594,99,10.815463,,47.551327,1.303138,7,3.779745,0.252252,0.297767,0.018425,LOW
S00417,L0020,T03,417,113,459.538425,16.210266,49.351437,9.062355,0,-1.583594,0.37461,0.056398,0.022524,LOW
S00128,L0006,T01,128,192,11.838541,19.814222,22.380387,7.377787,3,0.798723,0.314885,0.139551,0.025704,LOW
S00331,L0016,T01,331,138,42.13556,18.381646,44.16696,4.635378,5,2.31947,0.35432,0.03,0.150588,HIGH
S00095,L0004,T01,95,34,1913.847785,16.999202,58.091135,13.394457,2,-0.29687,0.431537,0.03,0.058415,LOW
S00799,L0039,T03,799,70,1180.269133,18.296753,58.20442,8.10416,6,2.719289,0.397587,0.03,0.201009,HIGH
S00083,L0004,T02,83,131,52.576906,17.500141,33.614865,1.58159,7,3.814305,0.288027,0.212377,0.04582,LOW
S00407,L0020,T02,407,144,564.197991,20.732096,58.881556,1.410041,1,-0.549623,0.346064,0.102309,0.019352,LOW
S00446,L0022,T01,446,87,83.829802,17.973196,50.507289,22.078145,5,2.028197,0.306401,0.10505,0.072055,LOW
S00047,L0002,T02,47,185,10.88051,15.493895,40.906626,566.657816,7,2.952873,0.298801,0.046419,0.229594,HIGH
S00252,L0012,T01,252,6,245.06002,1.60262,43.06979,1.024967,4,1.288416,0.431812,0.03,0.111056,LOW
S00204,L0010,T02,204,81,19.083262,,37.615927,507.475614,3,0.35687,0.315947,0.036736,0.075571,LOW
S00785,L0039,T02,785,,25.659022,15.756393,49.085845,141.366645,6,2.214496,0.313145,0.052777,0.163755,HIGH
S00518,L0025,T03,518,126,199.702362,,53.108231,24.673295,2,-0.286315,0.346307,0.03,0.058415,LOW
S00672,L0033,T02,672,75,283.988439,15.599824,25.363957,84.344252,0,-1.834632,0.31382,0.137187,0.009386,LOW
S00715,L0035,T01,715,122,1042.695853,13.668702,52.857245,315.668924,5,1.339179,0.382237,0.03,0.150588,HIGH
S00726,L0036,T01,726,58,301.00153,17.26909,60.118073,22.997124,5,1.800773,0.392078,0.03,0.150588,HIGH
S00732,L0036,T02,732,2,162.099608,17.447365,41.064961,11.962996,7,3.412759,0.387102,0.03,0.263084,HIGH
S00302,L0015,T01,302,126,330.500879,19.607111,44.820905,258.841362,5,1.830854,0.364344,0.03,0.150588,HIGH
S00367,L0018,T01,367,39,325.199754,18.557888,24.112734,292.577026,5,1.723284,0.391982,0.03,0.150588,HIGH
S00470,L0023,T01,470,189,894.727011,18.159149,62.439097,3.183928,7,3.59768,0.452106,0.03,0.263084,HIGH
S00121,L0006,T01,121,77,956.987001,17.950924,29.787994,7.470122,3,0.750683,0.343463,0.065057,0.056485,LOW
S00355,L0017,T02,355,171,444.342425,17.232003,38.728613,3.015987,7,3.608845,0.365746,0.03,0.263084,HIGH
S00576,L0028,T01,576,97,25.40726,20.379155,55.420104,372.927403,6,2.266723,0.225389,0.156859,0.058666,LOW
S00687,L0034,T03,687,162,12.072545,17.941336,44.788545,8.907886,5,2.175371,0.276419,0.22277,0.020827,LOW
S00274,L0013,T01,274,54,499.75842,,62.03305,1.142208,0,-1.378919,0.411041,0.03,0.029887,LOW
S00329,L0016,T01,329,15,11.962148,18.148465,48.411629,102.670379,6,2.401718,0.34048,0.03,0.201009,HIGH
S00545,L0027,T02,545,39,640.323417,17.394682,41.492934,1.186833,0,-1.330034,0.441202,0.03,0.029887,LOW
S00113,L0005,T01,113,151,19.13634,15.457293,44.976716,222.689584,7,3.057782,0.319016,0.03,0.263084,HIGH
S00406,L0020,T02,406,170,790.113963,17.768306,27.325525,4.665135,1,-0.664664,0.426716,0.03,0.041887,LOW
S00483,L0024,T02,483,155,808.461648,19.904462,45.622975,198.997518,1,-1.05538,0.374503,0.03,0.041887,LOW
S00059,L0002,T01,59,41,321.641016,20.513875,49.247586,46.611796,4,1.132437,0.402262,0.03,0.111056,LOW
S00459,L0022,T01,459,78,863.424656,17.195239,45.370706,89.462049,3,0.296348,0.41123,0.03,0.080913,LOW
S00637,L0031,T01,637,46,170.639341,18.653851,38.705441,1.92783,3,1.044373,0.317128,0.144994,0.024247,LOW
S00313,L0015,T01,313,11,21.014024,17.368399,48.152134,21.256721,3,0.531726,0.335683,0.047899,0.067428,LOW
S00394,L0019,T02,394,144,60.228416,17.331762,55.808443,4.893616,2,-0.200175,0.330742,0.08521,0.032694,LOW
S00231,L0011,T01,231,171,1581.991747,18.624719,46.923507,45.600499,2,-0.342439,0.424515,0.03,0.058415,LOW
S00287,L0014,T03,287,122,160.170182,18.884117,36.487628,2.121934,0,-1.416024,0.317126,0.199853,0.004733,LOW
S00265,L0013,T01,265,159,23.145856,19.172895,45.904194,16.110478,1,-0.906344,0.287304,0.190459,0.007428,LOW
S00679,L0033,T01,679,178,692.320921,19.163097,,657.881047,0,-1.918459,0.434019,0.03,0.029887,LOW
S00179,L0008,T01,179,43,,18.616672,41.559239,34.875552,2,-0.161998,0.29946,0.15485,0.015469,LOW
S00045,L0002,T01,45,32,65.962563,18.783352,31.726547,12.340371,0,-1.427287,0.342565,0.080291,0.017409,LOW
S00316,L0015,T03,316,133,3663.704454,18.476266,63.176529,2.662777,1,-0.708723,0.457361,0.03,0.041887,LOW
S00415,L0020,T01,415,50,71.056354,15.744747,30.546793,5.282317,7,3.483374,0.343041,0.050707,0.221357,HIGH
S00693,L0034,T03,693,49,11.053633,17.249158,39.969723,8.957795,5,1.897058,0.297244,0.204602,0.025317,LOW
S00027,L0001,T01,27,81,145.643968,18.085747,,313.570879,1,-1.206365,0.346895,0.048473,0.03445,LOW
S00352,L0017,T02,352,71,1807.274294,17.636256,48.906032,465.933049,5,1.580446,0.42173,0.03,0.150588,HIGH
S00667,L0033,T02,667,15,70.500546,18.048493,54.470484,21.124966,,1.794418,0.349266,0.035539,0.142959,HIGH
S00041,L0002,T01,41,96,193.023614,18.799411,66.893138,36.253848,,-1.012078,0.340049,0.053664,0.0326,LOW
S00706,L0035,T02,706,1,58.440335,17.041607,37.218621,1.019643,6,3.000725,0.32391,0.109799,0.09468,LOW
S00240,L0012,T02,240,127,,,38.945663,1.601104,6,2.986046,0.312554,0.148848,0.063725,LOW
S00320,L0016,T02,320,118,275.664564,18.539727,39.10941,178.777186,4,1.255173,0.363105,0.037604,0.103063,LOW
S00224,L0011,T01,224,169,61.885169,19.04726,34.785177,15.725199,6,2.806216,0.339176,0.095445,0.109107,LOW
S00375,L0018,T02,375,163,262.710246,18.362264,42.998771,1.024366,5,2.302264,0.389768,0.03,0.150588,HIGH
S00358,L0017,T02,358,72,3732.58017,17.853676,43.646861,1.804034,4,1.484545,0.440837,0.03,0.111056,LOW
S00436,L0021,T01,436,172,1535.758469,20.940422,35.190982,12.101731,3,0.76175,0.420953,0.03,0.080913,LOW
S00680,L0034,T01,680,148,19.914352,20.940699,43.060335,353.845026,2,-0.362621,0.291667,0.176649,0.012211,LOW
S00589,L0029,T01,589,191,882.330085,17.961651,56.408096,1.378356,3,0.77445,0.428081,0.03,0.080913,LOW
S00314,L0015,T02,314,117,504.666405,18.698169,37.111743,,6,2.955767,0.318124,0.165309,0.053738,LOW
S00129,L0006,T01,129,123,31.034162,17.013411,40.44288,27.062331,0,-1.65367,0.277527,0.09513,0.014826,LOW
S00056,L0002,T01,56,98,27.639445,20.098072,,79.037883,6,2.726657,0.293486,0.091755,0.113115,LOW
S00203,L0010,T01,203,,225.941534,15.745705,32.151886,133.643796,1,-1.228674,0.370673,0.039378,0.037937,LOW
S00577,L0028,T02,577,29,40.125917,17.313486,55.167965,258.958368,1,-1.381338,0.321329,0.045707,0.035476,LOW
S00663,L0033,T02,663,152,63.259605,19.136615,42.62682,28.577876,0,-1.527047,0.328511,0.03,0.029887,LOW
S00532,L0026,T01,532,63,136.43126,17.245329,53.524261,55.867997,6,2.33956,0.323412,0.062664,0.149402,HIGH
S00522,L0026,T01,522,78,20.51587,17.835486,40.548951,2.690642,1,-0.670326,0.257159,0.267897,0.003183,LOW
S00409,L0020,T01,409,116,4362.591672,17.058751,48.739304,100.557597,2,-0.310116,0.383804,0.03,0.058415,LOW
S00167,L0008,T03,167,180,15.057395,16.60599,37.679125,16.087688,6,2.56339,0.30373,0.098884,0.105484,LOW
S00061,L0003,T01,61,183,897.621633,15.464037,57.125843,77.082932,4,0.727855,0.429786,0.03,0.111056,LOW
S00281,L0014,T02,281,166,90.727559,21.588213,57.424271,2.73345,7,3.551429,0.355167,0.062296,0.200166,HIGH
S00790,L0039,T01,790,157,712.353241,17.043794,46.206504,16.688428,6,2.752549,0.388299,0.03,0.201009,HIGH
S00003,L0000,T01,3,131,12.281622,19.060857,36.303562,154.681586,7,3.408157,0.282718,0.094859,0.148875,HIGH
S00567,L0028,T01,567,57,697.930037,18.366629,46.844795,5.246645,3,0.659361,0.383131,0.03,0.080913,LOW
S00660,L0033,T02,660,103,800.366476,,31.285577,761.171605,1,-0.757232,0.387604,0.03,0.041887,LOW
S00225,L0011,T03,225,123,242.827781,19.109157,54.467416,402.264836,7,3.054867,0.34632,0.03,0.263084,HIGH
S00500,L0025,T01,500,126,1640.229539,17.669992,59.023978,13.728934,4,1.214288,0.398901,0.03,0.111056,LOW
S00537,L0026,T01,537,108,130.783029,17.715731,40.786754,17.016096,4,1.467769,0.307856,0.095947,0.057032,LOW
S00126,L0006,T02,126,108,3251.607843,16.829706,42.370519,8.964551,3,0.597841,0.440906,0.03,0.080913,LOW
S00642,L0032,T03,642,7,2638.156102,18.070398,39.010006,130.312151,4,1.068487,0.424689,0.03,0.111056,LOW
S00619,L0030,T01,619,166,34.009947,19.466966,55.144788,4.992187,6,3.009217,0.376207,0.03,0.201009,HIGH
S00531,L0026,T01,531,141,796.784737,18.257263,47.658562,1.409017,6,2.925077,0.367938,0.051255,0.16606,HIGH
S00260,L0013,T03,260,134,4893.597035,18.891982,52.821331,195.631679,6,2.415954,0.425965,0.03,0.201009,HIGH
S00160,L0008,T02,160,14,1395.043248,18.835873,29.52844,2.465504,6,2.906028,0.441237,0.03,0.201009,HIGH
S00686,L0034,T03,686,107,1579.338624,18.660486,,189.674537,0,-1.751443,0.391726,0.03,0.029887,LOW
S00131,L0006,T03,131,24,2623.961664,16.804343,,67.441565,7,3.0282,0.471947,0.03,0.263084,HIGH
S00159,L0007,T01,159,157,2365.10167,17.898114,50.6541,1.033665,5,2.331536,0.409262,0.03,0.150588,HIGH
S00581,L0029,T03,581,129,58.91717,18.267355,48.053023,6.547575,0,-1.422935,0.308527,0.154299,0.007788,LOW
S00718,L0035,T01,718,105,1626.651041,19.074411,41.779139,96.830041,1,-0.884598,0.399317,0.03,0.041887,LOW
S00271,L0013,T02,271,104,854.011785,19.410225,37.922263,54.210128,3,0.475374,0.368145,0.057232,0.061252,LOW
S00401,L0020,T01,401,113,4646.400643,18.431258,40.268444,2.627185,,-1.271355,0.392552,0.03,0.029887,LOW
S00634,L0031,T03,634,184,22.646765,18.212239,53.091534,20.970724,5,1.829117,0.30485,0.048581,0.126266,HIGH
S00079,L0003,T01,79,190,299.297939,18.240112,52.255277,1.335126,5,2.193409,0.442934,0.03,0.150588,HIGH
S00656,L0032,T01,656,64,68.413428,19.018429,55.381023,753.02402,5,1.42086,0.310575,0.044244,0.131623,HIGH
S00038,L0001,T03,38,90,1701.03231,17.894177,46.020958,36.678135,2,-0.357205,0.354149,0.03,0.058415,LOW
S00172,L0008,T02,172,28,349.094458,18.744509,54.323355,39.715119,1,-1.080554,0.395704,0.03,0.041887,LOW
S00529,L0026,T01,529,143,414.28549,18.484534,47.982188,1.34866,6,3.041889,0.349763,0.07412,0.134084,HIGH
S00699,L0034,T01,699,43,59.013415,17.42073,46.020895,40.196012,0,-1.65034,0.350776,0.03,0.029887,LOW
S00168,L0008,T01,168,47,1146.904665,18.346178,50.252216,36.484058,6,2.606692,0.436767,0.03,0.201009,HIGH
S00386,L0019,T01,386,58,184.905265,21.034761,51.932135,1.206326,3,1.04483,0.381579,0.03,0.080913,LOW
S00319,L0015,T01,319,105,11.448367,20.121371,35.690668,11.570736,5,2.099438,0.234253,0.299835,0.00903,LOW
S00739,L0036,T01,739,157,21.539901,19.546589,48.141038,2.67444,3,0.714477,0.319445,0.138046,0.026122,LOW
S00338,L0016,T02,338,4,495.029156,16.094716,59.602492,3.122203,5,2.024409,0.420202,0.03,0.150588,HIGH
S00438,L0021,T01,438,180,444.020157,19.277164,32.406173,106.418375,2,-0.280414,0.385428,0.03,0.058415,LOW
S00670,L0033,T01,670,68,3850.354394,15.704471,53.04823,269.232801,7,2.84694,0.444663,0.03,0.263084,HIGH
S00248,L0012,T02,248,43,257.566618,18.423705,40.965621,5.949532,1,-0.755902,0.372912,0.03,0.041887,LOW
S00647,L0032,T02,647,86,,17.061305,52.542376,7.852035,0,-1.46658,0.327251,0.120937,0.011203,LOW
S00569,L0028,T01,569,95,2614.949015,17.427872,42.830606,21.753128,7,3.314512,0.345465,0.03,0.263084,HIGH
S00615,L0030,T03,615,59,2244.807988,19.117929,34.945912,2.940188,3,0.937603,0.439268,0.03,0.080913,LOW
S00523,L0026,T01,523,7,214.748918,18.998487,43.832324,1.634589,6,2.857303,0.381246,0.03,0.201009,HIGH
S00451,L0022,T02,451,181,154.763133,17.595432,48.273287,1.555244,0,-1.398666,0.397019,0.03,0.029887,LOW
S00090,L0004,T02,90,152,3141.668579,17.63834,35.964945,101.786054,7,3.098201,0.444641,0.03,0.263084,HIGH
S00432,L0021,T03,432,90,272.578907,18.333226,39.274535,227.611271,3,0.393202,0.322816,0.047478,0.06772,LOW
S00117,L0005,T01,117,135,1027.125061,18.224364,36.16395,44.933603,3,0.571907,0.392917,0.03,0.080913,LOW
S00058,L0002,T03,58,175,3071.306802,17.922151,44.916861,87.000023,2,-0.238708,0.473487,0.03,0.058415,LOW
S00354,L0017,T01,354,127,649.581507,20.484689,45.311237,174.546564,5,1.736849,0.370275,0.03,0.150588,HIGH
S00351,L0017,T01,351,84,125.816366,18.617392,27.884626,245.572195,2,-0.205166,0.316955,0.03,0.058415,LOW
S00515,L0025,T02,515,123,678.694971,20.416733,43.462092,2.795044,6,2.953116,0.347279,0.06472,0.14655,HIGH
S00763,L0038,T01,763,19,107.631492,20.1315,36.943714,5.242894,7,3.738876,0.310676,0.103271,0.137527,HIGH
S00348,L0017,T01,348,164,76.673836,17.081456,34.033214,550.604857,3,0.114937,0.329521,0.033574,0.078038,LOW
S00343,L0017,T01,343,74,622.450575,17.443866,38.204092,28.60879,3,0.571451,0.39098,0.03,0.080913,LOW
S00033,L0001,T01,33,96,286.575775,17.324143,68.857604,24.525698,2,-0.251531,0.360102,0.03,0.058415,LOW
S00728,L0036,T03,728,136,196.128578,18.954688,32.393963,4.832856,4,1.359937,0.342236,0.129139,0.078581,LOW
S00009,L0000,T02,9,17,401.498194,15.862244,50.26644,1.884709,3,0.564187,0.438126,0.03,0.080913,LOW
S00420,L0021,T02,420,131,118.212069,17.183839,46.287085,125.423179,3,0.345656,0.346584,0.03,0.080913,LOW
S00309,L0015,T01,309,174,13.506368,17.825375,52.890874,63.747428,7,3.122792,0.296278,0.106311,0.133609,HIGH
S00288,L0014,T03,288,107,20.407414,16.493312,42.398329,47.282226,2,-0.378271,0.255021,0.136271,0.01891,LOW
S00359,L0017,T01,359,38,504.495464,18.680329,32.865263,54.860231,6,2.8786,0.410893,0.03,0.201009,HIGH
S00566,L0028,T01,566,11,1810.472133,18.123531,50.157789,10.004619,4,1.260451,0.463803,0.03,0.111056,LOW
S00285,L0014,T01,285,78,2282.602465,17.443791,54.982568,621.680376,6,2.312836,0.384261,0.03,0.201009,HIGH
S00495,L0024,T01,495,108,1276.361872,20.27394,59.408377,3.696339,4,1.478108,0.385358,0.03,0.111056,LOW
S00404,L0020,T01,404,152,14.588678,15.492153,43.90922,18.325178,6,2.579189,0.325724,0.059662,0.153647,HIGH
S00538,L0026,T03,538,46,1257.981205,20.4137,51.636841,60.187861,4,1.109216,0.441071,0.03,0.111056,LOW
S00609,L0030,T01,609,151,1021.400892,18.290816,23.988862,61.9101,2,-0.316152,0.421778,0.03,0.058415,LOW
S00372,L0018,T02,372,18,,19.981318,25.647124,387.537813,6,2.484344,0.470797,0.03,0.201009,HIGH
S00520,L0026,T03,520,3,522.438386,17.022867,49.20826,2.547583,5,2.039516,0.419081,0.03,0.150588,HIGH
S00558,L0027,T01,558,27,283.989416,19.421554,38.060746,5.015727,5,2.275464,0.389195,0.03,0.150588,HIGH
S00040,L0002,T01,40,143,127.354641,18.987226,50.970993,27.069077,2,-0.163705,0.349761,0.03,0.058415,LOW
S00391,L0019,T02,391,97,40.792519,17.972991,45.092104,56.286242,2,-0.215879,0.249852,0.192551,0.010271,LOW
S00494,L0024,T01,494,24,120.563342,17.015569,56.101137,150.09429,0,-2.141078,0.390499,0.03,0.029887,LOW
S00654,L0032,T02,654,22,112.942528,18.372869,37.857283,2.419778,3,0.788316,0.352237,0.175743,0.01741,LOW
S00010,L0000,T01,10,18,788.970014,16.757075,38.291022,3.97684,1,0.087667,0.451093,0.03,0.041887,LOW
S00356,L0017,T02,356,119,1151.234453,19.875814,36.159881,8.890061,5,2.247976,0.40178,0.03,0.150588,HIGH
S00201,L0010,T03,201,,80.258032,18.650369,41.496113,822.251086,7,3.128166,0.310942,0.052419,0.218127,HIGH
S00272,L0013,T01,272,140,99.226651,,49.867961,12.297919,3,-3.786901,0.344094,0.03,0.080913,LOW
S00783,L0039,T02,783,123,36.615912,17.915136,45.239104,18.771195,4,1.147737,0.289017,0.075896,0.070119,LOW
S00119,L0005,T02,119,64,166.105378,18.016729,50.843185,650.507527,5,1.422483,0.298761,0.03,0.150588,HIGH
S00185,L0009,T01,185,13,241.873341,15.252616,58.043076,62.097564,7,3.001392,0.416224,0.03,0.263084,HIGH
S00328,L0016,T01,328,182,4074.688946,15.7326,56.843162,40.564751,,1.781404,0.47685,0.03,0.150588,HIGH
S00171,L0008,T01,171,49,371.784693,19.409007,53.769723,39.782866,2,-0.416555,0.39135,0.03,0.058415,LOW
S00770,L0038,T01,770,140,1641.631204,16.183072,50.508485,4.523438,5,1.850056,0.417015,0.03,0.150588,HIGH
S00636,L0031,T03,636,74,217.448754,16.102304,39.244496,1.752985,2,0.155693,0.372876,0.068662,0.038967,LOW
S00455,L0022,T01,455,53,12.155019,18.799682,57.492237,4.911616,4,1.260594,0.277876,0.23207,0.01335,LOW
S00657,L0032,T01,657,157,,18.969779,39.001648,696.056448,0,-1.903822,0.37339,0.03,0.029887,LOW
S00371,L0018,T03,371,53,4312.386609,18.033091,,289.152456,3,0.238128,0.452133,0.03,0.080913,LOW
S00734,L0036,T01,734,110,1142.035228,21.122358,53.569319,288.499504,,0.492086,0.363798,0.03,0.080913,LOW
S00136,L0006,T01,136,60,90.011963,19.722842,,164.588418,1,-1.028036,0.325568,0.0613,0.030052,LOW
S00051,L0002,T01,51,156,12.235549,17.200879,43.634228,30.015204,1,-1.116813,0.316751,0.06429,0.029108,LOW
S00600,L0030,T01,600,19,10.629142,19.15785,45.515601,6.950642,5,2.234041,0.299899,0.1734,0.035318,LOW
S00100,L0005,T01,100,58,360.093479,19.423222,47.72973,558.329462,5,1.642262,0.362205,0.03,0.150588,HIGH
S00786,L0039,T02,786,46,90.504764,17.735377,49.642483,14.763956,3,0.472889,0.3653,0.03,0.080913,LOW
S00745,L0037,T01,745,156,835.05861,17.850365,49.171765,256.79652,6,2.210503,0.420727,0.03,0.201009,HIGH
S00278,L0013,T01,278,91,1027.57737,16.67485,52.721023,333.316877,7,2.909328,0.361618,0.03,0.263084,HIGH
S00541,L0027,T02,541,24,25.278523,20.016903,57.420493,804.013093,2,-0.910647,0.339858,0.03,0.058415,LOW
S00033,L0001,T01,33,96,286.575775,17.324143,68.857604,24.525698,2,-0.251531,0.360102,0.03,0.058415,LOW
S00556,L0027,T01,556,52,610.537676,18.483546,45.045006,1.326419,7,3.803647,0.356003,0.104522,0.135904,HIGH
S00769,L0038,T01,769,38,33.002167,16.636192,48.592255,231.717036,0,-2.046415,0.29012,0.069697,0.019519,LOW
S00169,L0008,T02,169,38,2771.081778,17.020868,46.62844,274.772704,2,-0.630091,0.478099,0.03,0.058415,LOW
S00324,L0016,T02,324,188,1653.229828,18.230061,55.284158,20.204945,2,-0.303138,0.446614,0.03,0.058415,LOW
S00563,L0028,T01,563,27,131.276285,18.277634,43.173249,2.046776,0,-1.452354,0.390912,0.03,0.029887,LOW
S00564,L0028,T03,564,96,107.619619,16.102412,50.35819,209.273411,7,3.06291,0.291459,0.115563,0.122261,HIGH
S00023,L0001,T02,23,31,14.222113,18.920235,61.600843,4.32199,4,1.300289,0.30653,0.11917,0.044751,LOW
S00630,L0031,T01,630,161,18.509443,18.689084,39.397655,7.921281,5,2.070267,0.300351,0.156121,0.042398,LOW
S00716,L0035,T01,716,134,66.672538,18.746471,37.457739,713.822336,6,2.558321,0.348875,0.03,0.201009,HIGH
S00574,L0028,T01,574,150,1364.640655,20.038117,55.007914,758.955587,1,-1.446329,0.402959,0.03,0.041887,LOW
S00303,L0015,T02,303,64,19.02157,19.024912,55.47211,801.431293,2,-0.705544,0.322064,0.053517,0.045708,LOW
S00315,L0015,T01,315,106,10.374597,18.393187,40.733074,160.842993,3,0.401325,0.272442,0.100418,0.038993,LOW
S00424,L0021,T03,424,51,11.474492,18.127369,36.650969,13.536415,4,1.337889,0.284158,0.108118,0.050245,LOW
S00110,L0005,T03,110,3,1832.307289,17.047347,39.989737,305.694658,,-0.991577,0.404647,0.03,0.041887,LOW
S00081,L0004,T01,81,71,486.487259,16.652708,47.683515,6.92603,0,-1.595469,0.347711,0.039982,0.026862,LOW
S00293,L0014,T01,293,65,23.249633,16.193305,36.00165,46.464477,6,2.456314,0.277422,0.135584,0.073005,LOW
S00759,L0037,T01,759,55,829.855384,19.117175,34.528488,348.11953,2,-0.2245,0.383357,0.03,0.058415,LOW
S00323,L0016,T03,323,140,16.647243,20.010593,44.862186,11.148397,2,0.0595,0.293174,0.095187,0.029396,LOW
S00416,L0020,T01,416,88,246.801438,21.235577,43.197026,6.765593,4,1.720461,0.381609,0.03,0.111056,LOW
S00492,L0024,T02,492,47,51.950825,19.347366,40.384565,1.321252,6,2.916742,0.346734,0.117814,0.087388,LOW
S00607,L0030,T01,607,171,776.958285,20.271743,46.804985,12.135713,0,-1.576848,0.410164,0.03,0.029887,LOW
S00457,L0022,T01,457,111,,20.25622,59.572432,26.108101,0,-1.745902,0.302001,0.091918,0.015351,LOW
S00180,L0009,T02,180,132,2766.771359,17.488231,49.53356,5.023931,3,0.687408,0.4297,0.03,0.080913,LOW
S00325,L0016,T01,325,36,34.019398,20.027541,55.322767,4.276359,1,-0.843975,0.306628,0.106374,0.018522,LOW
S00245,L0012,T01,245,63,4602.415114,18.708255,45.801213,21.235991,5,2.038573,0.472014,0.03,0.150588,HIGH
S00270,L0013,T03,270,190,13.058878,18.430579,45.032594,4.208184,5,2.230536,0.349306,0.032434,0.147194,HIGH
S00297,L0014,T02,297,120,342.195975,18.088512,50.095111,9.342551,1,-0.891889,0.350949,0.043161,0.036447,LOW
