sample_id,lot_id,tool_id,sequence,temp_c,pressure_torr,gas_flow_sccm,cycles,chamber_age_runs,hours_since_maintenance,thickness_nm,uniformity_pct,sheet_resistance_proxy,next_run_cycle_correction
S00067,L0003,T04,67,390.849116,1.852305,181.806771,99,97.314057,54.439852,63.00188,2.992039,67.869965,12.0
S00378,L0018,T03,378,382.947316,2.162846,172.119533,114,65.967729,44.276655,64.741856,2.371752,60.897253,12.0
S00147,L0007,T03,147,381.9062,2.780332,176.476308,117,216.442929,148.678588,63.736875,4.230322,69.897318,12.0
S00223,L0011,T01,223,393.432116,2.879338,200.675547,108,97.001726,21.487482,64.816927,2.739924,63.019982,12.0
S00116,L0005,T01,116,384.816166,2.536905,211.642212,122,206.240319,66.510775,67.676476,3.842078,60.369701,11.064402
S00204,L0010,T05,204,396.734194,2.914521,169.377923,123,238.188689,83.382069,66.033638,4.781042,61.302075,12.0
S00455,L0022,T01,455,4092.71998,1.988973,188.047507,137,87.401133,76.897076,73.499375,2.515113,52.881989,-12.0
S00464,L0023,T01,464,392.233714,2.245123,185.846726,125,195.656287,139.814793,70.521013,3.878364,57.410848,-2.481013
S00492,L0024,T01,492,392.656471,2.212246,178.531632,139,7.763919,79.724001,72.034182,1.581832,58.418814,-9.686583
S00337,L0016,T05,337,399.223592,2.222048,165.879964,105,156.660586,71.501239,66.378937,3.508091,58.361687,12.0
S00277,L0013,T02,277,382.731158,22.95692,193.063988,138,152.593979,70.958516,70.352648,3.554908,57.199648,-1.679277
S00021,L0001,T01,21,394.436969,2.452762,,85,210.301741,51.202469,59.013332,4.103148,68.972673,12.0
S00472,L0023,T02,472,401.592295,2.353363,184.755191,109,113.959392,58.180463,65.236849,2.768087,62.142784,12.0
S00388,L0019,T02,388,401.326937,2.395907,184.684709,103,221.505572,0.733804,64.423323,4.177343,63.316036,12.0
S00035,L0001,T01,35,397.030224,2.186934,177.506316,107,183.1147,70.126009,64.045391,3.853702,68.33348,12.0
S00290,L0014,T02,290,391.102535,2.611386,144.608611,131,25.312391,40.435926,69.21934,1.58277,59.204006,3.717429
S00753,L0037,T04,753,387.488299,2.393218,177.246565,98,90.500727,141.000856,63.752104,2.133569,64.934959,12.0
S00557,L0027,T03,557,381.08506,2.70162,186.886521,118,159.905797,141.843876,64.04324,3.353639,68.318147,12.0
S00017,L0000,T03,17,401.299396,2.166611,184.961863,102,203.705881,53.267949,65.472142,4.109529,60.946537,12.0
S00247,L0012,T01,247,384.420011,2.07071,188.368754,112,2.680195,24.065909,64.883017,1.146145,65.037101,12.0
S00523,L0026,T01,523,391.523295,2.484128,176.33332,113,170.037976,61.505116,64.354303,3.5478,65.761589,12.0
S00114,L0005,T03,114,402.887338,2.293791,190.135471,83,24.483739,45.852066,61.645743,2.042158,70.028194,12.0
S00622,L0031,T01,622,384.970088,2.31936,186.496534,138,84.041952,114.454866,69.746186,2.256094,53.218644,1.208639
S00193,L0009,T03,193,398.346781,2.150557,178.750273,85,166.853219,72.951437,58.909855,3.289355,72.13269,12.0
S00285,L0014,T01,285,381.160736,2.585956,179.089202,119,2.090802,59.121958,64.752885,1.466224,65.38636,12.0
S00613,L0030,T02,613,387.08639,2.377169,184.88029,115,230.696085,81.633636,64.503014,4.177594,66.915654,12.0
S00452,L0022,T03,452,384.027462,2.787171,187.722886,100,235.692683,123.005205,62.632624,4.521266,65.890056,12.0
S00354,L0017,T02,354,392.096098,1.978173,192.765905,91,124.539726,63.851666,61.219027,3.033173,67.851385,12.0
S00392,L0019,T03,392,383.58981,2.25686,194.970689,110,60.795415,96.604413,65.072702,1.949107,60.626993,12.0
S00273,L0013,T04,273,388.503683,2.417521,189.035691,91,100.942469,129.227977,59.943795,2.726984,71.474637,12.0
S00406,L0020,T02,406,382.229291,2.504071,169.682641,84,213.798472,100.653954,59.180423,3.872763,69.184791,12.0
S00437,L0021,T03,437,390.71474,2.24666,174.86016,126,202.515175,6.720544,67.631868,4.334995,60.672949,11.276819
S00298,L0014,T01,298,401.268373,2.730913,190.296602,113,120.488067,,67.771029,3.006742,56.310242,10.614147
S00179,L0008,T02,179,393.951913,2.540844,167.165385,81,186.366754,154.420056,58.49935,3.760647,72.425252,12.0
S00005,L0000,T03,5,394.570551,2.796544,176.884433,81,118.827529,129.296017,58.846914,3.241889,68.520882,12.0
S00531,L0026,T01,531,386.295943,2.538938,192.544688,112,140.786359,130.881221,65.170027,3.184583,64.013265,12.0
S00069,L0003,T05,69,399.628321,2.606952,178.366112,128,85.771646,15.869553,70.486734,2.852061,57.117001,-2.31778
S00110,L0005,T01,110,,2.323182,181.473841,105,77.6421,62.318914,62.207207,2.182173,67.110665,12.0
S00681,L0034,T01,681,387.780842,2.680702,184.268706,105,221.044174,18.211238,65.08897,4.193238,63.521109,12.0
S00094,L0004,T01,94,395.34207,2.467321,151.887133,88,235.123162,44.038633,60.090531,4.341723,68.420794,12.0
S00279,L0013,T02,279,386.727537,2.241558,198.444274,107,111.601085,91.611641,64.145781,2.740274,64.032545,12.0
S00047,L0002,T03,47,393.810419,2.480788,179.599303,89,206.119058,74.962908,60.478675,4.231372,70.456981,12.0
S00211,L0010,T03,211,392.630849,2.371678,175.841452,106,159.450388,54.193681,64.438524,3.477697,65.098834,12.0
S00321,L0016,T01,321,393.495291,2.221802,172.812333,96,97.615533,140.931667,63.125774,2.730459,66.131545,12.0
S00556,L0027,T01,556,380.270189,2.38838,172.519311,135,50.616894,106.029941,69.107916,1.948036,58.477069,4.24802
S00096,L0004,T01,96,402.308445,2.581175,174.738743,129,170.173405,112.946806,69.742645,3.210297,59.052841,1.2255
S00278,L0013,T03,278,391.794233,1.955199,168.706621,136,135.8698,6.573752,68.621754,3.902617,58.273468,6.563075
S00075,L0003,T01,75,400.557603,2.339077,189.656729,113,157.071997,76.135861,67.56807,2.867422,60.774841,11.58062
S00763,L0038,T02,763,372.992188,2.113408,179.94693,115,141.530627,29.627399,64.125656,3.123423,66.3543,12.0
S00774,L0038,T04,774,389.167623,2.317784,183.771278,125,222.068654,117.689992,69.512716,4.056175,61.106057,2.3204
S00643,L0032,T02,643,377.63418,2.592787,191.607245,136,175.063547,58.129223,71.291877,3.421303,57.352351,-6.151793
S00696,L0034,T03,696,383.920967,2.340395,177.135583,107,86.165262,18.489231,64.523375,2.709675,65.602907,12.0
S00585,L0029,T02,585,394.989449,2.295711,177.177491,115,150.464983,146.679922,67.493791,3.229535,58.700549,11.934327
S00139,L0006,T02,139,395.64567,2.314669,177.744961,81,107.420216,98.591318,61.667764,3.029001,67.080652,12.0
S00326,L0016,T04,326,383.476144,2.621641,166.81704,97,178.04054,111.357103,61.938162,3.504261,68.040914,12.0
S00673,L0033,T02,673,396.237625,1.847955,176.327059,122,118.683864,103.27672,69.015635,3.12785,57.267839,4.687454
S00387,L0019,T01,387,392.647617,2.407803,15.902575,90,53.917029,92.067281,59.475833,2.005586,73.616963,12.0
S00749,L0037,T01,749,380.826291,2.388271,189.339022,110,107.648662,31.665521,63.992217,2.599309,64.033506,12.0
S00078,L0003,T01,78,400.141373,2.333972,188.101634,134,236.056694,25.514573,71.208947,4.265951,53.301509,-5.756889
S00399,L0019,T03,399,380.393937,2.575037,200.286146,81,73.085975,35.857494,58.309373,2.540686,72.466646,12.0
S00063,L0003,T01,63,,2.289633,180.542586,121,64.765802,137.538231,66.632233,2.108727,63.287586,12.0
S00358,L0017,T01,358,383.529333,2.671534,199.882525,102,232.715184,48.463775,61.896391,4.216446,67.033661,12.0
S00418,L0020,T01,418,387.96437,2.268865,169.91909,92,53.692876,24.061899,61.027833,2.021421,69.632371,12.0
S00380,L0019,T02,380,390.345371,2.901504,,106,149.131786,148.815312,63.851667,3.182867,64.973128,12.0
S00788,L0039,T01,788,387.736375,2.108433,165.525335,129,57.096438,83.660619,69.926991,2.534033,58.867333,0.347661
S00620,L0031,T02,620,,2.802451,181.744891,96,30.315624,121.911055,63.668242,2.078381,64.552555,12.0
S00733,L0036,T03,733,391.539378,2.343364,169.867251,86,180.92669,,61.663833,3.641289,64.934398,12.0
S00250,L0012,T01,250,391.609248,2.4496,195.302892,117,91.408315,7.903515,66.728995,2.510448,61.985758,12.0
S00669,L0033,T02,669,392.650887,2.467522,201.792435,112,161.056444,87.786475,66.07077,3.277219,58.788971,12.0
S00042,L0002,T01,42,397.800131,2.451787,193.138841,85,42.86561,148.972963,62.971655,2.35119,63.992668,12.0
S00283,L0014,T01,283,377.025796,2.630135,219.781156,110,229.428575,81.26776,66.077602,4.314764,61.591118,12.0
S00310,L0015,T03,310,,2.599098,165.305111,104,152.599863,127.025982,63.449868,3.078509,70.223206,12.0
S00135,L0006,T03,135,389.714096,2.416243,178.716566,,230.176564,34.824212,63.053023,4.049477,66.571228,12.0
S00424,L0021,T01,424,388.546488,2.274638,164.644616,122,123.119316,142.914415,66.19089,3.050482,59.297862,12.0
S00617,L0030,T03,617,378.303307,2.534296,186.813048,85,169.353837,146.089942,57.554869,3.456799,73.531595,12.0
S00407,L0020,T01,407,383.291775,2.279093,182.553365,97,239.707345,50.164152,59.729479,4.303286,70.858658,12.0
S00128,L0006,T04,128,392.63644,2.383728,183.962345,84,77.270293,128.317931,60.447984,2.752955,71.732925,12.0
S00631,L0031,T02,631,388.734162,2.356231,178.377095,125,58.615465,92.64485,67.699021,1.798443,59.435861,10.957041
S00466,L0023,T01,466,375.780758,2.280919,170.229822,138,149.200709,95.61548,71.110666,3.425385,56.773829,-5.288887
S00438,L0021,T01,438,400.453068,2.193151,198.530609,118,208.22143,28.128585,68.462685,3.986975,60.820185,7.320546
S00450,L0022,T01,450,385.053866,2.216994,202.865173,101,183.168277,0.714154,59.895914,3.420899,71.97652,12.0
S00752,L0037,T02,752,394.759394,2.702487,160.396761,130,80.601147,79.916123,68.70301,2.162989,26.212411,6.176143
S00308,L0015,T01,308,384.653028,2.575495,180.419728,119,32.363293,30.931583,67.713999,1.99268,58.337588,10.885719
S00517,L0025,T03,517,379.155931,2.612663,173.207444,113,131.00789,56.818166,62.840537,3.029794,68.082116,12.0
S00208,L0010,T02,208,368.561764,2.374063,154.166111,104,61.460387,139.06813,58.765732,2.090785,72.081224,12.0
S00012,L0000,T04,12,401.612213,2.737333,182.085646,113,238.81558,93.509132,66.601389,4.955902,62.726099,12.0
S00206,L0010,T02,206,397.133826,2.704454,193.72285,117,71.956088,27.2643,67.0125,2.408602,61.484224,12.0
S00532,L0026,T01,532,392.910179,2.360653,179.82677,109,195.116411,88.397862,66.319374,3.582859,64.659032,12.0
S00524,L0026,T01,524,385.839342,2.621596,184.758237,105,178.045282,34.798044,64.491474,3.613097,60.980776,12.0
S00039,L0001,T02,39,378.837732,2.639642,167.87298,116,143.23529,103.580799,64.985698,3.667028,61.303834,12.0
S00719,L0035,T03,719,386.930711,1.919673,179.899801,91,35.833337,1.544997,58.883845,2.221123,73.074324,12.0
S00608,L0030,T03,608,387.603681,2.078322,183.921333,116,,104.163798,66.69439,3.59353,62.837994,12.0
S00798,L0039,T01,798,394.546954,2.048305,166.191508,109,10.977431,1.42538,63.165819,1.641147,64.412682,12.0
S00528,L0026,T02,528,382.71119,2.548158,192.795822,95,216.078131,77.124487,61.814426,4.003687,65.482689,12.0
S00542,L0027,T03,542,390.303557,2.823628,201.393962,86,199.576575,137.1929,61.238185,3.843844,65.449685,-21.898329
S00601,L0030,T02,601,393.275552,2.761714,,122,11.486384,97.358073,69.04552,1.549683,55.378696,4.545141
S00153,L0007,T04,153,384.634122,2.31472,182.056246,110,182.018569,66.035516,65.416271,3.732978,64.142043,12.0
S00634,L0031,T01,634,410.059645,2.449242,164.978991,87,67.443056,149.182346,62.697684,2.235847,72.342239,12.0
S00577,L0028,T02,577,399.348578,2.479253,152.906734,84,126.257673,143.522787,60.546794,3.201774,69.025611,12.0
S00286,L0014,T03,286,406.037442,2.631197,,136,10.528244,155.578023,73.037978,1.443292,51.837684,-12.0
S00083,L0004,T01,83,,,187.152699,89,68.510466,130.009529,60.777441,2.299632,69.683526,12.0
S00343,L0017,T01,343,406.639068,2.719708,181.55832,140,147.899555,103.096069,73.615681,3.600463,52.675504,-12.0
S00274,L0013,T01,274,386.805135,2.55183,169.484908,127,197.439955,46.649302,67.746682,3.911474,62.208284,10.730083
S00522,L0026,T02,522,389.207563,2.110114,154.58751,128,165.046311,143.108591,67.517953,3.429131,62.429847,11.819272
S00287,L0014,T01,287,398.824422,1.976979,192.828544,95,41.191248,118.144192,61.915227,1.993242,69.039489,12.0
S00731,L0036,T01,731,395.754619,2.527618,185.252502,111,52.762371,86.064151,65.088733,2.218868,64.962943,12.0
S00400,L0020,T01,400,385.509867,2.640063,192.988799,128,26.009444,114.68911,67.013879,1.83151,62.771605,12.0
S00374,L0018,T04,374,384.580572,2.433189,165.636752,99,113.83762,19.086296,59.994914,2.944033,66.077259,12.0
S00748,L0037,T03,748,416.271667,2.850499,194.338196,104,202.141381,91.602972,67.220321,3.875674,63.475685,12.0
S00448,L0022,T01,448,388.414649,2.622731,153.701518,81,169.743509,,57.798192,3.576568,70.98672,12.0
S00588,L0029,T03,588,407.482073,2.644066,,107,101.785583,127.658543,68.368156,2.261201,61.996096,7.770685
S00356,L0017,T01,356,397.324151,2.170338,163.990981,117,40.565555,148.420747,67.03744,2.373906,61.390289,12.0
S00485,L0024,T02,485,389.640009,2.27564,179.846375,107,138.137834,12.160755,64.424585,3.0151,60.478419,12.0
S00705,L0035,T05,705,390.738733,2.670682,176.990503,106,14.246901,79.099135,64.775078,1.800016,62.322659,12.0
S00441,L0022,T03,441,402.4064,2.442622,167.752208,80,85.661935,16.213371,59.117938,2.518966,71.200638,12.0
S00609,L0030,T01,609,397.053187,2.284645,183.611472,96,224.657848,77.881225,61.359917,4.011984,68.374229,12.0
S00159,L0007,T01,159,388.365581,2.192768,171.121363,94,74.442984,70.393773,61.801536,2.466759,68.100561,12.0
S00244,L0012,T01,244,388.746469,2.204905,188.167567,126,31.660494,138.088785,67.665474,1.368516,60.201761,11.116789
S00265,L0013,T02,265,384.120033,2.518946,181.817054,122,213.01382,139.898165,66.434256,3.854546,61.479071,12.0
S00624,L0031,T02,624,392.57927,2.764959,178.789752,81,147.56391,137.902282,57.576661,3.347575,75.253787,12.0
S00453,L0022,T05,453,389.929344,2.401764,196.925987,140,125.28134,105.36498,72.788429,2.676916,55.257261,-12.0
S00570,L0028,T02,570,390.894269,2.677963,175.766462,110,143.632921,96.269665,63.313671,3.23385,66.307356,12.0
S00314,L0015,T03,314,392.844335,2.180112,147.596421,107,25.061159,30.602383,63.036245,2.000389,65.196955,12.0
S00272,L0013,T01,272,382.303145,2.382123,167.16724,88,169.634975,141.273072,61.253085,3.375674,65.957303,12.0
S00307,L0015,T01,307,388.460207,2.312612,166.86133,113,127.546788,63.763499,64.610492,3.202087,69.01087,12.0
S00146,L0007,T01,146,408.105801,2.115818,207.215355,123,64.662865,105.021378,71.796276,1.912906,54.172945,-8.553697
S00582,L0029,T03,582,385.540062,2.614876,190.401764,91,51.652118,95.535982,61.077397,2.414604,64.151134,12.0
S00106,L0005,T01,106,391.152295,2.451539,185.774315,101,237.528304,155.438328,63.618082,4.601133,70.607066,12.0
S00381,L0019,T02,381,385.957411,2.259845,168.360651,91,102.325329,140.867913,60.240451,2.747087,66.687084,12.0
S00451,L0022,T03,451,393.281522,2.427469,171.799544,100,55.221657,157.334934,64.854316,1.917407,65.5561,12.0
S00766,L0038,T02,766,390.053109,,201.094517,112,189.810431,22.18606,65.556837,3.839668,61.696969,12.0
S00249,L0012,T01,249,384.561901,,186.555969,,54.020164,135.185374,67.792772,2.286979,55.834458,10.510611
S00020,L0001,T01,20,389.083781,2.322789,194.557222,128,14.565867,83.891087,70.861148,2.078733,53.303763,-4.100707
S00729,L0036,T03,729,388.222313,2.064566,183.335553,88,143.754167,127.154793,60.216222,2.844087,66.201948,12.0
S00213,L0010,T01,213,390.810635,2.256932,200.821485,83,143.937151,122.704053,60.927025,3.282938,67.266006,12.0
S00529,L0026,T01,529,380.06107,2.247498,163.854027,112,162.990028,147.65453,62.596219,3.190554,65.48144,12.0
S00240,L0012,T01,240,386.167348,2.415763,189.18166,135,199.834048,103.291332,69.922827,4.238266,57.316235,0.36749
S00293,L0014,T04,293,393.426633,2.607171,156.063611,80,85.753798,52.866504,59.57304,2.524205,70.518734,12.0
S00049,L0002,T01,49,388.615788,2.316091,181.35903,102,109.713946,17.918834,64.778585,2.912108,67.888539,12.0
S00163,L0008,T01,163,384.278042,2.458717,169.816854,83,233.812421,5.946322,59.293165,4.404855,71.34776,12.0
S00605,L0030,T01,605,395.019154,2.090803,173.437017,127,107.670533,116.115895,68.373991,3.006414,56.187457,7.742898
S00503,L0025,T02,503,381.780584,2.642683,162.580289,121,19.884433,106.419201,66.087114,1.597263,62.768637,12.0
S00175,L0008,T02,175,393.585677,2.660338,193.644324,120,234.54846,16.9495,69.066233,4.555841,57.330949,4.44651
S00181,L0009,T01,181,389.07754,2.511076,173.502992,87,175.09312,55.121681,59.712228,3.608409,70.121624,12.0
S00684,L0034,T02,684,383.43093,2.546224,184.379674,93,56.705215,45.049004,60.8633,2.298734,65.882413,12.0
S00149,L0007,T02,149,388.233449,2.602308,171.464631,83,154.515352,132.457922,59.956523,3.459652,71.883338,12.0
S00182,L0009,T04,182,385.528823,2.59733,178.465247,114,140.471002,16.949658,63.956928,2.96707,64.986141,12.0
S00422,L0021,T04,422,380.434395,2.567031,,115,41.569126,30.762044,66.513838,1.654761,63.432519,12.0
S00218,L0010,T02,218,383.441019,2.263492,174.154284,113,106.60064,150.753967,63.531454,2.794305,66.262634,12.0
S00730,L0036,T04,730,393.555455,2.516795,184.906799,82,217.857172,42.10532,61.674865,3.771605,70.09722,12.0
S00584,L0029,T02,584,388.52202,2.705213,180.627035,121,105.324828,142.0859,65.830766,2.842467,63.258177,12.0
S00672,L0033,T01,672,379.193543,2.436071,176.622943,135,174.226869,145.571641,67.404536,3.447205,62.081171,12.0
S00432,L0021,T01,432,391.269164,2.572225,165.766896,125,113.348941,24.429087,68.355694,3.013969,61.0476,7.830027
S00180,L0009,T01,180,4004.97224,2.453192,177.544566,128,117.331361,38.530896,71.301025,2.796802,58.003716,-6.195359
S00100,L0005,T02,100,398.216879,2.388687,185.056056,127,89.996188,15.505194,68.849747,2.409327,59.523867,5.477394
S00070,L0003,T02,70,393.639062,2.357773,168.094836,82,99.728678,51.494143,58.786196,3.006573,73.325289,12.0
S00065,L0003,T03,65,389.797803,2.264478,171.377079,104,195.181422,112.917863,63.812433,3.593279,61.990873,12.0
S00227,L0011,T02,227,387.400502,2.353841,190.143049,120,108.673432,6.190399,64.123856,2.762607,69.296974,12.0
S00004,L0000,T01,4,395.711589,2.622598,195.505706,81,66.603904,142.95389,58.950729,2.465512,73.187699,12.0
S00018,L0000,T01,18,393.800139,2.212998,172.35845,121,29.024434,41.195616,68.13834,1.935314,56.908104,8.865048
S00031,L0001,T03,31,382.211584,2.559144,190.835116,88,208.511218,124.200722,59.590179,4.143823,69.961663,12.0
S00580,L0029,T04,580,377.690746,2.491885,185.554734,84,27.263087,153.244199,58.771098,1.586545,73.930641,12.0
S00164,L0008,T01,164,403.927349,2.682152,192.309392,105,73.878722,142.22879,66.256555,2.150289,63.313354,12.0
S00468,L0023,T02,468,379.82053,2.531398,177.144451,86,167.937862,114.589972,59.072807,3.678289,68.467859,12.0
S00558,L0027,T01,558,407.17794,2.443653,163.214525,97,157.536901,141.796848,64.550774,3.486375,68.924109,12.0
S00579,L0028,T01,579,394.198709,2.340522,164.565558,91,91.607781,38.51486,61.825075,2.763597,69.698726,12.0
S00775,L0038,T01,775,395.940701,2.333536,183.329429,88,68.6235,159.985916,61.689062,2.428617,67.746973,12.0
S00199,L0009,T01,199,385.79602,2.836043,179.575699,131,235.396311,46.385216,70.105562,4.494068,60.969382,-0.502677
S00615,L0030,T01,615,393.14495,2.585744,176.049045,134,143.378593,1.501479,68.102328,3.398806,58.569703,9.036531
S00363,L0018,T03,363,662.491378,2.327176,173.650242,84,11.277495,40.931291,59.351911,1.57359,70.026495,12.0
S00648,L0032,T01,648,395.616669,2.273187,169.683133,124,,50.911283,67.176345,2.178644,59.599085,12.0
S00551,L0027,T04,551,387.737873,2.457489,193.530081,97,230.359803,70.641687,64.375024,4.478401,61.801642,12.0
S00435,L0021,T02,435,379.890033,2.428692,169.927335,94,1.886981,7.445319,60.645194,1.469836,72.699677,12.0
S00770,L0038,T02,770,398.425472,2.36028,182.504004,113,177.571614,116.836361,66.589145,3.56803,62.10446,12.0
S00306,L0015,T04,306,388.906996,2.527061,185.658247,127,52.22847,113.050746,69.5387,1.773765,59.096503,2.196664
S00688,L0034,T01,688,397.092872,2.424913,176.188326,,186.149396,138.974293,70.526744,3.364809,59.318383,-2.508305
S00638,L0031,T01,638,404.526078,2.122938,205.782651,119,148.978107,44.450772,68.853515,3.380639,58.977424,5.459454
S00093,L0004,T01,93,379.2983,2.767725,179.584517,105,33.864174,57.209495,63.317155,2.32314,64.863925,12.0
S00498,L0024,T01,498,388.186041,2.451172,198.065044,125,57.345076,93.133509,68.720753,2.110338,58.999707,6.091653
S00161,L0008,T01,161,389.157317,2.317745,197.868076,132,194.645143,9.370696,67.979963,3.100426,56.686906,9.619226
S00136,L0006,T01,136,390.049958,2.524301,189.443348,110,180.642249,96.853311,66.074691,3.709021,66.833363,12.0
S00233,L0011,T02,233,393.316551,2.539119,163.867871,133,5.138401,16.418925,68.879237,1.710437,58.234025,5.336967
S00340,L0017,T04,340,382.325445,2.58152,171.128609,121,219.5031,93.046181,66.160651,3.954306,59.23771,12.0
S00602,L0030,T02,602,398.250593,2.60575,208.859155,119,36.486457,27.955387,67.439883,2.010927,60.314671,12.0
S00630,L0031,T01,630,391.582313,2.615938,190.757777,120,30.170868,151.240659,66.469262,1.716583,65.62698,12.0
S00447,L0022,T03,447,382.031184,2.641288,173.986758,92,72.62784,132.497344,60.499949,2.262598,69.024271,12.0
S00289,L0014,T04,289,400.086404,2.373236,156.198178,101,157.205139,105.824266,63.617115,3.415595,67.074917,12.0
S00025,L0001,T04,25,389.630316,1.984652,185.474288,123,97.732888,30.859581,66.588808,3.246951,60.010441,12.0
S00519,L0025,T03,519,390.666798,2.268704,178.718555,117,195.756765,90.640633,67.207962,3.799505,56.304211,12.0
S00368,L0018,T01,368,379.625563,2.385585,186.476148,84,26.506389,99.576057,58.841409,1.805835,72.21936,12.0
S00231,L0011,T01,231,393.662529,2.187472,191.121798,134,78.658553,23.459733,71.894563,2.044174,56.541013,-9.021728
S00619,L0030,T01,619,386.463887,2.742261,181.953684,124,164.597477,39.292409,68.78802,3.756439,63.8958,5.771332
S00675,L0033,T01,675,392.155477,2.490382,170.898184,93,92.899086,53.389562,62.044932,2.569182,66.790166,12.0
S00540,L0027,T01,540,390.613167,2.563314,185.76939,88,2.520183,66.083313,62.812174,1.468016,64.04199,12.0
S00355,L0017,T04,355,382.466133,2.420904,180.261587,110,7.020405,3.938687,62.710672,1.736478,64.881373,12.0
S00176,L0008,T01,176,398.685692,2.328426,189.020702,,16.642822,73.67683,63.260456,1.467339,64.179366,12.0
S00048,L0002,T01,48,400.174986,2.23287,200.87381,110,55.434716,,67.20196,2.381622,59.288007,12.0
S00718,L0035,T01,718,381.896903,2.544956,167.893834,108,118.610675,60.339657,65.098407,2.749392,64.188596,12.0
S00346,L0017,T01,346,391.677799,2.286491,187.297257,121,196.575354,,68.719828,3.888732,60.335694,6.096057
S00423,L0021,T03,423,376.208382,2.438989,163.832157,131,214.462197,75.488507,68.599897,3.871496,60.897022,6.667159
S00284,L0014,T01,284,387.118765,2.166598,189.026591,94,216.387731,0.662894,59.065677,4.00972,71.835124,12.0
S00253,L0012,T01,253,391.266056,2.014246,190.106717,119,31.693671,36.82402,67.533617,1.954719,56.416078,11.744679
S00221,L0011,T04,221,387.726215,2.555196,176.350823,109,32.612392,121.831718,63.469074,1.974046,63.554243,12.0
S00508,L0025,T01,508,,2.578256,170.771075,90,98.347188,57.116937,58.868591,2.78722,66.318599,12.0
S00489,L0024,T03,489,384.413884,2.384231,182.177768,103,163.100504,95.314814,63.073855,3.381626,65.065177,12.0
S00036,L0001,T03,36,381.886503,2.25288,162.898509,89,146.780749,47.03745,60.065927,3.651036,68.236157,12.0
S00481,L0024,T01,481,390.16671,2.440093,176.17514,130,214.603099,5.393771,68.352128,4.384187,58.458658,7.847011
S00165,L0008,T02,165,381.93787,1.781311,165.579597,136,146.225964,12.580175,69.110207,3.854972,58.11555,4.237108
S00756,L0037,T02,756,380.319272,2.363078,175.540007,136,215.827624,146.067898,67.009686,3.755691,61.538801,12.0
S00621,L0031,T02,621,386.813924,2.344337,155.250549,96,72.48143,14.058372,61.436833,2.170822,62.710766,12.0
S00667,L0033,T01,667,389.51459,2.472575,196.414257,114,85.671082,15.135658,66.713019,1.981048,59.708788,12.0
S00416,L0020,T01,416,400.638637,2.229377,171.176997,116,191.725844,22.814853,65.978531,3.598803,63.598553,12.0
S00782,L0039,T03,782,385.616481,2.595726,176.478793,118,18.287733,59.735907,66.701617,1.935319,61.866763,12.0
S00600,L0030,T02,600,395.093256,2.273413,182.035923,119,75.418026,15.322343,67.016349,2.273865,61.227625,12.0
S00258,L0012,T01,258,379.94644,2.280601,162.143835,128,66.028122,49.235156,67.172502,2.228001,59.728047,12.0
S00023,L0001,T03,23,,2.334533,197.246946,85,37.182917,128.528996,61.670374,1.955604,64.661601,12.0
S00057,L0002,T01,57,381.164512,2.229113,196.015275,120,80.239343,10.584805,65.328609,2.500216,60.992396,12.0
S00365,L0018,T02,365,382.277373,2.175742,182.954332,97,61.381763,117.175084,61.175613,2.120643,70.738887,12.0
S00499,L0024,T05,499,383.008878,2.42626,143.082014,112,36.504591,0.918899,61.932443,1.812949,67.744672,12.0
S00445,L0022,T02,445,376.350251,2.526993,183.473316,80,41.036323,61.168792,58.973463,2.139899,70.10516,12.0
S00430,L0021,T01,430,372.254505,2.448479,170.216875,120,12.39251,,65.067515,1.575027,65.358986,12.0
S00590,L0029,T02,590,397.84169,2.581682,182.634005,97,215.327376,92.837646,63.570345,4.087517,67.124864,12.0
S00656,L0032,T01,656,395.759905,2.394786,185.5604,91,3.683328,101.164659,63.43315,1.703879,66.347849,12.0
S00243,L0012,T02,243,380.801902,2.677723,189.229127,86,88.184199,137.003864,60.16733,2.837881,69.438174,12.0
S00303,L0015,T04,303,385.075199,2.505538,180.607723,87,186.230863,108.704742,58.328882,3.462991,67.966467,12.0
S00155,L0007,T01,155,403.563057,2.378421,159.018548,92,57.053011,78.676965,61.204063,2.185762,65.667763,12.0
S00625,L0031,T01,625,378.991843,2.59675,189.193799,115,158.071901,145.575555,64.298935,3.471727,66.472269,12.0
S00127,L0006,T01,127,394.216508,2.347238,190.574797,139,5.949623,118.286845,72.644595,1.08377,56.077765,-12.0
S00469,L0023,T01,469,389.885609,2.574029,173.318821,129,29.16392,8.469049,67.214424,1.651197,58.818012,12.0
S00781,L0039,T03,781,378.087675,2.350901,184.576851,132,,17.175185,67.950891,1.70121,61.234604,9.757661
S00420,L0021,T01,420,397.355471,2.339719,181.640822,107,193.000681,29.707939,65.161403,4.077158,61.940051,12.0
S00509,L0025,T01,509,393.776191,2.128572,203.582245,95,34.851215,146.656203,63.869565,2.02934,68.836201,12.0
S00002,L0000,T01,2,388.248036,2.353327,180.265855,108,193.633405,135.740701,63.843503,3.739681,65.926677,12.0
S00597,L0029,T02,597,396.973638,2.111353,202.657512,119,192.936235,4.783495,67.806689,3.811303,60.056022,10.444337
S00475,L0023,T01,475,392.614433,2.665023,163.406848,114,31.313622,83.480338,67.080272,1.628376,60.590457,12.0
S00389,L0019,T01,389,401.020203,2.545531,165.79944,132,159.8927,41.384794,70.473746,3.687209,53.709354,-2.255932
S00662,L0033,T02,662,394.233725,2.237107,165.250765,111,222.091609,12.796981,64.479515,3.93172,61.91006,12.0
S00301,L0015,T01,301,388.705019,2.373209,168.552019,111,167.451194,159.730365,62.430465,3.54442,68.346246,12.0
S00688,L0034,T01,688,397.092872,2.424913,176.188326,,186.149396,138.974293,70.526744,3.364809,59.318383,-2.508305
S00013,L0000,T02,13,381.162707,2.262791,197.945804,105,134.115343,127.2317,62.806807,3.244431,64.874053,12.0
S00248,L0012,T01,248,389.470098,2.428664,190.060019,126,36.510533,68.332105,67.714277,2.029859,62.298523,10.884394
S00138,L0006,T02,138,382.942436,2.162966,,93,159.392043,124.980236,61.952591,3.255706,66.7578,12.0
S00130,L0006,T01,130,396.558789,2.4457,173.354316,103,63.310871,104.381853,63.725417,2.026186,67.071303,12.0
S00762,L0038,T03,762,397.903865,2.240209,179.306199,119,76.063722,83.341804,67.524268,2.167273,61.608249,11.789201
S00443,L0022,T02,443,402.222506,2.672603,181.541716,118,196.221676,63.836705,67.628698,3.797991,60.681687,11.291912
S00793,L0039,T01,793,386.468106,2.187732,171.043634,108,53.120729,77.569011,62.713272,2.10552,64.960393,12.0
S00653,L0032,T01,653,417.810817,1.945966,175.691627,123,58.944427,93.981693,70.690105,2.569162,57.058724,-3.286213
S00242,L0012,T01,242,403.30276,2.012942,200.356025,,144.614741,36.729703,69.790455,3.31472,59.357671,0.997834
S00103,L0005,T01,103,381.702961,2.460353,178.829078,96,84.624571,129.300925,60.029344,2.37355,70.450301,12.0
S00639,L0031,T01,639,402.137826,2.428238,188.639204,97,53.336056,10.290963,63.546871,1.886263,62.511978,12.0
S00269,L0013,T03,269,412.903358,2.300065,173.57418,133,,9.59902,69.98415,2.828215,54.651862,0.075474
S00256,L0012,T01,256,383.811009,2.217894,165.200456,112,115.907708,78.840792,63.855531,3.141327,66.704183,12.0
S00440,L0022,T01,440,394.188933,2.122557,172.316477,117,77.029381,104.280029,66.179589,2.058295,63.522737,12.0
S00073,L0003,T03,73,390.087614,2.660182,201.01153,135,213.815559,0.248455,69.202069,3.847066,62.874736,3.799669
S00790,L0039,T01,790,377.33733,2.209713,173.333408,134,72.660261,93.630708,67.729159,2.216052,57.465506,10.813531
S00342,L0017,T02,342,374.243643,2.168858,171.188966,85,5.38162,37.518958,59.376168,1.697817,68.690907,12.0
S00411,L0020,T01,411,389.606099,2.227691,231.069355,140,90.198142,64.68041,71.130751,2.482884,59.987734,-5.384529
S00171,L0008,T02,171,396.357511,2.248768,176.023518,83,4.58229,121.512216,61.730646,1.47647,70.83634,12.0
S00463,L0023,T01,463,397.756456,2.661197,176.991527,103,235.081083,83.401915,64.293181,4.617527,65.899576,12.0
S00484,L0024,T02,484,383.767526,2.614936,198.988827,108,179.044884,102.929049,64.730261,3.328718,64.445434,12.0
S00052,L0002,T05,52,394.244011,2.009045,187.44113,133,40.206094,152.584456,71.634871,1.619723,56.679509,-7.785098
S00177,L0008,T03,177,399.94561,2.359888,153.970143,111,2.539814,44.011334,67.661079,1.408816,57.379117,11.137719
S00185,L0009,T02,185,394.361517,2.204126,145.831123,117,171.110384,159.131002,66.146931,3.588165,58.719465,12.0
S00360,L0018,T02,360,395.383123,2.557064,173.765835,112,2.727961,58.956497,65.122918,1.7134,61.218137,12.0
S00723,L0036,T03,723,389.601028,2.582808,179.892741,120,123.869011,41.20514,67.456301,2.644858,59.654474,12.0
S00507,L0025,T04,507,383.54515,2.273896,169.81626,124,136.53133,42.724529,67.050028,2.912219,59.400548,12.0
S00623,L0031,T01,623,376.223243,2.283809,171.46685,139,194.105989,141.192219,68.710227,3.560382,54.59756,6.141774
S00649,L0032,T02,649,401.840115,2.143471,171.367957,119,141.307129,28.639259,69.494196,3.403684,57.01851,2.40859
S00549,L0027,T03,549,391.046779,2.185565,203.213516,131,53.76695,135.01248,70.100256,2.220081,54.65327,-0.477411
S00226,L0011,T03,226,400.086913,2.360102,173.944933,92,61.117837,73.083825,61.497136,2.132023,67.047215,12.0
S00397,L0019,T01,397,394.616386,1.866446,154.439646,110,223.636186,24.668003,65.577553,4.308738,64.436243,12.0
S00563,L0028,T01,563,400.204672,2.236286,183.312421,87,152.168818,70.931147,59.97515,3.462802,72.215003,12.0
S00168,L0008,T02,168,378.369147,2.37472,181.06134,109,110.486198,109.531084,63.897297,2.981688,63.644325,12.0
S00332,L0016,T05,332,664.197945,2.327519,173.203072,120,112.698728,143.052799,68.42764,2.835155,57.760735,7.487426
S00320,L0016,T03,320,387.945832,2.721977,171.085079,87,70.287378,4.046115,59.734557,2.615818,72.021969,12.0
S00660,L0033,T01,660,372.162162,2.462321,180.389268,107,234.141609,127.610453,61.884642,4.282322,63.726552,12.0
S00202,L0010,T01,202,378.718051,2.436024,171.201074,117,,146.141626,64.713662,3.963811,57.971587,12.0
S00261,L0013,T03,261,385.648328,2.321544,168.831609,140,52.886546,62.195944,70.637055,1.999812,56.917762,-3.033594
S00082,L0004,T01,82,409.396801,2.206266,184.322054,134,16.266761,109.152239,71.528397,1.995991,60.340166,-7.27808
S00268,L0013,T04,268,382.606327,2.703293,147.592477,109,85.192963,75.142957,64.044068,2.475135,65.454855,12.0
S00230,L0011,T02,230,382.014887,2.090531,165.161864,128,27.737345,104.039252,67.294275,2.256881,62.560391,12.0
S00170,L0008,T01,170,389.893989,2.646316,176.381639,,79.27475,57.627824,62.388112,2.487574,67.962764,12.0
S00111,L0005,T03,111,393.093279,2.60455,188.295402,97,172.389359,104.348963,63.67312,3.135914,65.711969,12.0
S00413,L0020,T03,413,385.912969,2.982704,204.531733,133,160.131168,75.22726,71.118618,4.115822,55.607326,-5.326753
S00081,L0004,T01,81,400.956999,1.788705,202.93544,132,235.639136,42.851052,71.427287,4.370993,53.463203,-6.796603
S00076,L0003,T04,76,387.608249,2.172158,187.05603,114,55.763585,55.39783,66.489978,2.190931,67.148864,12.0
S00514,L0025,T01,514,376.296618,2.603095,179.147677,123,82.063592,110.556363,67.578297,2.401932,58.925503,11.53192
S00604,L0030,T04,604,398.278653,2.70312,173.768489,125,229.696975,128.869925,69.672535,4.48061,62.63985,1.559358
S00636,L0031,T01,636,399.513393,2.141496,185.350107,115,29.373928,155.901918,70.330054,1.937434,54.198537,-1.571686
S00187,L0009,T04,187,389.48101,2.473955,165.839768,103,144.969054,28.373536,65.517448,3.028499,63.546582,12.0
S00091,L0004,T01,91,381.301561,2.817073,186.236179,107,11.967636,17.599132,64.702057,1.688275,63.590837,12.0
S00158,L0007,T01,158,391.136884,2.003364,180.831409,88,202.012745,10.84772,58.24278,4.270333,71.138558,12.0
S00045,L0002,T02,45,395.098665,2.615478,,115,164.658636,11.308956,65.727173,3.55916,64.788122,12.0
S00690,L0034,T01,690,381.50109,2.186803,169.414342,125,110.423264,139.690342,65.132068,2.97379,61.434513,12.0
S00746,L0037,T01,746,,2.547377,180.05567,83,209.216945,61.524335,60.404564,3.952538,70.584815,12.0
S00344,L0017,T01,344,392.545679,2.327109,191.830782,137,148.375853,98.801403,70.262347,3.024778,57.885623,-1.249273
S00596,L0029,T03,596,,2.753226,183.106249,83,222.081597,105.690566,59.027096,4.298479,74.763306,12.0
S00291,L0014,T03,291,388.225188,2.690623,188.674173,128,199.241059,129.4379,70.339169,4.158927,56.407562,-1.615089
S00028,L0001,T04,28,397.344942,1.973334,172.146758,135,62.066972,80.009002,71.934278,2.405213,54.488989,-9.210845
S00726,L0036,T02,726,400.486187,2.443462,193.502257,135,40.619893,53.917016,71.208203,1.627407,56.009421,-5.753346
S00154,L0007,T01,154,383.163489,2.363017,201.527677,122,113.527339,27.768628,68.332964,2.831176,59.955123,7.938265
S00565,L0028,T01,565,380.131234,2.307315,188.78789,134,115.68085,15.027878,68.700505,3.223709,60.763507,6.188072
S00473,L0023,T04,473,385.291406,2.352958,168.094797,80,43.395271,89.151107,57.146929,2.110855,73.869438,12.0
S00033,L0001,T03,33,392.972817,2.342498,177.52643,97,230.479594,138.003196,62.785524,4.053061,72.117644,12.0
S00676,L0033,T01,676,390.211639,2.510577,181.817825,112,109.745792,57.981826,67.441492,2.792783,59.090939,12.0
S00395,L0019,T01,395,397.203676,2.383786,168.906833,105,239.526225,3.089551,63.47894,4.259167,66.541291,12.0
S00477,L0023,T01,477,404.621572,2.166035,189.629979,89,56.620957,107.903778,63.585019,2.157615,65.590429,12.0
S00792,L0039,T01,792,402.529462,2.207321,162.286234,132,193.300903,26.276967,70.867927,3.892444,54.754045,-4.132985
S00056,L0002,T01,56,388.924541,2.537831,205.094019,97,112.642273,139.766865,60.956021,2.798002,66.007139,12.0
S00379,L0018,T02,379,379.946925,2.466064,188.307599,104,127.912565,157.898615,61.844237,3.049782,68.698155,12.0
S00148,L0007,T01,148,382.255133,2.57864,167.239016,119,31.061773,73.160051,66.9945,1.870606,60.161437,12.0
S00132,L0006,T05,132,395.712397,,156.067633,86,64.22437,55.295741,59.573431,2.814875,68.567801,12.0
S00237,L0011,T01,237,397.322977,2.538389,192.534813,134,178.581544,43.901084,70.29158,3.877608,54.462185,-1.388478
S00217,L0010,T02,217,373.864392,2.16149,186.379266,88,168.716579,2.618591,57.666451,3.6687,72.707321,12.0
S00520,L0026,T04,520,392.105285,2.393982,200.298266,133,183.6458,47.671588,69.714034,3.584759,54.996544,1.361741
S00178,L0008,T01,178,394.399779,2.396769,166.922386,109,228.130686,0.550959,61.542006,3.96628,70.541808,12.0
S00668,L0033,T02,668,388.914619,2.641852,170.738162,106,83.528104,83.34574,62.906493,2.642249,61.411002,12.0
S00300,L0015,T05,300,378.446262,1.794443,174.965214,139,144.401068,36.045056,68.461836,3.179154,61.104054,7.324592
S00309,L0015,T01,309,385.369494,2.334342,190.090698,130,87.332018,10.668205,70.588198,2.801048,58.548795,-2.800945
S00292,L0014,T01,292,387.756531,2.493519,183.471216,120,45.188365,58.982504,67.760882,2.216414,57.697837,10.662467
S00377,L0018,T01,377,384.061675,2.492689,182.191561,101,86.848176,105.135156,63.099042,2.822393,64.453787,12.0
S00228,L0011,T02,228,383.488532,2.452267,183.701862,85,44.37487,90.265047,57.970599,1.540385,72.554278,12.0
S00405,L0020,T03,405,378.351596,2.403245,187.141247,124,203.022096,12.395425,66.583489,3.90739,64.289941,12.0
S00490,L0024,T01,490,390.015275,2.238362,157.784171,81,212.775142,90.807752,57.899166,4.09506,72.498412,12.0
S00050,L0002,T01,50,387.10763,2.376378,162.930143,120,80.441867,138.389679,65.465969,2.401769,64.064421,12.0
S00645,L0032,T02,645,392.041538,2.425886,170.775102,85,199.604702,97.321416,59.724562,3.946342,70.048929,12.0
S00366,L0018,T01,366,401.863383,2.295008,165.258341,136,66.613599,64.826073,70.671687,2.022515,54.972872,-3.198509
S00216,L0010,T01,216,403.42253,2.940098,177.788412,90,61.38569,52.355853,62.269131,2.768045,70.119764,12.0
S00330,L0016,T03,330,381.727088,2.041952,187.363815,113,39.899023,94.254237,64.048653,1.966579,62.168506,12.0
S00402,L0020,T01,402,399.254913,2.225604,176.467724,86,116.687994,92.239886,59.840461,2.922749,69.707045,12.0
S00417,L0020,T03,417,379.999655,2.705727,175.671319,114,159.205352,58.880491,66.143049,3.25993,62.616647,12.0
S00383,L0019,T01,383,388.225938,2.268339,195.053445,94,78.46798,69.651738,60.730315,2.387031,71.853082,12.0
S00738,L0036,T02,738,,2.523142,175.583102,136,36.731744,82.003525,71.806323,1.796776,52.638031,-8.601539
S00778,L0038,T01,778,390.572611,2.414035,,102,158.810362,86.580996,61.887645,3.388928,69.87635,12.0
S00545,L0027,T02,545,399.728234,2.506842,184.046944,134,87.358413,123.004251,72.4331,2.464786,55.853576,-11.586192
S00415,L0020,T03,415,387.821792,2.288512,201.746389,85,128.317433,129.352448,61.454483,2.74064,66.962453,12.0
S00618,L0030,T02,618,392.132594,2.565385,182.780663,117,100.431903,37.867144,65.075563,2.803675,64.401515,12.0
S00716,L0035,T01,716,393.551386,2.351972,153.247962,84,56.685647,116.092495,59.62212,2.412595,66.098178,12.0
S00795,L0039,T01,795,398.408696,2.20263,202.574052,102,37.188653,82.452969,66.590861,1.920742,62.571429,12.0
S00702,L0035,T01,702,395.532737,2.578135,179.059329,116,212.606118,146.766453,68.482809,4.037348,56.749554,7.224721
S00593,L0029,T02,593,384.729714,2.667496,159.286925,120,72.570736,53.522967,65.135358,2.177349,63.08208,12.0
S00689,L0034,T02,689,394.22212,2.249248,196.357885,94,71.087776,1.338495,60.338061,2.292937,69.513051,12.0
S00727,L0036,T01,727,382.300178,2.393473,145.942909,84,173.172971,20.770444,59.237837,3.422944,67.687925,12.0
S00084,L0004,T04,84,383.400969,2.484995,162.785032,101,18.714846,66.466654,63.732505,1.513062,62.018399,12.0
S00560,L0028,T04,560,393.505226,2.415824,173.523755,83,130.494928,24.336775,59.064679,3.259091,69.291437,12.0
S00595,L0029,T01,595,,2.193781,180.094352,93,168.488227,156.375573,65.025196,3.574231,62.821654,12.0
S00525,L0026,T03,525,390.8928,2.216659,163.234389,105,133.863837,4.551048,61.987077,3.575419,67.86981,12.0
S00014,L0000,T03,14,389.734072,2.656244,182.454913,127,236.739761,2.732879,65.559336,4.524373,66.309879,12.0
S00262,L0013,T01,262,387.919441,2.221559,180.223289,130,123.598957,19.589067,68.788775,2.760978,56.266521,5.767737
S00072,L0003,T04,72,395.518419,2.357041,184.436416,125,207.018638,141.661685,70.433877,3.935378,56.241932,-2.066082
S00787,L0039,T05,787,393.569442,2.129537,166.54263,115,46.235929,70.807919,63.275608,1.761503,65.1392,12.0
S00760,L0038,T03,760,384.48368,2.55037,172.825181,90,50.656297,106.968007,61.363993,2.241155,69.120244,12.0
S00664,L0033,T02,664,392.897202,2.575494,164.104352,113,231.972173,31.90032,66.719833,4.150536,57.725186,12.0
S00764,L0038,T01,764,392.067493,2.142577,181.253918,80,208.30325,40.73818,60.136457,4.148316,72.79419,12.0
S00561,L0028,T01,561,394.763746,2.415177,194.099636,111,165.463154,101.577481,66.29525,3.018744,61.427679,12.0
S00024,L0001,T01,24,383.90288,2.270718,178.320918,90,79.248203,50.298832,60.265503,2.386993,71.160993,12.0
S00627,L0031,T01,627,379.293608,2.174938,157.516075,130,114.012494,110.606535,66.339571,2.91442,58.741676,12.0
S00040,L0002,T03,40,378.295963,2.312775,171.082064,132,115.964409,155.618606,67.500965,2.537027,63.633255,11.900169
S00236,L0011,T02,236,374.562837,2.018258,184.675336,84,15.582669,109.881104,57.516326,1.948053,71.984505,12.0
S00162,L0008,T02,162,386.475543,2.111952,164.157637,90,14.787819,16.547281,62.098996,2.000979,65.471753,12.0
S00494,L0024,T01,494,387.750039,2.234913,160.979781,129,227.889075,121.856271,68.760248,4.059278,61.164027,5.903581
S00567,L0028,T01,567,,1.990372,184.256795,86,34.19515,92.681085,60.40565,2.003792,70.813266,12.0
S00325,L0016,T03,325,399.582857,2.587813,180.289079,115,50.604726,156.32359,69.943634,2.233567,59.414656,0.268409
S00288,L0014,T02,288,395.036885,2.373528,191.624197,127,79.980355,10.121037,70.526646,2.27061,57.565941,-2.507838
S00404,L0020,T01,404,397.51424,2.433782,190.090692,121,89.030693,37.5121,67.824815,2.498014,57.213187,10.358026
S00571,L0028,T02,571,,1.977852,168.441463,134,181.064101,123.551169,68.982729,3.988064,58.195518,4.844146
S00779,L0038,T01,779,396.323646,2.276791,187.544442,,173.496537,56.112175,66.980019,3.286726,63.971172,12.0
S00568,L0028,T01,568,396.374792,,174.94014,137,45.969724,23.040278,71.794413,2.239509,53.394742,-8.544823
S00714,L0035,T03,714,376.532253,2.490434,184.09826,111,139.691931,51.752847,64.476682,3.128493,65.85748,12.0
S00302,L0015,T01,302,397.390421,2.819941,176.612532,80,14.065405,75.527094,57.861672,1.551211,73.271938,12.0
S00576,L0028,T02,576,377.63919,2.348896,153.93374,124,150.095622,69.090263,66.902881,3.030746,62.221873,12.0
S00594,L0029,T01,594,395.188644,2.499539,168.414849,81,229.693108,130.95114,59.440657,4.056857,69.776108,12.0
S00317,L0015,T01,317,379.50892,2.333115,180.337247,88,214.722515,106.391,59.304199,4.040242,69.12358,12.0
S00462,L0023,T04,462,386.143884,2.317251,168.522368,100,47.15535,157.911125,61.572913,2.023977,65.395813,12.0
S00140,L0007,T02,140,396.117723,2.46758,183.094913,122,147.541957,78.156981,69.980403,3.054516,59.62065,0.093317
S00476,L0023,T04,476,395.588766,2.236271,178.37248,129,37.12302,50.200973,70.438344,1.812161,59.717894,-2.087353
S00115,L0005,T04,115,385.120157,2.443879,174.699258,132,208.706238,42.758991,67.594681,3.729371,63.215831,11.453902
S00581,L0029,T02,581,385.786844,2.070309,181.42749,138,63.869963,115.266862,71.471474,1.992889,57.273857,-7.007018
S00339,L0016,T02,339,,2.910913,175.182036,87,84.562346,21.662851,60.42789,2.926715,68.764446,12.0
S00658,L0032,T03,658,,2.435297,159.31555,105,,72.779902,64.227653,2.430872,65.399928,12.0
S00553,L0027,T02,553,399.680914,2.091704,190.904008,137,94.845382,8.348551,68.290911,2.470843,59.097833,8.138518
S00700,L0035,T01,700,395.351267,2.093574,195.287191,88,86.426493,90.579473,60.441831,2.362813,67.088422,12.0
S00104,L0005,T01,104,393.270095,2.396533,169.171891,125,60.586527,76.540102,69.361052,2.177287,57.07096,3.042609
S00722,L0036,T03,722,379.535657,2.436161,170.691888,134,179.979868,5.989266,67.324387,3.507208,62.778218,12.0
S00606,L0030,T01,606,390.247712,2.51754,185.682902,122,236.183073,81.5721,68.404421,4.443245,60.378095,7.597994
S00538,L0026,T01,538,386.843045,2.033123,161.434868,87,109.014074,64.575808,59.836033,2.639958,68.257378,12.0
S00183,L0009,T01,183,375.197243,2.347287,175.679029,104,198.879147,151.467817,62.138726,4.118432,67.584033,12.0
S00375,L0018,T01,375,394.222667,2.622068,178.858695,82,13.063904,21.499791,57.776234,1.693237,71.42743,12.0
S00043,L0002,T02,43,385.659207,2.610008,197.778117,87,230.641852,108.400562,61.58736,4.09721,67.802253,12.0
S00741,L0037,T03,741,384.029544,,195.219671,123,121.457279,12.251512,67.053708,2.709192,61.273323,12.0
S00215,L0010,T02,215,398.171548,2.608633,187.769256,85,154.789261,59.138008,61.731039,3.52697,71.859392,12.0
S00246,L0012,T01,246,397.274639,2.24221,157.856839,84,67.124618,55.169112,59.707687,2.4341,70.132469,12.0
S00196,L0009,T04,196,393.788913,2.14886,184.007478,83,131.038879,71.585968,59.5885,3.151493,74.486159,12.0
S00134,L0006,T03,134,386.992856,2.344485,193.766411,132,27.107853,98.979781,70.446402,1.74798,54.3391,-2.125723
S00467,L0023,T01,467,398.959315,2.11809,209.366173,106,170.478465,156.503696,66.128367,3.608546,64.708688,12.0
S00434,L0021,T01,434,380.579402,2.316223,181.87559,134,98.740634,8.839231,70.539445,2.6727,57.207783,-2.568784
S00685,L0034,T03,685,395.451095,2.383777,185.716774,90,81.916984,124.360574,61.942904,2.340675,68.311349,12.0
S00414,L0020,T02,414,391.931364,2.336059,172.192571,135,30.477253,82.266064,69.878523,1.904529,58.213031,0.578464
S00007,L0000,T05,7,398.149129,2.251674,185.240149,139,230.04747,119.521537,72.897002,4.255925,52.753196,-12.0
S00536,L0026,T02,536,401.281916,2.790985,170.643367,134,18.406941,140.900642,70.013493,1.580643,59.810691,-0.064251
S00409,L0020,T03,409,396.113428,2.71541,176.355363,103,201.799693,66.601951,63.749546,4.016105,64.372217,12.0
S00252,L0012,T02,252,393.781497,2.160071,189.931316,84,79.161213,143.666591,60.860353,2.629414,70.258025,12.0
S00487,L0024,T01,487,398.60546,2.263991,165.970667,86,30.442152,29.687147,59.876512,1.770873,69.470234,12.0
S00009,L0000,T02,9,393.944202,2.176707,202.622802,138,86.944006,131.358638,71.129377,2.561689,54.517589,-5.377985
S00732,L0036,T03,732,397.728306,2.295696,,,41.861095,75.561692,68.872389,1.905521,61.963666,5.369577
S00786,L0039,T01,786,380.793578,2.307429,180.373864,97,37.226517,29.543604,60.117054,2.117201,69.406601,12.0
S00671,L0033,T01,671,390.54196,2.582876,191.385178,133,213.736849,40.287703,70.464454,3.92286,58.980866,-2.211688
S00665,L0033,T01,665,400.036071,2.323943,205.713249,99,11.411252,4.739022,61.623667,1.182225,70.036687,12.0
S00003,L0000,T03,3,379.859351,2.468506,184.778571,85,193.448199,36.413482,60.067036,3.817613,70.37833,12.0
S00530,L0026,T01,530,401.777058,2.43347,175.821453,117,110.771229,20.758688,67.370246,2.43364,61.374128,12.0
S00745,L0037,T01,745,382.677202,2.404866,174.04601,94,54.22005,56.818354,58.479017,1.648922,71.152098,12.0
S00032,L0001,T04,32,400.071746,2.529731,185.755763,116,49.652245,26.459446,66.971606,1.953241,58.90514,12.0
S00564,L0028,T03,564,381.982538,2.544075,195.062219,80,47.468105,16.494427,59.311048,2.074545,71.034474,12.0
S00186,L0009,T03,186,,2.597875,184.170728,88,105.814296,45.650237,61.592841,2.668575,68.013801,12.0
S00189,L0009,T04,189,375.606636,2.295367,164.764017,94,0.797614,84.485845,59.24526,1.652446,69.478138,12.0
S00038,L0001,T02,38,373.830113,2.226874,180.919595,116,88.70624,122.889416,64.744673,2.338152,62.765545,12.0
S00661,L0033,T02,661,375.960608,2.403954,170.455875,94,48.060562,14.965443,61.532339,1.630947,66.329345,12.0
S00390,L0019,T01,390,408.155142,2.127293,197.705039,101,178.508964,62.476782,65.376638,3.62339,62.038066,12.0
S00785,L0039,T02,785,401.694167,2.615082,173.377503,138,144.201273,83.751118,72.209891,3.453116,58.568289,-10.523291
S00513,L0025,T02,513,386.392643,1.998506,170.673227,103,127.24395,82.204063,64.239066,2.873206,65.751319,12.0
S00776,L0038,T05,776,398.895359,2.641137,185.372637,131,226.140266,,69.972997,4.111014,59.587886,0.128584
S00198,L0009,T01,198,385.332756,2.020087,178.391246,121,206.645783,60.706802,67.285481,4.405381,59.734572,12.0
S00333,L0016,T01,333,381.545715,2.122106,189.21623,98,153.116808,111.199216,63.426356,3.544135,63.371951,12.0
S00122,L0006,T01,122,390.305172,2.331017,183.953628,83,4.438883,43.204233,58.951422,1.216801,73.13388,12.0
S00419,L0020,T02,419,390.25975,2.153794,183.039841,126,176.18827,134.319711,68.63457,3.566547,59.680015,6.502046
S00659,L0032,T01,659,397.591148,2.500534,195.930838,120,15.075171,25.921031,67.479221,1.564173,63.75713,12.0
S00385,L0019,T02,385,403.295619,2.417269,140.813858,89,191.39842,99.03781,61.560219,3.281304,67.52806,12.0
S00717,L0035,T02,717,676.576463,2.254151,198.620083,106,152.680822,31.692604,67.370612,3.269668,60.295755,12.0
S00167,L0008,T02,167,389.677665,2.48063,198.485555,133,120.443374,100.301397,68.635898,2.95181,61.56223,6.495722
S00016,L0000,T02,16,393.48301,2.309815,189.956005,112,229.549537,44.177386,66.724612,4.445942,62.470135,12.0
S00222,L0011,T01,222,384.764631,2.216271,192.340058,117,44.250754,41.212569,65.807532,2.309061,61.743796,12.0
S00305,L0015,T01,305,382.537984,2.53322,211.900571,99,172.960161,82.451636,62.85805,3.85588,65.350154,12.0
S00369,L0018,T05,369,377.757087,2.329586,,99,141.582919,94.32699,61.097655,2.907126,69.050169,12.0
S00742,L0037,T01,742,382.986497,2.123679,194.735253,87,182.317903,8.734282,58.411409,3.4921,72.07724,12.0
S00599,L0029,T03,599,393.581623,2.558787,183.778343,133,239.454884,48.751373,72.011846,-0.096353,55.938749,-9.580217
S00034,L0001,T01,34,390.779879,2.612346,174.901571,98,128.971893,9.493216,62.640925,3.004227,66.031727,12.0
S00654,L0032,T02,654,382.35014,2.344172,195.764033,116,25.707432,57.741032,67.614848,1.49628,58.19848,11.357868
S00506,L0025,T05,506,394.735332,2.559043,185.321046,104,178.808524,86.468829,63.828815,3.900163,67.400157,12.0
S00238,L0011,T01,238,399.117396,2.658127,191.458105,89,74.350493,73.968265,61.393969,1.933363,69.422025,12.0
S00108,L0005,T02,108,383.115102,2.093431,177.999113,102,91.536419,152.895375,63.379855,2.507057,68.477761,12.0
S00504,L0025,T03,504,397.353282,2.530981,152.45134,91,210.106089,152.496686,63.048208,3.871344,69.071429,12.0
S00591,L0029,T01,591,381.408314,2.324139,194.305771,112,38.67375,71.312341,65.018111,1.724425,61.173884,12.0
S00257,L0012,T01,257,392.560597,2.559239,183.297709,104,224.947339,84.672978,63.97994,4.163942,63.732889,12.0
S00124,L0006,T01,124,384.45896,2.861435,186.533717,121,94.935181,159.923151,65.583642,2.360357,65.150554,12.0
S00412,L0020,T01,412,380.311767,2.626314,179.571704,118,75.729835,11.683277,62.15273,2.704457,67.227428,12.0
S00156,L0007,T01,156,397.963866,2.703321,186.189628,95,230.863249,2.946578,60.606375,4.25919,71.281183,12.0
S00709,L0035,T03,709,380.871916,2.391704,,131,224.251422,122.165689,66.303938,3.775792,61.855488,12.0
S00639,L0031,T01,639,402.137826,2.428238,188.639204,97,53.336056,10.290963,63.546871,1.886263,62.511978,12.0
S00276,L0013,T03,276,393.070789,2.277903,207.06721,113,104.695374,76.970147,69.006783,2.677206,56.476207,4.729603
S00029,L0001,T04,29,381.409673,,182.277641,126,23.303861,33.876115,66.983699,1.406497,63.8337,12.0
S00771,L0038,T01,771,388.340585,2.623248,173.286632,135,199.37595,86.25463,69.52066,3.742617,61.823681,2.28257
S00704,L0035,T01,704,390.144792,2.677283,185.116778,113,60.089336,115.802119,67.298088,2.403539,61.703801,12.0
S00446,L0022,T02,446,394.004782,2.815917,178.085835,120,128.185225,158.23074,68.730312,2.933438,60.031836,6.046135
S00783,L0039,T01,783,370.32272,2.427729,174.005779,120,17.952238,152.189033,64.299944,1.806294,65.805004,12.0
S00554,L0027,T01,554,377.878869,2.401744,175.145152,93,187.14054,68.122191,58.818553,4.076189,73.431363,12.0
S00214,L0010,T01,214,385.085244,2.440302,187.725286,115,36.550968,136.071215,63.970205,1.901665,63.893977,12.0
S00772,L0038,T01,772,388.865129,2.085754,170.554556,91,200.615921,85.221949,61.673137,3.959094,65.363388,12.0
S00334,L0016,T02,334,386.307939,2.458173,183.427409,102,159.040681,140.924688,64.274986,3.432917,68.054272,12.0
S00119,L0005,T02,119,396.452628,2.277533,166.998872,110,26.823241,140.492843,65.4533,1.733219,65.454978,12.0
S00526,L0026,T01,526,387.866157,2.569648,191.539537,130,154.54784,27.599015,69.324982,3.236177,57.812117,3.214373
S00777,L0038,T03,777,374.393199,2.026681,193.186266,108,79.375109,101.189707,63.023331,2.671369,64.282028,12.0
S00129,L0006,T03,129,386.996268,2.342565,192.197483,137,135.21896,61.418999,70.656651,2.995205,57.084139,-3.126911
S00281,L0014,T02,281,399.137345,1.813534,195.025994,103,,23.637849,64.29008,4.411325,64.802803,12.0
S00323,L0016,T01,323,391.496135,2.484,178.731642,85,19.565537,55.657525,59.722367,1.553989,64.765963,12.0
S00152,L0007,T01,152,389.66736,2.363246,173.249867,117,51.794465,0.161996,64.296332,1.826354,62.742943,12.0
S00586,L0029,T05,586,378.341687,2.382299,174.306009,139,111.375072,14.218762,72.319267,2.648147,51.39047,-11.044127
S00429,L0021,T02,429,404.50062,2.352079,148.507653,104,234.955041,80.941293,63.339069,4.215898,65.670202,12.0
S00341,L0017,T01,341,384.926759,,191.387127,84,187.230495,94.740762,59.670262,3.755929,69.908517,12.0
S00505,L0025,T01,505,397.833562,1.949803,174.773296,134,187.759862,96.341367,68.720284,4.279294,62.971809,6.093888
S00478,L0023,T02,478,381.974811,2.193759,172.800538,114,84.873867,106.636954,64.494187,2.719197,66.657773,12.0
S00120,L0006,T01,120,386.834154,2.378367,170.411022,124,124.993424,50.630167,68.801358,2.954197,60.433285,5.707818
S00683,L0034,T01,683,379.369973,2.50932,173.549346,119,98.112123,74.744947,65.195859,2.405406,63.009664,12.0
S00282,L0014,T03,282,382.628415,2.357761,199.988231,111,160.516058,119.153222,66.776223,2.918522,62.587837,12.0
S00483,L0024,T03,483,396.881085,2.108923,182.627153,136,132.845985,105.494052,70.231284,3.26405,60.707516,-1.101351
S00482,L0024,T01,482,389.773166,2.38444,170.580405,102,125.13682,98.110691,64.981511,3.168446,62.116137,12.0
S00359,L0017,T01,359,383.206708,2.573497,182.685061,111,15.341619,83.63721,64.902302,1.446712,63.049945,12.0
S00754,L0037,T04,754,377.986376,2.924923,190.008481,109,17.53214,138.79568,62.536397,2.249419,66.175007,12.0
S00796,L0039,T01,796,385.832171,2.350109,188.497139,99,36.434065,22.53587,63.708058,1.394596,64.946128,12.0
S00294,L0014,T02,294,384.410824,2.249337,173.991195,130,48.951167,117.828996,68.976988,2.257852,60.129171,4.871485
S00190,L0009,T02,190,393.28552,2.563149,183.131811,104,78.113956,115.822984,65.83442,2.253443,57.878908,12.0
S00471,L0023,T01,471,378.658176,2.228408,168.379332,115,221.16528,12.118254,65.062695,3.842533,64.20268,12.0
S00080,L0004,T01,80,388.527994,2.109016,180.614046,93,,105.454987,59.405946,2.830341,75.663587,12.0
S00694,L0034,T01,694,410.025297,2.176961,194.305315,100,182.130883,56.371185,64.047355,3.440137,70.517477,12.0
S00126,L0006,T05,126,393.267331,2.071723,181.660258,89,55.416609,64.604407,61.352938,2.102263,64.946553,12.0
S00428,L0021,T03,428,376.374527,2.169985,150.37988,94,191.362909,108.644231,59.909806,4.008698,64.389978,12.0
S00611,L0030,T01,611,388.586355,2.213212,183.546009,98,158.307885,118.593194,61.254715,3.389315,68.059388,12.0
S00650,L0032,T02,650,373.256999,2.183693,182.576815,104,8.272887,120.963466,60.801216,1.503164,66.163321,12.0
S00706,L0035,T01,706,391.775099,2.490086,160.681233,130,93.082491,151.171799,68.856105,2.6079,58.440294,5.447121
S00708,L0035,T03,708,379.633988,2.478576,173.999818,115,209.726901,101.045904,64.758431,3.967301,64.983227,12.0
S00737,L0036,T01,737,395.183785,2.257647,195.222843,101,15.589284,153.552575,64.032605,1.477238,66.967586,12.0
S00350,L0017,T02,350,388.563471,2.487172,188.199306,129,152.285634,112.854745,70.203529,3.223472,61.119924,-0.969184
S00426,L0021,T01,426,394.061982,2.236772,178.074112,112,117.735534,49.383702,65.018899,2.803616,65.716419,12.0
S00612,L0030,T01,612,390.167954,2.648679,193.292603,89,113.573894,16.339702,61.134521,3.019668,68.719938,12.0
S00224,L0011,T01,224,377.082303,2.683295,188.873649,110,235.219713,30.35613,64.7191,4.411157,66.132043,12.0
S00270,L0013,T02,270,395.569417,2.320424,189.002365,92,178.387833,114.429806,62.08185,3.951531,65.625398,12.0
S00531,L0026,T01,531,386.295943,2.538938,192.544688,112,140.786359,130.881221,65.170027,3.184583,64.013265,12.0
S00331,L0016,T01,331,402.663982,2.129184,159.786753,85,25.252277,14.343207,60.755057,1.803984,72.506217,12.0
S00496,L0024,T02,496,388.07667,2.722351,177.777958,101,147.817405,11.573586,61.220206,3.169858,69.051278,12.0
S00372,L0018,T02,372,389.057266,2.316798,176.326164,136,115.720915,158.828114,69.184422,2.795742,53.571631,3.883706
S00391,L0019,T02,391,400.569592,2.316664,192.053876,108,227.924875,29.023965,66.379941,4.047584,59.847847,12.0
S00074,L0003,T01,74,382.581478,2.417445,161.725066,131,129.778068,135.43149,69.751582,3.144871,58.475985,1.182943
S00701,L0035,T01,701,398.955226,1.928111,189.657975,98,107.83435,145.865486,65.730705,3.181621,62.731753,12.0
S00569,L0028,T04,569,396.012367,2.794074,164.159492,85,139.631311,122.604944,59.564968,3.426258,69.542463,12.0
S00535,L0026,T01,535,399.870194,2.364507,189.572659,124,162.66607,145.354103,71.056613,3.687739,57.656359,-5.031489
S00493,L0024,T01,493,382.564957,2.638617,162.164305,127,210.819505,1.408441,65.958687,3.913467,62.245942,12.0
S00433,L0021,T03,433,402.253806,2.551273,188.623299,85,10.814127,147.5164,61.047877,1.861612,70.330137,12.0
S00071,L0003,T02,71,379.328596,2.330401,180.010393,109,174.042445,159.764862,63.996426,3.469471,61.00885,12.0
S00680,L0034,T02,680,380.374981,2.582603,182.996093,92,237.954658,10.915921,61.287427,4.739429,70.637961,12.0
S00062,L0003,T03,62,390.443629,2.352213,193.809584,127,,156.761786,69.243609,1.972196,61.593022,3.601861
S00488,L0024,T02,488,379.785984,2.483491,192.355152,99,67.328129,44.386039,61.285486,2.121761,67.69823,12.0
S00327,L0016,T02,327,406.385914,2.455487,182.107687,89,38.162273,114.346308,64.048777,1.83228,67.229024,12.0
S00743,L0037,T03,743,381.117864,2.233155,191.760053,122,213.907161,117.138512,65.078169,4.107925,64.436901,12.0
S00125,L0006,T01,125,389.643831,2.327997,148.04059,83,89.15942,18.195615,58.965783,1.875668,69.650294,12.0
S00315,L0015,T03,315,389.66477,2.572251,168.898062,98,26.244997,136.88416,61.669569,1.797902,70.043893,12.0
S00592,L0029,T02,592,,1.95309,168.338114,97,68.95349,57.627059,62.030378,1.883977,69.669052,12.0
S00316,L0015,T02,316,390.933745,2.586298,163.415009,94,27.560249,37.128459,61.910562,1.461194,69.397199,12.0
S00191,L0009,T01,191,394.777836,2.945429,170.380255,132,12.68103,144.859398,70.371261,1.456851,57.235329,-1.76791
S00041,L0002,T01,41,394.932835,2.304862,193.756758,115,48.297708,131.261274,65.327765,1.999673,63.620201,12.0
S00054,L0002,T01,54,385.094792,2.405859,150.013209,,234.565355,133.200374,67.810508,3.787687,63.075432,10.426152
S00632,L0031,T02,632,398.913906,2.239182,193.423421,92,108.813852,150.226078,63.338177,2.862291,66.801245,12.0
S00697,L0034,T01,697,385.790525,2.46283,184.060916,80,207.018559,66.855553,60.117752,4.11954,65.055043,12.0
S00431,L0021,T02,431,378.095663,2.194443,171.18831,88,71.465232,75.370971,61.004842,2.656466,67.826875,12.0
S00235,L0011,T01,235,385.71074,2.440673,192.924134,131,72.983349,113.141973,70.200227,1.709464,59.178764,-0.953462
S00725,L0036,T01,725,389.096109,2.447116,190.488589,104,172.160443,68.554199,63.364998,3.19214,66.787938,12.0
S00220,L0011,T01,220,380.192775,2.188429,183.827491,112,25.539693,,64.628346,1.50613,62.83989,12.0
S00715,L0035,T01,715,390.654451,2.120328,187.619025,138,180.939833,88.010929,71.865635,3.532372,58.430465,-8.883978
S00695,L0034,T02,695,388.836083,2.000634,184.896955,108,39.453976,83.388492,62.155286,2.375424,65.693095,12.0
S00421,L0021,T01,421,381.78755,2.455098,209.476067,109,65.909418,2.430382,62.16851,2.323401,68.175107,12.0
S00015,L0000,T05,15,404.146667,2.026629,200.676381,97,162.408195,87.227727,63.80314,3.611147,68.208537,12.0
S00457,L0022,T02,457,394.716502,2.527698,165.719541,82,48.844282,17.972341,59.23095,2.409732,70.697329,12.0
S00573,L0028,T02,573,390.906089,2.400351,166.239991,127,219.798387,156.984526,69.437653,4.136571,59.198708,2.677841
S00559,L0027,T01,559,377.176345,2.281736,183.53429,136,189.491898,35.432156,70.283783,3.60667,55.445817,-1.351346
S00541,L0027,T04,541,385.5526,2.28594,188.574985,101,102.901405,83.137835,63.664178,2.650443,66.721254,12.0
S00352,L0017,T02,352,379.948478,2.330208,171.108127,81,119.695637,104.954424,57.109112,2.687176,73.072984,12.0
S00210,L0010,T03,210,399.162591,2.276134,184.588025,140,235.471717,150.624557,72.823546,4.451528,56.511989,-12.0
S00408,L0020,T01,408,401.078099,2.411683,187.379323,138,127.055896,53.317122,70.772002,2.898393,53.414733,-3.6762
S00107,L0005,T05,107,386.922025,2.762399,181.893741,,125.227841,128.689764,63.411265,2.848389,65.072879,12.0
S00144,L0007,T02,144,386.206503,2.621752,186.655056,97,159.682661,115.944974,61.661317,3.55963,62.662402,12.0
S00751,L0037,T01,751,381.457928,2.295497,160.903538,96,4.085824,61.624437,61.412829,1.889152,69.215526,12.0
S00090,L0004,T01,90,391.228402,2.60608,194.473439,128,42.504086,33.098805,68.768,1.806573,54.656206,5.866665
S00396,L0019,T01,396,385.793001,2.316725,158.89487,99,15.108184,155.721789,60.103261,1.46878,68.486151,12.0
S00311,L0015,T02,311,387.216774,2.453359,176.811558,102,68.535714,80.11247,62.426102,1.951739,63.484661,12.0
S00361,L0018,T02,361,394.199818,2.8479,176.13771,81,220.552734,41.496671,59.131912,4.690635,70.475703,12.0
S00259,L0012,T01,259,394.825825,2.413281,160.741569,133,195.224382,34.169065,70.126044,3.582929,58.05155,-0.600209
S00747,L0037,T04,747,384.931972,2.291719,147.39237,133,138.063286,152.814687,67.819901,2.784717,63.084292,10.381426
S00647,L0032,T01,647,387.083293,2.096344,175.097558,108,,82.769918,64.889739,3.662793,58.931505,12.0
S00721,L0036,T01,721,382.007022,2.522943,166.228656,111,104.070549,119.810158,64.726289,2.689537,64.90684,12.0
S00465,L0023,T05,465,398.257033,2.348578,165.989002,100,133.759284,118.559222,64.259119,3.084972,59.443435,12.0
S00724,L0036,T02,724,390.314408,2.174231,194.254568,104,154.769431,75.733215,63.69323,3.527082,69.101361,12.0
S00027,L0001,T02,27,395.173178,2.234085,187.071332,86,176.768832,97.962383,60.195336,3.593316,68.39094,12.0
S00192,L0009,T01,192,378.639617,2.244093,161.934553,121,44.539261,6.274807,67.85485,1.863227,60.772731,10.215
S00546,L0027,T02,546,386.960329,2.864663,170.319986,130,133.30308,131.975462,68.306556,2.971888,61.5145,8.064019
S00318,L0015,T03,318,389.180717,2.079812,177.526081,128,55.96593,22.547682,66.558005,2.560013,61.400152,12.0
S00461,L0023,T02,461,376.453467,2.499641,174.226995,139,,103.456443,68.302988,1.622921,58.0905,8.081011
S00328,L0016,T02,328,393.693631,2.445105,175.993679,117,126.016754,35.915728,68.301456,3.468918,57.243161,8.088304
S00711,L0035,T01,711,392.538763,2.244027,155.556438,112,10.856914,54.415,63.903064,1.348002,68.377101,12.0
S00655,L0032,T01,655,381.042894,2.477407,178.368926,122,95.908687,123.737383,65.90247,2.654378,66.676344,12.0
S00651,L0032,T05,651,381.733641,12.93313,189.781361,130,193.815361,146.275759,75.675263,4.017855,59.498779,5.019113
S00393,L0019,T02,393,388.784552,2.300805,193.43289,80,12.901714,91.462254,59.902374,1.23277,72.222374,12.0
S00351,L0017,T05,351,400.010903,,179.836232,80,159.072173,93.868175,58.732654,3.523317,71.086177,12.0
S00773,L0038,T05,773,,2.673493,180.713558,107,99.976763,42.519885,64.414815,2.489564,67.893539,12.0
S00454,L0022,T02,454,384.774555,2.587867,167.142253,136,20.11577,44.398285,70.376986,1.693863,60.15492,-1.795174
S00511,L0025,T02,511,393.702933,2.542623,162.989066,134,106.522646,138.208501,71.804407,2.698349,52.583665,-8.592412
S00382,L0019,T02,382,387.701536,2.372792,162.423057,136,115.826407,101.881972,68.713974,2.88708,55.424667,6.123935
S00113,L0005,T02,113,387.732449,2.371526,208.775742,132,124.600644,41.068763,67.973334,3.145462,58.471424,9.650793
S00555,L0027,T01,555,388.31906,2.573414,169.906491,99,77.048724,25.784772,63.657595,2.617747,64.138076,12.0
S00324,L0016,T01,324,389.648386,2.28949,194.344484,118,209.773425,79.655711,65.616836,4.09886,61.114354,12.0
S00713,L0035,T03,713,391.442926,2.465481,172.338149,116,206.177619,140.696048,67.077915,3.650194,64.080627,12.0
S00200,L0010,T05,200,387.240973,,171.673087,96,124.886805,98.072854,58.574234,3.410637,78.064017,12.0
S00092,L0004,T01,92,394.401459,2.611067,170.97381,123,127.313007,50.582609,66.737705,2.967285,63.643304,12.0
S00663,L0033,T02,663,381.890374,2.434588,156.606723,122,,26.099884,68.495978,3.475155,59.512384,7.162011
S00456,L0022,T02,456,379.888981,2.847046,185.153879,104,18.579781,68.431091,64.549234,1.746489,65.517191,12.0
S00707,L0035,T01,707,392.686897,2.409701,201.626719,94,34.670695,118.642313,64.064948,1.522072,61.14728,12.0
S00319,L0015,T02,319,380.188341,2.38947,189.420024,99,4.027283,89.691941,65.407468,1.618222,63.891908,12.0
S00734,L0036,T03,734,386.376408,2.884991,185.634688,90,92.126815,12.94611,59.438923,2.720436,71.221622,12.0
S00578,L0028,T02,578,393.695153,2.430821,195.021589,128,153.221942,32.280029,70.327303,3.00075,59.464181,-1.558584
S00480,L0024,T01,480,,2.735612,187.220449,136,124.770624,10.723205,69.275398,2.917829,59.891034,3.450488
S00678,L0033,T01,678,379.324819,2.594654,203.2733,119,163.57953,99.559073,66.798553,3.467131,59.949045,12.0
S00087,L0004,T01,87,398.894651,2.469851,201.141655,92,65.068282,96.184103,62.15497,2.319091,65.043906,12.0
S00145,L0007,T05,145,386.855617,2.50539,172.088347,138,12.080152,114.84102,71.281209,1.623808,57.577257,-6.100997
S00349,L0017,T02,349,394.114871,2.653424,182.023839,125,80.642716,86.003926,67.947346,2.329497,60.02664,9.774545
S00188,L0009,T04,188,391.459345,2.352216,183.172718,111,168.879404,53.176465,64.430838,3.220338,63.387959,12.0
S00348,L0017,T02,348,1966.007015,2.550805,204.76638,127,201.504336,75.258931,69.31171,3.747974,55.251858,3.277572
S00425,L0021,T05,425,392.904166,2.228318,190.666204,120,87.062027,12.180706,66.510062,2.564815,65.128249,12.0
S00197,L0009,T01,197,385.378997,2.617667,176.401139,115,231.481319,27.243228,65.665968,4.043559,60.193134,12.0
S00626,L0031,T01,626,389.208822,2.509489,181.140605,90,12.070244,113.988292,60.993272,1.51126,67.236134,12.0
S00255,L0012,T02,255,397.894412,2.257841,182.975812,131,,25.227498,69.986699,3.472992,60.166561,0.063339
S00500,L0025,T01,500,394.669439,2.2128,163.940435,127,54.931926,64.502307,69.980667,2.273591,56.576287,0.092061
S00768,L0038,T01,768,387.756449,2.264099,189.08558,130,142.311853,109.977611,69.114225,3.316442,59.4184,4.217977
S00131,L0006,T02,131,408.148366,2.340043,189.651704,134,230.106453,6.76418,69.870531,4.343464,58.338525,0.616518
S00338,L0016,T01,338,388.429354,2.60761,173.406986,95,54.779149,151.584306,62.434239,2.39569,62.865553,12.0
S00398,L0019,T05,398,389.422736,2.050374,179.490114,87,131.734643,128.888632,60.044585,2.720964,71.623188,12.0
S00761,L0038,T01,761,390.810176,2.477731,167.255102,130,184.517352,88.136399,68.21909,3.490971,60.972841,8.480522
S00637,L0031,T04,637,408.485937,2.324878,180.248332,131,88.287399,21.258173,71.36377,2.629914,58.009674,-6.494144
S00059,L0002,T01,59,393.597679,2.358217,193.235409,129,199.373745,4.116468,67.518825,3.550739,58.839813,11.815117
S00280,L0014,T02,280,387.759643,2.047985,180.550382,133,78.971037,,70.121357,2.685763,57.119288,-0.57789
S00562,L0028,T03,562,396.459843,2.419533,148.741227,132,55.293948,38.723216,69.5802,1.866315,60.417146,1.999046
S00097,L0004,T02,97,372.241614,2.18169,176.487182,117,24.632321,17.251432,66.726508,1.872517,62.804098,12.0
S00692,L0034,T03,692,401.807057,2.380359,193.698405,137,207.860892,23.971438,69.928835,3.764774,58.34476,0.338881
S00373,L0018,T01,373,391.516187,2.34389,177.477196,104,232.08927,55.5157,64.059722,4.029598,67.392197,12.0
S00079,L0003,T02,79,399.512984,2.537227,163.14764,121,21.669613,24.499716,68.433188,1.717513,59.475891,7.461009
S00312,L0015,T03,312,394.726736,2.382243,148.099031,137,87.101233,14.77847,70.828114,2.480234,56.017015,-3.943401
S00780,L0039,T04,780,392.094658,2.722407,204.966552,131,14.133945,75.534628,72.349666,1.961622,56.426954,-11.188886
S00614,L0030,T04,614,396.318623,2.210754,213.542315,116,86.679878,76.886209,66.617609,2.730962,66.901291,12.0
S00537,L0026,T01,537,392.133919,2.433502,165.379542,84,124.737549,50.469778,57.943641,3.024954,77.022122,12.0
S00566,L0028,T01,566,388.272668,2.427297,176.314473,111,221.498243,110.578132,66.537129,4.006138,61.289739,12.0
S00769,L0038,T03,769,391.25764,2.336695,162.914076,117,117.29629,22.679217,67.327456,3.281589,62.415984,12.0
S00474,L0023,T01,474,385.901712,2.293257,179.794743,132,109.595099,99.874805,69.214368,2.965129,59.351316,3.741105
S00589,L0029,T05,589,382.293575,2.591676,199.281801,103,57.875267,35.275927,54.787344,2.390327,61.844368,12.0
S00184,L0009,T01,184,390.761525,2.416031,187.773479,106,111.230011,10.672632,64.600588,5.074616,62.645275,12.0
S00720,L0036,T01,720,397.916662,2.132786,147.355726,81,23.401637,45.189251,58.750517,1.943254,73.843703,12.0
S00521,L0026,T03,521,391.353088,2.139618,181.694221,107,6.18027,6.78357,62.167682,1.669934,66.898087,12.0
S00401,L0020,T01,401,390.83005,2.30677,180.911001,136,203.634151,149.114843,69.873481,3.961023,59.601908,0.602471
S00117,L0005,T01,117,392.696662,2.431222,169.244857,110,93.428305,70.312578,64.338811,2.57221,63.598703,12.0
S00234,L0011,T01,234,,2.50653,195.113327,84,14.072294,3.717942,57.336092,1.68183,75.76213,12.0
S00598,L0029,T03,598,389.850811,2.122698,194.491675,109,231.165951,65.013098,65.366081,4.176902,62.953071,12.0
S00459,L0022,T03,459,373.886512,2.44569,180.290885,107,140.530293,1.142837,61.540567,3.035336,66.00148,12.0
S00239,L0011,T01,239,386.623958,2.278198,183.742687,137,195.35784,92.144564,72.489697,3.744101,54.473211,-11.855698
S00548,L0027,T01,548,379.143733,2.661463,181.654945,,176.391431,115.887656,60.484353,3.936037,67.11896,12.0
S00436,L0021,T03,436,403.918227,2.381139,160.479322,102,46.048849,138.398781,65.244979,2.018781,66.285195,12.0
S00266,L0013,T01,266,394.492357,2.42565,154.283931,125,234.364806,83.864671,68.527164,4.417296,56.375437,7.013504
S00791,L0039,T01,791,395.359518,2.143439,198.62122,107,65.159115,99.83608,66.064099,2.213791,56.991973,12.0
S00141,L0007,T01,141,393.862973,2.036533,191.785089,110,131.874324,119.950368,64.766026,3.527856,65.997384,12.0
S00603,L0030,T03,603,389.425212,2.378018,183.929714,135,37.113801,39.079566,70.606967,1.885669,56.97037,-2.890317
S00295,L0014,T05,295,399.021939,2.235564,176.170647,,229.817077,30.159131,65.458005,3.869878,63.206165,12.0
S00347,L0017,T01,347,393.800158,2.162857,187.918413,111,227.610475,91.03239,65.007377,4.242986,60.786357,27.028535
S00105,L0005,T05,105,372.989888,2.294586,189.83079,8.9,4.665143,9.591393,59.285888,1.368512,72.859253,12.0
S00386,L0019,T01,386,397.334691,2.395288,177.158624,108,168.721346,137.032078,66.657115,3.647781,60.395391,12.0
S00534,L0026,T03,534,375.777497,2.470004,184.90566,100,80.971192,131.415392,61.110469,2.30672,70.392072,12.0
S00691,L0034,T05,691,385.441262,2.463855,158.202988,109,180.491618,93.067381,65.326484,3.419333,63.902939,12.0
S00491,L0024,T02,491,375.117844,2.520742,175.249851,82,28.935575,51.983395,57.509667,1.70492,69.81385,12.0
S00085,L0004,T01,85,397.382119,2.346322,179.06834,110,201.887156,91.924907,65.771003,4.03637,60.436134,12.0
S00640,L0032,T05,640,392.293743,2.829202,176.665795,138,167.951642,140.684043,71.475201,3.427496,55.28864,-7.024766
S00109,L0005,T05,109,392.134707,2.532347,181.951865,113,141.382,2.776389,66.162634,3.296247,63.181963,12.0
S00260,L0013,T03,260,387.001881,2.55619,193.658384,102,116.61623,138.98014,62.835813,3.087583,68.51012,12.0
S00232,L0011,T01,232,394.251398,2.40365,188.721494,114,119.09298,138.571819,69.63823,2.4659,62.069466,1.722716
S00533,L0026,T02,533,392.226912,2.479225,177.753522,91,74.397319,128.596532,63.750973,2.628191,63.934573,12.0
S00000,L0000,T04,0,395.320102,2.312972,152.363314,137,71.773003,150.181577,70.003204,1.883797,56.701432,-0.015255
S00384,L0019,T01,384,397.611152,2.633715,164.787654,136,122.718881,141.50851,70.226976,2.901071,61.272349,-1.080838
S00174,L0008,T01,174,383.586309,2.376855,175.361721,117,209.039787,148.628067,66.016786,3.936738,58.29308,12.0
S00118,L0005,T03,118,396.100556,2.207091,172.908671,134,161.160462,37.232386,69.719297,3.650117,57.169456,1.336681
S00657,L0032,T01,657,405.327639,2.524429,208.671126,119,197.195815,81.406136,70.247194,3.901425,59.806875,-1.177115
S00030,L0001,T01,30,382.882421,2.836497,178.336612,112,50.870848,47.966199,65.760455,2.656128,60.460664,12.0
S00095,L0004,T01,95,387.470849,2.484762,181.773908,108,219.257309,98.515562,65.032472,3.729041,63.750786,12.0
S00229,L0011,T02,229,381.888962,2.562813,154.35581,125,77.431979,135.227641,67.216506,2.437741,60.43825,12.0
S00515,L0025,T01,515,383.664473,2.545036,183.216735,134,107.836469,159.434822,69.80818,2.671873,55.259341,0.913427
S00137,L0006,T02,137,396.285096,2.104012,173.624403,118,148.828608,51.864801,67.248167,2.816132,63.308713,12.0
S00001,L0000,T03,1,398.531145,2.261081,180.718445,95,44.581279,147.601563,63.539967,2.189402,64.294684,12.0
S00157,L0007,T01,157,400.233262,2.438559,165.430193,115,172.967551,,68.541307,3.685191,60.71982,6.946157
S00086,L0004,T01,86,381.859182,2.35711,171.537236,104,4.275829,149.845302,64.811283,1.206207,66.467333,12.0
S00322,L0016,T01,322,390.861272,2.18803,179.168304,119,26.230411,119.479758,66.466434,2.21483,65.855763,12.0
S00394,L0019,T02,394,411.44493,2.340127,158.903769,85,89.756774,96.255926,60.169718,2.144184,68.089403,12.0
S00458,L0022,T02,458,399.507113,2.525914,162.69903,90,5.687442,88.314108,61.541701,1.571709,62.881257,12.0
S00502,L0025,T02,502,392.494216,2.964994,194.460761,99,168.188892,79.616255,62.625854,3.618418,65.893896,12.0
S00264,L0013,T01,264,402.258706,2.484495,184.967475,85,3.157359,68.608705,61.293899,1.73397,65.428233,12.0
S00263,L0013,T01,263,375.901414,2.30692,190.485077,85,113.566111,148.456558,57.813464,2.848911,73.631509,12.0
S00479,L0023,T01,479,381.430942,2.570079,164.116876,100,118.778927,155.357337,61.372239,2.75566,64.216528,12.0
S00046,L0002,T05,46,395.345804,2.08192,166.412124,81,10.03839,130.599854,57.640686,1.863644,75.502133,12.0
S00550,L0027,T01,550,397.027285,2.408131,181.101663,127,36.408971,76.32155,69.890167,1.81159,59.827554,0.523013
S00758,L0037,T01,758,667.372259,2.515107,171.967433,,59.764202,32.482326,70.713575,2.173769,59.307924,-3.397977
S00759,L0037,T01,759,375.936879,2.521169,184.61145,126,92.493875,32.246679,66.936509,2.607701,60.947914,12.0
S00068,L0003,T03,68,,2.093201,185.512447,122,184.282832,58.120562,66.166152,3.682989,61.85801,12.0
S00112,L0005,T01,112,401.06898,2.076094,202.170358,139,164.035189,151.629473,73.432713,3.583119,53.84216,-12.0
S00628,L0031,T01,628,390.624268,2.353528,164.909503,135,232.442999,89.725612,70.206194,4.374386,60.466807,-0.981877
S00064,L0003,T01,64,388.25156,2.008746,171.231984,86,23.302916,15.596319,61.2494,1.719954,67.2781,12.0
S00101,L0005,T04,101,395.49083,2.575909,180.09688,107,101.649578,75.836918,63.902043,2.835661,62.894478,12.0
S00516,L0025,T01,516,385.018683,2.127202,162.069445,121,236.325495,77.62549,65.706406,4.871422,61.360283,12.0
S00646,L0032,T05,646,395.063778,2.569776,180.100295,114,60.256149,129.071955,68.343281,2.494568,63.191332,7.889138
S00687,L0034,T01,687,376.158573,2.158157,175.39818,109,138.465373,105.810901,63.909378,3.172936,67.221235,12.0
S00088,L0004,T02,88,404.729302,2.45558,190.672055,96,194.327472,52.874699,63.730281,3.897123,69.463944,12.0
S00547,L0027,T03,547,385.91528,2.296326,175.991942,85,87.144379,128.999482,59.571707,2.242379,67.760197,12.0
S00026,L0001,T01,26,386.198749,2.777218,185.723401,135,130.996928,150.635993,69.596608,3.330859,58.54261,1.920916
S00736,L0036,T01,736,388.179037,2.294837,171.743822,83,65.098479,139.437769,58.656646,1.936852,71.866547,12.0
S00008,L0000,T01,8,392.363918,2.323171,161.273414,99,167.811203,125.609581,62.395672,3.629324,70.852408,12.0
S00497,L0024,T02,497,386.497964,2.378282,188.980032,133,24.387524,19.132476,70.682977,1.638125,59.196329,-3.252273
S00173,L0008,T01,173,391.589888,2.396203,185.270086,80,104.267632,40.227978,57.113827,2.588753,71.136427,12.0
S00449,L0022,T05,449,,2.210608,179.262374,80,58.444384,38.311743,57.524645,2.164872,71.468196,12.0
S00486,L0024,T02,486,401.731716,2.588079,218.584565,139,63.656693,103.984399,73.82733,2.488558,52.348698,-12.0
S00750,L0037,T03,750,380.869626,2.375683,181.212448,126,228.428484,123.267743,66.450887,3.700457,64.385918,12.0
S00674,L0033,T02,674,,2.746662,191.205358,132,141.943449,126.983493,72.540135,3.396221,55.848573,-12.0
S00710,L0035,T01,710,1978.64884,2.557782,159.836816,107,197.450981,149.993034,63.174459,3.577995,67.463658,12.0
S00679,L0033,T03,679,396.10925,2.476483,179.300634,87,185.299534,54.229326,59.62065,3.574049,69.589997,12.0
S00410,L0020,T01,410,393.257899,2.307203,151.180653,132,87.547618,100.81649,68.398605,2.594107,58.31025,7.625688
S00203,L0010,T01,203,393.866321,2.049285,189.640735,100,136.386064,73.286063,63.926785,2.884302,67.616452,12.0
S00712,L0035,T01,712,391.248554,2.692339,191.298965,110,224.371519,7.798738,63.084074,3.917029,66.651492,12.0
S00241,L0012,T01,241,387.874467,2.524325,190.168827,97,159.628947,76.482128,62.384545,3.627974,72.571207,12.0
S00693,L0034,T01,693,384.574337,2.657985,187.900682,122,17.477411,88.455287,67.387904,1.847016,57.788098,12.0
S00757,L0037,T01,757,386.007194,2.123736,164.782122,96,174.895344,87.681622,61.107364,3.36693,67.975611,12.0
S00735,L0036,T01,735,407.192064,2.403027,164.682833,135,28.276145,21.857024,70.269073,2.023113,54.306516,-1.2813
S00299,L0014,T01,299,390.601222,2.325963,186.780753,117,37.905307,63.240233,68.293889,1.822238,57.184822,8.124338
S00160,L0008,T02,160,392.703165,2.397997,191.617938,107,11.633834,82.141137,67.319331,1.326177,61.970754,12.0
S00633,L0031,T01,633,387.836162,2.317265,184.678159,105,1.492803,154.899099,61.588979,1.627956,66.484151,12.0
S00271,L0013,T01,271,402.068522,2.015218,201.383126,84,59.414238,36.654189,60.618745,2.148469,68.135502,12.0
S00670,L0033,T01,670,392.632762,2.40578,188.040101,113,239.920663,21.474356,66.930783,4.503521,58.342791,12.0
S00329,L0016,T03,329,390.411508,2.747374,187.195296,85,107.702424,28.228228,59.53046,2.577864,69.970519,12.0
S00275,L0013,T01,275,388.211975,2.507751,157.567356,99,26.36164,101.098259,63.68307,1.477404,65.902684,12.0
S00635,L0031,T05,635,382.337032,2.912761,171.134682,109,2.965945,28.019363,63.936394,1.711392,64.657729,12.0
S00150,L0007,T02,150,382.612949,2.427573,191.859728,116,171.975967,5.93135,65.481133,3.291469,65.196154,12.0
S00574,L0028,T02,574,401.569336,2.207611,195.632576,133,135.161508,91.806851,72.25245,2.973523,54.970313,-10.725953
S00362,L0018,T01,362,390.579768,2.081018,197.613071,92,222.413738,30.955059,59.660189,3.873756,72.141545,12.0
S00794,L0039,T01,794,392.292898,2.576206,204.406932,126,219.514707,92.953076,70.507885,4.110892,60.428871,-2.4185
S00353,L0017,T02,353,385.267043,2.788136,171.980466,121,89.716174,44.047316,67.277166,2.506635,62.64145,12.0
S00207,L0010,T02,207,391.404688,2.249406,192.416512,83,114.435171,39.392437,59.362184,2.941819,67.568125,12.0
S00254,L0012,T04,254,399.977941,2.403958,174.421988,130,,51.669154,69.096069,2.707841,63.547941,4.304433
S00755,L0037,T01,755,385.118699,2.094224,186.898966,106,3.991829,117.668918,64.11091,1.204965,66.41239,12.0
S00304,L0015,T01,304,389.861392,2.33962,171.966576,139,60.231624,14.400637,71.098176,2.099538,54.445069,-5.22941
S00019,L0000,T01,19,381.109422,2.141777,186.013637,94,125.811259,37.590421,60.081241,2.99588,68.195883,12.0
S00006,L0000,T02,6,386.035064,2.094604,180.524964,139,235.884353,19.485516,70.62966,4.630481,58.506105,-2.998381
S00686,L0034,T01,686,368.934931,2.071322,180.004888,83,176.664408,6.92577,55.716688,3.872324,74.19898,12.0
S00427,L0021,T03,427,393.121441,2.443335,182.591138,88,147.896068,94.678069,60.658229,3.390767,69.765867,12.0
S00370,L0018,T02,370,401.500937,2.412517,170.023506,123,219.561573,47.514816,67.073818,3.970958,62.376693,12.0
S00575,L0028,T01,575,399.854862,2.650722,157.472811,136,218.224239,24.550446,71.237286,4.029206,57.036471,-5.891838
S00077,L0003,T04,77,393.387498,2.24324,187.990544,119,60.236302,61.631063,67.802398,2.072027,56.487967,10.46477
S00610,L0030,T05,610,398.074848,2.088469,186.567504,96,56.930029,132.423055,61.649511,2.166592,68.059162,12.0
S00297,L0014,T04,297,390.973907,1.846337,202.221631,82,68.65422,153.066947,60.468371,2.606672,71.155663,12.0
S00641,L0032,T02,641,388.495212,2.508122,179.702555,87,152.872349,106.989131,59.667501,2.759657,66.928572,12.0
S00133,L0006,T01,133,387.342164,2.241917,168.076463,132,88.922669,42.538736,68.491246,2.636078,61.987266,7.184542
S00205,L0010,T04,205,,2.252655,170.749535,97,27.353564,97.297265,61.884217,7.41373,67.537202,12.0
S00169,L0008,T03,169,392.730299,1.971037,180.71316,97,209.281596,2.978207,58.325017,4.213837,74.88019,12.0
S00742,L0037,T01,742,382.986497,2.123679,194.735253,87,182.317903,8.734282,58.411409,3.4921,72.07724,12.0
S00767,L0038,T01,767,393.859692,2.468849,199.025563,81,52.750933,63.235183,59.620945,2.181089,73.649306,12.0
S00587,L0029,T01,587,382.791612,2.306584,161.91551,96,217.901155,115.019498,61.516249,3.690921,65.380286,12.0
S00367,L0018,T02,367,387.731841,2.398997,179.852522,87,177.485798,47.323825,60.043367,3.395992,65.347846,12.0
S00121,L0006,T01,121,,2.356033,190.081414,122,194.75613,127.042712,67.427969,3.560475,60.069678,12.0
S00089,L0004,T01,89,395.205899,2.589419,183.206305,83,185.456573,115.528634,59.160452,4.054334,68.663544,12.0
S00460,L0023,T01,460,374.636008,2.261699,163.868385,120,182.739221,21.096066,66.083914,3.378566,64.542082,12.0
S00765,L0038,T04,765,375.892259,2.300073,184.810046,94,171.090676,158.954417,57.724491,3.409943,68.088414,12.0
S00698,L0034,T02,698,379.400155,2.187609,182.369084,120,92.998652,51.667396,69.585712,2.511762,59.009312,1.972798
S00527,L0026,T04,527,398.034156,2.552009,174.694944,93,129.133649,0.581906,57.931916,3.220777,71.297767,12.0
S00022,L0001,T01,22,387.335262,2.500532,187.513885,88,84.280674,27.678329,60.208264,2.156068,66.568034,12.0
S00345,L0017,T02,345,390.740512,2.452808,177.463636,118,170.660228,96.752512,65.873811,3.499503,61.545779,12.0
S00376,L0018,T03,376,390.603668,2.786356,210.856981,104,167.50633,118.620743,64.599609,3.999041,63.924209,41.896294
S00583,L0029,T01,583,384.368286,2.04894,165.516704,96,187.637391,15.552568,62.345705,3.683986,65.563765,12.0
S00201,L0010,T03,201,384.367071,2.445378,183.674578,122,45.606922,9.378576,65.036424,2.03218,59.62529,12.0
S00099,L0004,T01,99,383.611356,2.693871,180.948806,87,46.756109,64.754488,59.432329,1.597739,71.235527,12.0
S00784,L0039,T01,784,392.772533,2.803991,188.754424,94,153.191795,87.581446,63.033517,3.26475,68.880091,12.0
S00728,L0036,T04,728,379.846792,1.921723,192.627943,140,71.261034,10.723788,69.701518,2.594134,56.444418,1.421342
S00739,L0036,T01,739,382.092724,2.124416,185.458646,99,172.607033,22.1529,63.1165,3.709051,63.401959,12.0
S00364,L0018,T01,364,382.144169,2.232594,212.007026,106,206.87622,37.888929,65.499886,3.800801,63.215171,12.0
S00051,L0002,T01,51,395.900266,2.544755,175.180946,88,88.869705,156.175292,59.607773,2.939409,72.06183,12.0
S00098,L0004,T01,98,384.352056,,191.30809,92,160.126166,139.254091,60.676855,3.447385,68.407762,12.0
S00209,L0010,T02,209,375.643657,,207.747451,85,209.134162,44.28923,59.454207,3.818854,73.316146,12.0
S00470,L0023,T03,470,408.711661,2.197031,185.172094,91,219.701391,94.360678,62.899556,4.187975,68.690881,12.0
S00151,L0007,T01,151,393.365213,2.4236,181.146948,84,141.006972,64.651124,60.593722,3.049317,70.744623,12.0
S00699,L0034,T01,699,386.950343,2.231672,162.884307,99,140.263846,157.615663,62.403426,3.626732,68.422058,12.0
S00225,L0011,T02,225,385.799079,2.24131,171.894081,125,164.236671,131.235352,67.752115,3.554223,61.405585,10.704213
S00296,L0014,T01,296,388.42609,2.556623,195.668742,81,59.420078,69.264557,59.257951,2.265306,76.881017,12.0
S00744,L0037,T01,744,384.179416,2.619424,186.760178,80,224.266025,33.904008,59.043828,4.370706,74.843937,12.0
S00518,L0025,T02,518,389.912659,2.299528,138.254229,99,11.64756,127.600658,60.352986,1.675231,71.335567,12.0
S00335,L0016,T01,335,386.746726,2.346306,172.201251,84,222.083018,68.392039,58.294155,3.896751,71.416057,12.0
S00501,L0025,T01,501,391.099611,2.457821,166.850253,121,62.466284,152.353245,66.630142,1.822797,60.216571,12.0
S00219,L0010,T04,219,397.106453,2.27704,201.484625,114,121.750067,31.02795,67.311632,3.152711,59.001994,12.0
S00055,L0002,T01,55,394.065801,2.15582,180.634892,81,238.446421,152.835049,60.483149,4.417235,68.292614,12.0
S00797,L0039,T02,797,393.06636,2.489904,186.925476,102,163.294736,149.844856,65.96033,3.268036,62.824813,12.0
S00677,L0033,T05,677,382.202936,2.185117,184.467714,136,237.423435,87.428145,69.595026,4.23308,58.093025,1.928446
S00403,L0020,T01,403,388.87973,2.480717,178.803904,100,198.262103,80.409988,62.502513,3.5211,65.391187,12.0
S00740,L0037,T03,740,400.973295,2.474607,190.620248,137,132.770953,77.262871,72.843368,2.910321,57.16442,-12.0
S00510,L0025,T04,510,388.627612,2.424941,158.562596,95,97.855057,80.762915,60.910636,2.898448,71.191008,12.0
S00123,L0006,T01,123,389.026178,2.68862,195.678197,109,133.502161,15.468938,63.065087,2.984082,68.112497,12.0
S00789,L0039,T02,789,385.304954,2.568567,174.445307,86,45.769641,19.528967,59.228987,1.730977,70.609669,12.0
S00245,L0012,T01,245,393.579346,2.613063,207.449993,112,227.127068,71.495858,66.390984,4.402678,60.589958,12.0
S00194,L0009,T01,194,382.692734,2.371967,175.450434,81,144.047222,125.142563,58.570446,3.026394,70.918661,12.0
S00142,L0007,T04,142,397.845075,2.653239,166.978607,123,188.664115,131.338689,69.338951,3.660099,57.405807,3.147852
S00495,L0024,T01,495,385.607417,2.233451,164.577823,104,32.735805,96.468078,63.447583,2.125785,64.110157,12.0
S00552,L0027,T01,552,396.755424,2.239027,176.968635,89,54.344962,142.077969,61.056454,1.880227,68.921155,12.0
S00053,L0002,T02,53,395.487455,1.780388,184.317851,106,61.267123,37.703547,64.914008,2.35092,66.277491,12.0
S00102,L0005,T02,102,382.875428,2.519103,200.420703,81,96.0114,,58.487913,2.736619,70.860115,12.0
S00682,L0034,T01,682,389.546007,2.205039,191.063302,90,1.029841,81.488856,60.414364,1.51116,76.509473,12.0
S00037,L0001,T01,37,390.492604,2.239741,177.580071,98,20.106618,40.771792,61.90728,1.8348,65.271086,12.0
S00058,L0002,T01,58,395.370681,2.117851,172.140027,100,47.315869,129.815431,64.211118,1.978208,68.550371,12.0
S00703,L0035,T03,703,391.310214,2.398474,183.262423,99,198.001713,152.368876,64.219073,3.561122,63.656075,12.0
S00044,L0002,T01,44,398.381452,2.402003,182.857887,106,128.845169,16.886889,64.78144,3.217242,64.380268,12.0
S00313,L0015,T04,313,386.334725,2.297795,191.431992,99,150.627988,120.14539,62.227017,3.364735,68.805303,12.0
S00539,L0026,T01,539,398.007469,2.685239,175.188416,102,189.556471,108.746669,63.503217,3.718228,65.648901,12.0
S00544,L0027,T02,544,399.632177,2.475145,200.153976,90,217.616148,6.016324,61.807443,4.185952,70.295296,12.0
S00143,L0007,T01,143,392.816276,2.390525,189.32253,115,189.582745,23.64881,65.839519,3.75307,61.217314,12.0
S00629,L0031,T01,629,385.133681,2.325867,154.125056,83,125.730134,61.000161,58.71188,2.993981,68.943417,12.0
S00572,L0028,T01,572,387.653988,2.613215,165.287115,103,192.959629,60.108903,63.962897,4.031206,69.235046,12.0
S00616,L0030,T04,616,,2.899341,,91,209.860144,139.108276,60.922861,4.195438,69.483128,12.0
S00212,L0010,T02,212,405.091653,2.164431,183.31319,132,82.304865,106.927375,70.999554,2.710221,56.296282,-4.75978
S00442,L0022,T02,442,387.783396,2.838915,191.851272,113,37.380878,127.876498,64.182508,1.718815,60.567772,12.0
S00060,L0003,T04,60,383.524501,2.197716,171.432941,137,55.940662,66.882448,70.861025,1.992374,51.073404,-4.100117
S00066,L0003,T02,66,381.471168,2.193386,184.960782,83,228.680693,20.976528,59.541746,4.190666,71.35024,12.0
S00444,L0022,T01,444,395.873293,2.117024,183.112542,89,80.748473,43.061768,60.708376,2.431278,70.177976,12.0
S00644,L0032,T02,644,388.445999,2.279832,183.954151,103,112.215748,29.756628,61.454117,2.644582,68.987876,12.0
S00010,L0000,T03,10,377.000931,2.348247,186.573013,112,156.948743,40.830997,66.168645,3.132438,61.16015,12.0
S00195,L0009,T01,195,395.336582,2.393673,184.44579,127,83.823629,27.008233,70.745063,2.873945,59.145047,-3.547921
S00061,L0003,T04,61,396.220462,2.127491,160.877325,94,225.448302,50.543219,61.553418,3.993835,68.404516,12.0
S00512,L0025,T01,512,381.639341,,182.316216,139,112.101886,72.824153,70.443708,2.456231,57.868082,-2.112895
S00666,L0033,T01,666,387.806796,2.364398,175.939226,94,192.749643,148.349236,61.470807,4.357715,67.265675,12.0
S00251,L0012,T01,251,378.59432,2.090948,150.135026,126,224.412592,70.473264,64.738822,4.228389,60.199594,12.0
S00172,L0008,T02,172,389.968537,2.569687,192.784289,107,162.92451,93.211833,62.814851,3.755925,66.705207,12.0
S00267,L0013,T02,267,403.290389,1.944125,196.469735,94,214.596997,95.626348,64.25306,4.325955,65.823374,12.0
S00439,L0021,T02,439,386.967176,2.551647,197.941125,98,69.193633,120.479817,62.510119,2.606215,64.860292,12.0
S00371,L0018,T01,371,379.590387,2.404126,176.283706,113,222.590687,103.769226,64.966922,4.236889,61.112958,12.0
S00652,L0032,T01,652,396.29454,2.391612,199.629281,110,231.181569,143.073744,65.297281,4.454477,64.021509,12.0
S00607,L0030,T04,607,394.423842,2.675519,157.098899,101,106.814961,159.576402,64.923205,2.944366,64.328514,12.0
S00166,L0008,T02,166,397.948584,2.206001,165.482821,125,101.046717,35.617771,67.535072,2.655747,62.322351,11.737751
S00642,L0032,T01,642,398.33415,2.407567,193.644043,123,80.965559,21.991551,69.044867,2.576461,60.601414,4.54825
S00799,L0039,T01,799,401.013129,2.857778,183.822858,119,126.899144,3.548405,66.453047,3.209389,65.194344,12.0
S00543,L0027,T04,543,384.871743,2.21316,150.281875,97,184.72017,118.895685,62.47762,3.551317,63.333278,12.0
S00336,L0016,T02,336,375.708076,2.479886,161.334681,116,23.979994,136.721669,64.342155,1.825797,62.747492,12.0
S00357,L0017,T04,357,399.677438,2.492295,164.127173,98,207.677462,111.912089,62.084461,4.140025,68.500321,12.0
S00547,L0027,T03,547,385.91528,2.296326,175.991942,85,87.144379,128.999482,59.571707,2.242379,67.760197,12.0
S00011,L0000,T04,11,377.338264,2.123205,178.005858,99,,74.96799,61.464726,1.748829,68.090658,12.0
