sample_id,lot_id,tool_id,sequence,gate_cd_nm,eot_nm,channel_dose_proxy,anneal_temp_c,contact_resistance_proxy,vth_v,ion_proxy,ioff_proxy,retention_risk,spec_yield_pct
S00785,L0039,T01,785,,1.260733,1.019873,917.467535,74.903161,0.564547,1.201224,0.001193,0.024407,96.968109
S00502,L0025,T01,502,42.386828,1.095669,0.999567,917.665101,80.650134,0.484162,1.177716,0.000755,0.022997,96.54379
S00649,L0032,T01,649,42.522767,1.212943,0.996388,922.578902,89.007585,0.556451,1.244615,0.000956,0.023903,97.997013
S00210,L0010,T03,210,39.274642,1.073112,0.969306,915.877243,86.410372,0.421395,1.28394,0.001568,0.035238,96.539051
S00701,L0035,T01,701,40.547043,1.225098,0.879492,919.210635,102.541404,0.45415,1.111177,0.001707,0.046084,94.127791
S00248,L0012,T04,248,45.740407,1.054658,0.953738,933.666494,84.197904,0.609667,1.074816,0.000724,0.033171,97.500625
S00798,L0039,T02,798,45.213827,1.1737,0.915361,930.048313,82.201714,0.533428,1.12189,0.000811,0.019724,96.444335
S00023,L0001,T01,23,39.61852,1.185739,1.02,920.993396,65.957908,0.492322,1.366505,0.001208,0.021748,98.85472
S00776,L0038,T03,776,40.419884,1.180544,0.983366,908.023618,94.721644,0.296564,1.162354,0.002089,0.099689,90.646717
S00741,L0037,T02,741,,1.184439,1.023359,908.601972,91.740829,0.407687,0.999764,0.002288,0.043819,96.556149
S00538,L0026,T02,538,36.978031,1.197053,1.123409,914.683759,87.199542,0.474603,1.347961,0.001201,0.024549,98.448623
S00614,L0030,T04,614,40.686108,1.316262,0.959774,934.460317,77.925009,0.48121,1.261328,0.001304,0.023466,96.630453
S00604,L0030,T01,604,37.163634,1.253069,1.118543,929.442301,85.197067,0.606175,1.297917,0.000719,0.032396,95.175018
S00690,L0034,T01,690,41.422038,1.179233,0.949061,901.615236,80.689213,0.527445,1.117275,0.000769,0.01893,97.822244
S00350,L0017,T02,350,37.590962,1.026774,1.020203,944.272234,88.13794,0.669699,1.43198,0.000616,0.049865,96.044434
S00423,L0021,T03,423,43.282061,1.033685,1.010413,904.860809,77.837182,0.567437,1.20112,0.000732,0.024893,97.673991
S00605,L0030,T02,605,42.353738,1.166941,0.892517,919.465824,86.683162,0.477125,1.200821,0.001612,0.02413,97.904797
S00703,L0035,T02,703,40.659236,1.2132,1.085284,907.533714,72.329206,0.734174,1.278548,0.000514,0.075803,92.61753
S00078,L0003,T02,78,40.242278,1.082744,0.978056,934.012873,91.18804,0.637247,1.25347,0.000602,0.04446,95.698746
S00142,L0007,T01,142,41.919792,1.023191,1.047987,917.586456,99.665363,0.415662,1.188196,0.001337,0.054098,93.998431
S00521,L0026,T03,521,38.582637,1.049821,1.077706,895.209763,81.436242,0.480271,1.217813,0.001136,0.023617,97.506807
S00036,L0001,T03,36,455.03335,1.27943,1.001662,950.04501,85.334771,0.762776,1.146584,0.000323,0.091076,91.747029
S00292,L0014,T01,292,40.104542,1.1678,0.99679,931.942038,75.147499,0.400485,1.297313,0.00151,0.040567,93.713356
S00054,L0002,T04,54,39.779857,1.142072,1.022721,920.778547,82.896543,0.545378,1.179143,0.000621,0.021408,97.889953
S00496,L0024,T03,496,45.983783,1.098986,0.947642,897.716887,84.110527,0.444348,0.994364,0.001796,0.030165,97.887597
S00204,L0010,T03,204,44.44738,1.133168,1.02259,,72.095195,0.58253,1.152189,0.000723,0.027591,97.951958
S00637,L0031,T01,637,41.272632,1.222318,1.010192,933.140748,81.626374,0.496309,1.34878,0.000743,0.021162,97.362993
S00519,L0025,T04,519,39.740738,1.202208,1.080128,931.76458,90.991608,0.773898,1.290435,0.000505,0.107359,89.723122
S00715,L0035,T01,715,44.825964,1.170779,1.030447,934.434409,86.845494,0.71121,1.116754,0.000497,0.065282,92.926802
S00097,L0004,T03,97,45.840229,1.267459,0.979289,936.598888,68.873122,0.27133,1.2295,0.001958,0.09455,91.040286
S00768,L0038,T03,768,36.703414,1.003869,1.131091,934.246493,67.715836,0.149311,1.415269,0.006144,0.196996,78.69039
S00337,L0016,T01,337,41.623887,1.176009,1.020586,930.278723,82.498511,0.53963,1.175332,0.000872,0.020581,99.186022
S00290,L0014,T04,290,40.137037,1.078551,,895.199263,73.839666,0.815524,1.149156,0.000272,0.126603,87.44614
S00377,L0018,T01,377,44.111218,1.165074,0.949191,909.532893,85.577916,0.465859,1.007865,0.000925,0.026058,99.008927
S00707,L0035,T04,707,43.500983,1.168811,1.027083,959.918664,77.497463,0.332062,1.328407,0.001535,0.063898,93.300868
S00694,L0034,T04,694,34.965749,1.13931,0.958225,925.932225,64.101006,0.273859,1.478098,0.002126,0.093045,91.884554
S00558,L0027,T03,558,38.868733,0.949825,0.935404,922.9256,96.361623,0.515148,1.221905,0.001099,0.024762,97.146361
S00085,L0004,T01,85,,1.282945,1.026398,881.631504,85.023818,0.416413,1.057342,0.001074,0.036443,97.324405
S00792,L0039,T01,792,42.076268,1.064778,1.051116,942.458048,84.0039,0.580401,1.218251,0.000559,0.027194,98.102498
S00582,L0029,T02,582,40.427901,1.102009,0.944268,925.16784,77.934736,0.424709,1.226887,0.000685,0.034457,96.303307
S00426,L0021,T04,426,42.328245,1.031717,0.842669,909.657471,83.281012,0.462032,1.189586,0.001432,0.026747,97.429243
S00665,L0033,T02,665,41.771305,1.219439,1.04799,912.751776,79.640992,0.590822,1.240888,0.000913,0.029192,97.380854
S00489,L0024,T01,489,41.99728,0.984432,1.026516,906.551513,90.164676,0.33843,1.226929,0.002058,0.065789,93.982276
S00131,L0006,T01,131,42.461177,1.072119,1.007316,916.410615,73.042424,0.536603,1.222971,0.000992,0.020158,96.290372
S00652,L0032,T01,652,42.460814,1.093625,0.979436,910.98597,78.905914,0.534912,1.108742,0.001082,0.019926,96.443116
S00738,L0036,T04,738,44.49104,1.186277,0.884827,896.506424,97.935582,-0.026169,0.972077,0.005376,0.542629,50.0
S00164,L0008,T01,164,39.736075,1.108199,1.09078,894.368305,89.688311,0.195166,1.15529,0.001849,0.158816,83.150303
S00083,L0004,T04,83,43.35029,1.133595,0.919201,918.139457,76.3625,0.562432,1.177064,0.000465,0.024057,72.469922
S00746,L0037,T03,746,40.776715,1.201743,,935.363777,73.897147,0.317499,1.296673,0.001412,0.070274,94.077324
S00364,L0018,T04,364,42.370191,1.294365,0.966668,919.877449,77.339685,0.585616,1.19812,0.001066,0.028176,97.696607
S00495,L0024,T02,495,42.080432,1.127414,0.953197,928.492338,76.691663,0.430404,1.237996,0.001226,0.033156,98.07459
S00483,L0024,T01,483,40.395417,1.128062,1.049363,938.278601,89.116743,0.674764,1.223888,0.000682,0.053274,93.21507
S00325,L0016,T03,325,42.061781,1.188699,0.834392,917.957405,71.080679,0.498982,1.243501,0.000872,0.020778,98.001153
S00135,L0006,T01,135,41.141929,1.023285,1.013927,922.281859,79.475938,0.466852,1.319194,0.001367,0.025882,97.751046
S00224,L0011,T02,224,39.051272,1.30791,1.014455,917.499342,71.938373,0.573725,1.312119,0.000683,0.025985,99.339166
S00312,L0015,T02,312,42.274387,1.306692,1.020643,932.725458,81.120611,0.548953,1.18203,0.000729,0.021938,98.951101
S00698,L0034,T01,698,44.936042,1.277886,0.945226,921.961262,91.575656,0.57064,1.101965,0.000631,0.028738,96.549164
S00718,L0035,T01,718,43.471291,1.246119,1.011556,930.167636,92.640849,0.727727,1.230619,0.000339,0.084441,93.247095
S00514,L0025,T01,514,41.761778,1.032104,1.030255,909.618281,82.090007,0.481173,1.13624,0.001432,0.023472,97.795438
S00059,L0002,T02,59,42.953977,1.123878,1.066565,928.693537,92.879104,0.680019,1.142439,0.000456,0.062438,93.855329
S00331,L0016,T01,331,43.210353,1.081882,0.946244,957.557949,82.282595,0.517562,1.187116,0.001295,0.01829,98.385752
S00091,L0004,T02,91,40.153869,1.131156,1.066408,946.370693,83.985479,0.572703,1.244515,0.000917,0.025804,98.188234
S00587,L0029,T01,587,38.630293,1.078656,1.012941,924.820526,93.592092,0.57829,1.26957,0.000884,0.032413,96.579794
S00102,L0005,T03,102,38.482176,1.103901,0.910581,,78.315779,0.47617,1.304292,0.00098,0.024288,97.12077
S00427,L0021,T01,427,40.751791,1.256159,0.951086,941.444017,77.718412,0.372407,1.343609,0.00107,0.048946,94.671046
S00289,L0014,T01,289,42.629306,1.170215,1.047298,897.766451,77.413267,0.69305,1.189058,0.00046,0.057941,93.626989
S00026,L0001,T01,26,39.948576,1.150972,0.923035,923.760138,78.015987,0.484663,1.305391,0.001521,0.022918,97.33352
S00567,L0028,T02,567,43.866545,1.231261,0.991235,925.861095,74.434993,0.481646,1.244408,0.00074,0.023396,97.040246
S00773,L0038,T03,773,38.925632,1.167798,1.009621,932.755791,87.687854,0.57495,1.240744,0.000906,0.026203,98.032885
S00092,L0004,T01,92,44.037131,1.099909,0.927008,915.35448,70.726995,0.592821,1.181286,0.000869,0.029591,97.365898
S00159,L0007,T01,159,40.509099,1.235094,0.979502,945.074755,85.478347,0.644644,1.343249,0.000337,0.041987,97.046368
S00084,L0004,T01,84,46.393988,1.201381,1.071798,909.77188,81.320049,0.615011,1.028518,0.000831,0.034392,96.935965
S00584,L0029,T01,584,44.829044,1.134398,0.983255,921.553091,81.473725,0.545821,1.102666,0.000674,0.021473,97.9415
S00025,L0001,T01,25,39.888291,1.073284,1.029452,921.360226,85.36172,0.506378,1.307244,0.001205,0.01975,97.511907
S00262,L0013,T01,262,41.002182,1.291939,0.861812,937.283249,64.633263,0.037377,1.387235,0.004868,0.349408,65.756271
S00223,L0011,T01,223,42.905127,1.230927,0.90436,938.376856,82.018757,0.531681,1.193333,0.001141,0.019489,97.72674
S00516,L0025,T01,516,,1.075776,0.925018,946.949864,92.936726,0.94112,1.209371,0.000252,0.293308,70.189095
S00148,L0007,T01,148,41.733368,1.210183,0.935217,914.948934,89.729565,0.451603,1.178833,0.001535,0.030452,97.838843
S00404,L0020,T03,404,39.274445,1.077806,0.926425,898.769361,96.737669,-0.031179,1.191052,0.003161,0.540926,50.0
S00545,L0027,T03,545,41.537833,1.130296,1.066431,907.023101,74.199428,0.690503,1.232205,0.00059,0.056975,91.691659
S00380,L0019,T03,380,42.98654,1.281151,0.986011,945.99991,92.786979,0.949804,1.140083,0.00025,0.304952,69.832016
S00554,L0027,T01,554,40.051105,1.056581,0.952907,914.36084,100.339637,0.320106,1.250123,0.001586,0.102583,89.945743
S00279,L0013,T01,279,43.051646,1.093737,1.031788,893.393582,75.309433,0.80206,1.133559,0.000446,0.116543,89.767901
S00329,L0016,T03,329,42.390993,1.017231,,936.483122,76.821383,0.353029,1.237476,0.001205,0.055661,93.711093
S00277,L0013,T02,277,40.273549,1.130283,0.934158,925.831467,72.148224,0.384443,1.328986,0.001564,0.04517,96.265625
S00639,L0031,T01,639,41.808536,1.135208,0.928819,934.225344,76.209022,0.377442,1.264238,0.001324,0.047331,94.257879
S00721,L0036,T01,721,43.68824,1.012182,1.087214,903.421797,80.150434,0.582888,1.115098,0.000597,0.027658,96.154619
S00600,L0030,T01,600,40.276061,1.215035,0.956429,908.334837,92.959634,0.342876,1.178655,0.001348,0.070009,94.102325
S00678,L0033,T04,678,,1.101428,1.039247,924.662114,87.850104,0.667778,1.096912,0.000675,0.049007,94.216631
S00264,L0013,T01,264,40.921393,1.106146,0.937518,964.414997,84.702154,0.66713,1.295901,0.000654,0.048795,93.597973
S00302,L0015,T01,302,39.415968,1.13011,0.933104,884.181702,78.39042,0.652346,1.23057,0.000675,0.04421,96.0769
S00794,L0039,T01,794,41.78332,1.234536,0.947288,940.359034,84.778732,0.593001,1.236669,0.00085,0.029627,97.234219
S00654,L0032,T02,654,41.171074,1.130209,0.997062,922.506228,82.927676,0.492575,1.172445,0.001215,0.02171,95.919061
S00280,L0014,T03,280,45.171526,1.20404,0.901632,921.674054,91.818283,0.551394,1.041747,0.000898,0.025417,98.573828
S00576,L0028,T03,576,41.595001,1.105226,0.966488,918.024061,95.581632,0.461578,1.149514,0.000859,0.0347,95.574897
S00719,L0035,T01,719,41.043361,1.212912,0.892793,936.408227,86.468982,0.63127,1.184854,0.000529,0.038379,94.216104
S00079,L0003,T01,79,42.591356,1.068218,0.97097,928.459146,96.268807,0.680569,1.156953,0.000616,0.070005,92.703742
S00183,L0009,T03,183,40.092998,1.066825,1.014221,922.641238,82.256323,0.455752,1.299506,0.000985,0.027915,96.86152
S00450,L0022,T01,450,42.361103,1.16504,0.943927,909.394781,93.417943,0.325468,1.162449,0.001335,0.079537,90.618715
S00061,L0003,T04,61,41.449099,1.277269,0.848945,907.391712,87.313886,0.440034,1.179931,0.000895,0.031061,94.573722
S00006,L0000,T02,6,37.949968,1.033573,0.990025,916.424448,79.392423,0.444569,1.309876,0.000775,0.03012,96.796241
S00282,L0014,T04,282,44.295435,1.173962,1.07632,917.323266,75.873981,0.645757,1.118974,0.000552,0.042302,97.404853
S00040,L0002,T03,40,44.584208,1.157007,1.067873,917.143157,90.682423,0.525126,1.118984,0.001611,0.020427,97.738439
S00469,L0023,T03,469,44.869312,1.078883,0.934037,945.613537,79.615841,0.392706,1.203034,0.001264,0.04274,96.051719
S00484,L0024,T03,484,41.1306,1.078779,0.933399,926.609381,83.885259,0.483434,1.174957,0.001092,0.023112,97.781954
S00108,L0005,T04,108,46.688758,1.179868,1.091959,919.69773,78.756174,0.658467,1.05213,0.000638,0.046057,95.77764
S00510,L0025,T04,510,39.719238,0.948999,,897.830561,68.284793,0.941931,1.318147,0.000251,0.259901,75.187428
S00537,L0026,T02,537,41.188729,1.02148,0.994638,904.269184,93.702931,0.159537,1.168215,0.003121,0.218035,78.891994
S00008,L0000,T01,8,44.235732,1.179269,0.889265,904.724951,94.983911,0.221414,1.060834,0.002466,0.15903,83.021867
S00001,L0000,T01,1,43.922136,1.254819,0.959511,906.419691,88.637487,0.446221,1.146389,0.001393,0.030435,97.860197
S00144,L0007,T01,144,40.989951,1.087984,0.908494,933.414241,90.159211,0.60735,1.298059,0.000696,0.035129,96.082644
S00352,L0017,T01,352,40.193448,1.283619,1.039608,942.739646,83.728316,0.628876,1.358189,0.000546,0.037765,95.687726
S00098,L0004,T02,98,44.289492,1.079451,1.047602,905.32679,90.025165,0.335632,0.997412,0.00218,0.066699,92.481384
S00214,L0010,T01,214,44.021767,1.091496,0.948452,941.093542,108.06414,1.326577,1.120023,3.8e-05,0.912798,50.0
S00372,L0018,T03,372,39.650661,1.119218,0.930981,933.02596,56.83795,-0.03693,1.445108,0.003704,0.474649,52.373463
S00452,L0022,T01,452,41.829786,,0.883121,923.6518,87.531424,0.506593,1.230883,0.00091,0.019721,97.304448
S00400,L0020,T01,400,44.193896,1.242241,0.988564,1176.857571,81.300744,0.58199,1.046049,0.000721,0.02749,96.41711
S00395,L0019,T03,395,39.872201,1.186196,1.082758,916.177559,85.785588,0.504398,1.201089,0.00129,0.02002,99.073068
S00691,L0034,T02,691,42.890417,1.176347,1.030306,910.697725,80.045266,0.573566,1.116928,0.000718,0.025956,98.095892
S00731,L0036,T04,731,44.194048,1.181154,0.986588,908.023567,74.595948,0.733825,1.148336,0.000362,0.075632,91.473364
S00641,L0032,T01,641,38.67003,1.095029,0.965283,905.786083,78.387833,0.50741,1.324804,0.000644,0.019611,99.8
S00109,L0005,T04,109,40.991864,1.2164,1.038796,950.883769,83.85657,0.659563,1.32778,0.000597,0.046395,96.157055
S00476,L0023,T01,476,41.15533,1.222791,0.925841,921.664757,69.78916,0.467277,1.237881,0.001564,0.025808,129.54256
S00466,L0023,T01,466,44.511587,1.210007,,915.477474,76.229158,0.603619,1.059225,0.000699,0.03184,97.934211
S00729,L0036,T03,729,42.733558,1.137735,0.837847,924.032098,85.953118,0.510526,1.165076,0.000891,0.019196,99.8
S00361,L0018,T01,361,,1.120557,0.96159,919.420101,86.11834,0.488417,1.155255,0.001277,0.022337,96.762305
S00735,L0036,T01,735,47.563069,1.127984,1.063865,933.053661,66.586794,0.283554,1.093971,0.002567,0.087474,90.51375
S00181,L0009,T01,181,43.124037,1.096949,1.046704,896.848509,88.335628,0.334111,1.117927,0.001173,0.063743,93.435726
S00333,L0016,T03,333,41.473541,1.208553,1.168112,905.899172,89.974313,0.42388,1.140058,0.001033,0.037038,97.366669
S00779,L0038,T02,779,40.026945,1.0802,0.965324,910.522939,91.329696,0.368924,1.230431,0.001425,0.055939,94.613279
S00633,L0031,T01,633,38.485068,1.238966,0.994798,944.023298,74.941772,0.262469,1.398725,0.00302,0.099994,88.464963
S00104,L0005,T01,104,42.529917,1.179296,0.91098,917.582757,94.035997,0.435721,1.221748,0.001427,0.039211,95.174094
S00491,L0024,T01,491,,1.134515,1.009586,929.351884,90.14033,0.612063,1.281771,0.00037,0.036241,97.354694
S00546,L0027,T04,546,36.002338,1.193548,0.914629,925.285477,79.417005,0.436144,1.428426,0.001783,0.031891,99.284622
S00071,L0003,T04,71,39.820342,1.216246,0.959595,951.358375,104.891977,1.595617,1.163768,2.9e-05,0.984024,50.0
S00606,L0030,T01,606,42.408024,1.114538,1.088431,932.587869,72.703045,0.373999,1.237418,0.001836,0.04843,95.74763
S00564,L0028,T01,564,42.442153,1.1998,1.090071,913.10197,73.649639,0.656981,1.215542,0.000689,0.045602,95.581267
S00359,L0017,T03,359,42.850664,0.99818,1.016735,886.621696,,-0.20601,0.948912,0.006972,0.795817,50.0
S00278,L0013,T03,278,37.586507,1.145388,1.039516,924.626337,71.624001,0.395115,1.393823,0.001324,0.042055,95.867932
S00401,L0020,T04,401,38.432365,1.037184,0.957035,938.452029,91.911082,0.748065,1.311111,0.000301,0.093923,92.416475
S00457,L0022,T02,457,38.927342,1.20919,1.01067,936.852086,67.626121,0.102078,1.407969,0.00244,0.254539,73.324549
S00527,L0026,T01,527,43.491615,1.029304,0.735498,925.321003,70.073143,0.343276,1.200076,0.001493,0.05936,94.079548
S00056,L0002,T02,56,43.08157,,0.963139,910.488077,99.125615,0.267966,1.117252,0.002035,0.1363,86.033308
S00403,L0020,T03,403,43.967205,1.1549,0.965215,944.803002,81.527003,0.495371,1.148674,0.001008,0.021298,97.496323
S00597,L0029,T04,597,37.75601,1.211542,1.084302,891.340521,88.362997,0.272521,1.261454,0.002423,0.094924,91.750481
S00187,L0009,T02,187,43.366218,1.265845,0.929867,931.36935,89.279176,0.670173,1.193984,0.000423,0.051955,96.499829
S00017,L0000,T03,17,43.681114,1.190058,0.965356,931.77046,84.308458,0.582735,1.204882,0.00061,0.027629,97.962005
S00500,L0025,T01,500,43.751948,,0.972486,905.842901,76.16174,0.612686,1.204015,0.001135,0.033856,97.613343
S00070,L0003,T03,70,46.88209,1.272682,0.960896,931.594397,86.569712,0.670103,1.025494,0.000752,0.049771,94.619511
S00007,L0000,T01,7,41.600159,1.099841,1.005135,919.342728,67.901097,0.514568,1.228179,0.001079,0.01867,99.182985
S00270,L0013,T02,270,41.60191,1.022421,1.1034,913.409427,90.890936,0.401707,1.170794,0.001927,0.044329,96.767283
S00535,L0026,T02,535,38.688511,0.982107,0.967661,891.378357,80.836771,0.498029,1.275767,0.000557,0.020914,97.633531
S00388,L0019,T04,388,41.456103,,1.019525,929.736835,88.682494,0.638253,1.193804,0.000608,0.041157,97.06239
S00616,L0030,T01,616,40.141109,1.026069,0.92592,921.864085,91.258656,0.481284,1.172013,0.000931,0.026213,98.152458
S00456,L0022,T04,456,43.882379,1.142337,1.034936,908.186567,93.02476,0.410237,1.087823,0.001047,0.044968,94.911373
S00659,L0032,T01,659,41.285977,1.113397,0.954138,905.589722,80.007349,0.550716,1.114396,0.00082,0.022205,97.104583
S00793,L0039,T02,793,40.768506,1.184117,1.115894,924.472754,97.773751,0.659067,1.134759,0.000453,0.063897,93.599156
S00034,L0001,T02,34,37.665343,1.122353,1.11622,925.35915,89.869594,0.561042,1.382775,0.000833,0.0254,97.715711
S00225,L0011,T01,225,44.448281,1.094996,0.907576,905.477311,64.456908,0.884212,1.200736,0.0003,0.189923,82.595855
S00443,L0022,T01,443,40.385899,1.276076,1.105252,914.255222,66.55702,0.721918,1.250013,0.000529,0.070007,91.867965
S00433,L0021,T01,433,39.412878,1.140904,1.014142,928.967522,67.095226,0.310347,1.403271,0.00297,0.073616,95.006058
S00093,L0004,T01,93,43.140589,1.259377,1.049712,903.918734,86.476993,0.446766,1.02592,0.001133,0.029674,95.172892
S00749,L0037,T03,749,41.009633,,1.169781,927.371245,89.578715,0.659044,1.235649,0.000751,0.048733,93.482514
S00733,L0036,T02,733,40.303113,1.180824,0.980084,913.775706,66.135471,0.654912,1.340012,0.000575,0.044976,95.15975
S00080,L0004,T01,80,43.882975,1.09555,0.846129,932.736908,85.305166,0.320381,1.140218,0.000935,0.022254,97.517181
S00355,L0017,T02,355,42.675214,1.183749,1.026617,929.838398,81.586363,0.540631,1.148785,0.000693,0.020723,98.287547
S00308,L0015,T02,308,43.03503,1.067754,1.015847,944.1321,69.658376,0.068921,1.203897,0.004033,0.30102,69.542428
S00532,L0026,T04,532,43.108171,1.2007,0.943262,911.33238,91.827486,0.477873,1.127105,0.001348,0.027354,97.180656
S00050,L0002,T03,50,41.829056,1.152417,0.969892,899.330448,89.773532,0.272079,1.166703,0.002057,0.099528,90.874228
S00602,L0030,T04,602,46.199866,1.126319,0.978455,922.566676,77.771655,0.562019,1.155526,0.000775,0.023989,97.62205
S00672,L0033,T02,672,38.128249,1.254184,1.08819,909.668442,78.826931,0.578231,1.346908,0.000596,0.026795,96.445347
S00469,L0023,T03,469,44.869312,1.078883,0.934037,945.613537,79.615841,0.392706,1.203034,0.001264,0.04274,96.051719
S00405,L0020,T02,405,39.43578,1.221446,0.938766,921.503955,105.077848,0.550253,1.314955,0.000714,0.039525,96.701522
S00454,L0022,T02,454,41.085988,1.151933,0.995159,,76.392034,0.662152,1.277025,0.000686,0.047203,95.551977
S00526,L0026,T04,526,44.437408,1.041128,0.978492,922.347926,,0.526726,1.108708,0.001012,0.018837,97.786842
S00661,L0033,T04,661,43.118641,1.22659,0.985788,922.869123,86.775435,0.607623,1.101511,0.001023,0.032716,96.757226
S00393,L0019,T01,393,,1.109528,0.857152,931.684504,82.568739,0.469812,1.260432,0.000984,0.025365,96.084223
S00374,L0018,T01,374,46.610519,1.174342,0.954461,902.722435,82.559454,0.538104,0.974417,0.000637,0.020367,96.942957
S00417,L0020,T04,417,43.083982,1.026924,1.036297,917.14092,98.687834,0.479163,1.12821,0.00076,0.034222,98.662119
S00764,L0038,T03,764,43.876364,1.137795,0.985773,909.924486,91.721319,0.381943,1.037628,0.002044,0.051988,94.861887
S00440,L0022,T01,440,40.888462,1.310698,1.060311,912.40493,76.374948,0.609997,1.254469,0.000772,0.033246,95.569853
S00178,L0008,T01,178,45.585738,1.164175,1.079448,905.786283,74.530952,0.749945,1.164928,0.000497,0.083909,91.608497
S00269,L0013,T01,269,42.600829,1.081016,1.038413,910.210711,85.455467,0.462459,1.14162,0.001038,0.026669,98.269916
S00022,L0001,T01,22,41.99155,1.15887,1.115372,922.88873,83.186056,0.603348,1.266507,0.000581,0.031782,96.669379
S00425,L0021,T02,425,42.518293,1.094693,0.997394,917.815231,85.271902,0.512893,1.164881,0.001129,0.018886,97.469155
S00265,L0013,T03,265,43.978577,1.111517,0.998815,929.612843,85.548674,0.590424,1.15451,0.000438,0.029113,97.793509
S00728,L0036,T01,728,40.633091,1.172792,1.03095,895.859023,80.160862,0.601958,1.226151,0.00079,0.031484,95.754398
S00720,L0036,T02,720,42.50735,1.144926,1.078699,917.330714,74.182176,0.613734,0.453445,0.00052,0.034097,95.841521
S00498,L0024,T01,498,44.328633,1.229651,1.018675,918.97285,,0.545568,1.128411,0.000814,0.021436,97.649352
S00506,L0025,T02,506,39.869427,1.406883,0.986293,928.231017,79.663598,0.563212,1.328016,0.00064,0.024186,96.499472
S00486,L0024,T02,486,42.286962,1.037357,1.04755,881.131708,108.486312,-1.024016,1.050789,0.159127,0.999461,50.0
S00088,L0004,T01,88,42.282419,1.259612,0.886725,907.768636,95.577239,0.246128,1.074357,0.002713,0.139711,85.798983
S00351,L0017,T01,351,42.319283,1.099943,1.065751,940.396108,67.567103,0.110799,1.330193,0.002351,0.24313,75.182627
S00528,L0026,T04,528,42.898896,1.237731,0.952755,917.752663,76.979601,0.584565,1.223961,0.000921,0.027976,98.690272
S00196,L0009,T01,196,41.991496,1.130477,0.969696,923.761174,86.249965,0.524347,1.224641,0.000931,0.018532,97.098039
S00629,L0031,T04,629,40.695994,1.088902,1.05726,911.464418,75.841204,0.663921,1.180392,0.000569,0.047763,94.8703
S00120,L0006,T01,120,38.577673,1.231306,0.930359,910.625439,79.991303,0.499054,1.301343,0.000913,0.020767,99.525478
S00356,L0017,T02,356,43.164321,1.270483,0.840579,890.89312,85.801136,0.356096,1.090885,0.001283,0.054543,94.979684
S00487,L0024,T03,487,45.466198,1.295524,1.086129,912.795018,76.558231,0.704224,1.122263,0.000416,0.062361,92.646179
S00628,L0031,T01,628,43.768356,1.199614,1.010942,911.389984,101.674801,0.339834,1.06625,0.001634,0.094471,92.537979
S00263,L0013,T01,263,43.994853,1.120483,0.939001,924.804697,87.852325,0.574397,1.197122,0.000791,0.026104,99.707383
S00464,L0023,T01,464,37.831141,1.127847,1.008759,928.713161,70.201453,0.324488,1.372538,0.000963,0.067144,91.756214
S00285,L0014,T01,285,44.186751,1.219486,,925.768671,91.567542,0.633529,1.128591,0.00036,0.043922,95.027225
S00275,L0013,T03,275,40.273987,1.190923,0.947446,936.39272,67.155347,0.125524,1.386212,0.003019,0.224668,77.516855
S00412,L0020,T03,412,43.650687,1.106876,1.110446,952.232427,85.038424,0.712472,1.199136,0.000484,0.065823,93.08597
S00153,L0007,T01,153,40.492246,1.127437,0.91855,932.655154,90.420458,0.60417,1.267439,0.000719,0.034687,97.233459
S00363,L0018,T03,363,41.628866,1.162341,1.126998,941.52137,87.482841,0.735688,1.243083,0.000303,0.076549,94.060874
S00143,L0007,T01,143,40.426447,11.39992,0.99046,1190.987277,86.54513,0.458742,1.228939,0.001061,0.027353,97.960657
S00157,L0007,T01,157,36.411198,1.048628,1.028483,931.233899,95.596556,0.690444,1.294181,0.000662,0.073033,93.104795
S00283,L0014,T01,283,42.912626,1.183132,1.114389,936.326433,71.588081,0.334563,1.180073,0.001235,0.062859,92.25977
S00634,L0031,T01,634,43.418588,1.269495,1.039329,918.81553,84.933425,0.587497,1.164063,0.00091,0.028539,97.740496
S00549,L0027,T03,549,42.335399,1.160819,1.006329,897.961526,85.506766,0.432649,1.190616,0.001117,0.032655,95.607849
S00566,L0028,T02,566,43.679191,1.08059,1.007003,923.02551,76.00349,0.502583,1.247166,0.001726,0.020271,99.348455
S00226,L0011,T01,226,44.153841,1.026799,1.111737,924.182649,101.210156,0.687278,1.04189,0.000609,0.085748,91.465549
S00066,L0003,T02,66,39.832913,1.115499,1.017334,934.687954,65.379169,0.123975,1.359962,0.002188,0.226563,77.518695
S00593,L0029,T01,593,42.314017,1.118257,0.896271,915.809243,76.068754,0.514187,1.128262,0.000907,0.018719,97.049517
S00508,L0025,T04,508,42.222073,1.106772,0.914844,906.390076,90.083107,0.375579,1.05607,0.002281,0.051361,94.333383
S00531,L0026,T02,531,39.51071,1.180415,0.989927,937.316996,81.572476,0.503265,1.24184,0.00096,0.020177,98.334386
S00429,L0021,T01,429,39.893183,0.999896,0.922764,921.179188,,0.389691,1.351998,0.001057,0.043612,96.180344
S00559,L0027,T01,559,46.728203,1.104975,1.008664,,68.850225,0.326645,1.10011,0.001719,0.066204,91.889377
S00166,L0008,T02,166,45.293842,1.293933,0.910522,943.234147,77.185113,0.403627,1.142902,0.001852,0.039719,96.478541
S00383,L0019,T01,383,41.061247,1.013524,1.051824,951.49016,75.626968,0.210353,1.351769,0.002178,0.137945,86.274637
S00677,L0033,T02,677,38.818543,1.279962,0.877627,901.218086,93.289715,0.165131,1.195718,0.003926,0.209031,80.477596
S00611,L0030,T01,611,44.936707,1.058007,1.074461,898.302952,93.273928,0.205655,1.000673,0.002926,0.165896,85.116115
S00696,L0034,T01,696,43.238574,1.259541,0.910478,946.552624,91.145598,0.906727,1.134891,0.00023,0.234546,75.587707
S00650,L0032,T02,650,44.704763,1.01373,1.099579,922.41223,87.630851,0.583285,1.048131,0.000499,0.027733,96.974891
S00542,L0027,T01,542,41.620706,1.097492,1.05172,921.213687,75.469496,0.562099,1.235916,0.000624,0.024002,96.71072
S00243,L0012,T01,243,41.114802,1.111768,0.796327,937.497382,94.148273,0.734081,1.127355,0.000432,0.092269,92.191094
S00797,L0039,T04,797,42.202435,1.181392,0.933216,912.837362,71.638172,0.679144,1.297293,0.000681,0.05285,95.05011
S00630,L0031,T02,630,44.748639,1.170543,0.981164,920.797861,85.452704,0.568779,1.101364,0.000595,0.025122,98.982897
S00565,L0028,T01,565,43.816376,1.300702,,913.747481,64.754924,0.733856,1.145588,0.000668,0.075648,91.310843
S00172,L0008,T04,172,39.954728,1.118754,0.979216,896.98102,77.966097,0.648332,1.271199,0.000365,0.043038,96.895238
S00145,L0007,T03,145,46.332286,1.157616,0.932429,922.444959,86.281115,0.557518,1.007169,0.00052,0.023263,98.485047
S00627,L0031,T02,627,41.911962,,0.943143,911.165861,90.151673,0.405009,1.120644,0.00115,0.0423,96.025675
S00323,L0016,T04,323,45.08994,1.072185,0.99245,927.006515,87.75073,0.61243,1.105943,0.000542,0.033797,95.610876
S00770,L0038,T01,770,41.006359,1.158929,0.912926,897.840393,80.920511,0.529506,1.239455,0.000665,0.0192,97.87917
S00771,L0038,T01,771,38.316987,1.207878,1.068441,919.75985,75.543682,0.514485,1.348365,0.000554,0.018681,97.224139
S00117,L0005,T01,117,,1.153543,1.035079,920.687587,82.789204,0.523742,1.305172,0.001077,0.018455,98.240191
S00523,L0026,T02,523,39.452795,1.062993,1.044761,922.416912,,0.555799,1.304173,0.000585,0.025391,97.508095
S00327,L0016,T02,327,43.060159,1.138828,0.957006,918.385124,89.199751,0.479111,1.139474,0.00135,0.0248,97.108047
S00160,L0008,T03,160,39.626253,1.090673,0.979632,893.281276,75.032454,0.742569,1.270108,0.000395,0.080024,92.35384
S00037,L0001,T02,37,38.735233,1.137921,1.154061,931.382966,97.512659,0.82507,1.29869,0.000274,0.177764,81.461817
S00663,L0033,T01,663,39.025645,1.17038,0.89793,886.353387,65.529294,1.3048,1.277432,7.2e-05,0.816618,50.0
S00206,L0010,T01,206,38.630505,1.217109,0.925397,914.976761,71.793189,0.547033,1.376662,0.001281,0.021652,98.990486
S00603,L0030,T01,603,42.330261,1.160388,1.045857,925.054933,85.791514,0.565059,1.127915,0.000843,0.024493,98.559851
S00705,L0035,T01,705,44.923232,1.163387,0.919115,952.030614,86.099554,0.709203,1.084191,0.000496,0.06443,94.060988
S00560,L0028,T01,560,39.660586,1.296325,0.953848,889.164158,92.558747,0.021648,1.203098,0.003683,0.412902,60.322891
S00697,L0034,T02,697,39.21176,1.30684,1.06639,894.026759,80.783653,0.624775,1.293491,0.001103,0.036736,95.227732
S00520,L0026,T01,520,40.983456,1.166035,1.043596,893.844163,77.731374,0.69907,1.196032,0.000477,0.060284,92.628359
S00727,L0036,T03,727,43.219971,1.104738,0.96907,915.183481,92.573615,0.444023,1.149139,0.001591,0.035295,97.188076
S00494,L0024,T03,494,42.183762,1.09244,1.022777,906.544965,84.34098,0.45149,1.10866,0.000751,0.028736,98.534131
S00039,L0001,T02,39,44.384074,1.045783,0.919045,922.767057,70.714493,0.444661,1.163427,0.001872,0.030101,96.587879
S00195,L0009,T02,195,38.447192,1.284794,0.847185,934.256084,85.575898,0.557999,1.332864,0.000828,0.023339,97.397365
S00716,L0035,T01,716,46.438727,1.198053,0.921349,900.148715,91.875141,0.284113,0.995741,0.002192,0.098575,91.716323
S00480,L0024,T04,480,45.922112,1.10842,0.971992,927.523509,81.857814,0.584478,1.112333,0.012334,0.027959,94.453375
S00402,L0020,T01,402,39.178889,,1.005097,922.85971,68.834903,0.465691,1.358356,0.001027,0.026088,97.490258
S00647,L0032,T02,647,44.780234,1.219996,1.090436,918.940176,90.737991,0.571556,1.094932,0.000752,0.028106,96.064123
S00046,L0002,T01,46,37.89421,1.111771,0.944477,918.344553,84.289054,0.426987,1.328476,0.001225,0.033931,96.217045
S00777,L0038,T02,777,40.661196,1.071115,1.068865,926.269956,67.501708,0.389741,1.34677,0.001091,0.043597,95.634028
S00574,L0028,T03,574,45.933511,1.248321,0.83751,938.388644,78.874971,0.463063,1.196366,0.001211,0.02656,96.236626
S00107,L0005,T01,107,42.478859,1.15593,1.013612,906.542264,81.818353,0.54634,1.178428,0.000539,0.021549,98.768439
S00236,L0011,T01,236,43.963504,1.196189,0.93302,912.065197,66.383136,0.697917,1.210822,0.000452,0.059828,94.467141
S00185,L0009,T01,185,40.165212,1.207366,1.024024,,82.636405,0.533055,1.34147,0.000619,0.019673,97.378213
S00191,L0009,T01,191,42.178393,1.277676,1.126926,914.229308,73.972925,0.660853,1.142227,0.000407,0.046796,94.421643
S00376,L0018,T01,376,44.674121,1.177038,0.962236,903.236025,84.942655,0.461107,1.089863,0.001589,0.026916,98.302151
S00199,L0009,T01,199,45.363029,1.121906,0.986845,927.055232,77.99677,0.522341,1.140908,0.000692,0.018278,98.390643
S00507,L0025,T03,507,46.236578,1.333635,0.896626,931.331901,77.346424,0.53825,1.090394,0.000611,0.020387,97.662868
S00736,L0036,T01,736,41.187867,1.029524,0.971201,913.226089,82.800391,0.444501,1.217336,0.001394,0.030134,96.819156
S00202,L0010,T01,202,40.475259,1.222551,1.088914,905.9636,102.681975,0.129176,1.153224,0.003007,0.320742,68.498191
S00184,L0009,T01,184,40.30246,1.269411,1.000116,928.429011,72.71533,0.402185,1.326304,0.001666,0.040106,94.637143
S00796,L0039,T01,796,48.763992,1.078623,1.001226,941.386813,94.097946,0.974805,1.016335,0.00019,0.353673,64.032746
S00453,L0022,T01,453,45.599952,1.243824,0.935123,940.439534,78.246837,0.455463,1.095695,0.00126,0.02797,98.887497
S00256,L0012,T03,256,40.347706,0.897572,0.952891,908.240072,87.588166,0.359274,1.211382,0.001309,0.053408,94.741956
S00490,L0024,T01,490,44.748925,1.143032,1.059522,924.788026,85.107211,0.604305,1.059205,0.000889,0.031989,95.812579
S00014,L0000,T04,14,42.016813,1.057456,1.033686,896.32545,85.37776,0.426493,1.146632,0.001103,0.034045,95.008315
S00591,L0029,T04,591,42.373679,1.020341,1.017267,929.705855,85.70019,0.594728,1.285625,0.000739,0.029977,97.995448
S00463,L0023,T01,463,46.304561,1.211909,0.877625,928.192802,87.001379,0.586856,0.95831,0.001346,0.028415,97.860081
S00253,L0012,T01,253,42.649996,1.070985,0.974817,925.096386,67.538659,0.381266,1.325349,0.00172,0.046139,96.630272
S00198,L0009,T02,198,39.09394,1.211545,0.98337,904.226199,69.777344,0.801228,1.359492,0.000261,0.115945,89.519254
S00709,L0035,T01,709,42.160979,1.110737,1.067347,897.162744,82.308657,0.530012,1.293478,0.000997,0.019267,99.8
S00005,L0000,T01,5,40.723597,1.225583,0.937994,907.216599,72.577137,0.6888,1.250383,0.000484,0.056338,94.780681
S00530,L0026,T01,530,39.926674,1.201425,1.001714,914.372812,83.100807,0.469718,1.313864,0.001034,0.025381,99.299968
S00646,L0032,T01,646,41.520995,1.215738,0.912767,944.896235,76.223335,0.28449,1.115871,0.001531,0.086952,90.689519
S00186,L0009,T02,186,,1.174105,0.944322,924.818186,74.098221,0.446453,1.254716,0.001277,0.029737,97.182785
S00644,L0032,T01,644,41.563466,1.16831,1.067686,918.747459,,0.518909,1.153078,0.000645,0.026322,98.620633
S00035,L0001,T01,35,40.46066,0.983277,1.043616,921.148242,79.306894,0.457413,1.22143,0.001295,0.027602,96.160165
S00207,L0010,T02,207,43.612361,1.116319,0.942573,924.430902,78.792016,0.500374,1.124231,0.001249,0.02058,97.740215
S00518,L0025,T02,518,44.61741,,0.951812,900.40325,85.540928,0.49331,1.098344,0.001295,0.021601,97.895473
S00726,L0036,T04,726,41.306839,,1.027113,931.560574,89.608015,0.720728,1.191389,0.000318,0.073194,93.523317
S00638,L0031,T01,638,42.60952,1.217109,1.004401,901.631237,82.286371,0.540513,1.171259,0.001315,0.020706,98.961007
S00430,L0021,T01,430,46.064273,1.053664,1.126833,912.355055,81.102484,0.570586,1.068046,0.000516,0.025434,95.069117
S00713,L0035,T03,713,39.545477,1.148706,0.999406,,67.000952,0.385127,1.418401,0.001273,0.044964,93.378576
S00152,L0007,T04,152,36.311352,1.19329,1.019633,926.487618,96.422235,0.637564,1.309032,0.000493,0.053037,95.492736
S00112,L0005,T01,112,42.895899,1.259373,0.977494,905.902782,80.403882,0.568804,1.123979,0.001138,0.025127,97.871869
S00717,L0035,T01,717,43.274693,1.133878,1.091775,919.943745,71.394833,0.546927,1.167453,0.000574,0.021636,99.518648
S00320,L0016,T01,320,42.794343,1.117857,1.080396,913.421381,98.436331,0.355778,1.094102,0.001847,0.076904,91.860508
S00127,L0006,T03,127,38.023218,1.231494,0.949671,906.589215,83.402083,0.460495,1.239955,0.000612,0.027029,95.554748
S00021,L0001,T03,21,39.944309,1.157169,0.977925,923.547517,,0.475411,1.346773,0.000699,0.024414,96.74587
S00049,L0002,T02,49,42.863611,1.151128,1.057493,907.816725,76.264,0.659063,1.15143,0.000606,0.04624,96.542385
S00632,L0031,T01,632,41.183243,1.255117,0.965631,915.204526,82.182709,0.547865,1.241474,0.000612,0.021776,99.344587
S00322,L0016,T02,322,44.638415,1.131927,0.878043,901.837162,96.479702,0.094089,1.05336,0.003172,0.326989,69.049639
S00375,L0018,T01,375,40.854666,1.182538,1.098322,918.466774,74.363447,0.552205,1.278507,0.000924,0.022432,98.520164
S00609,L0030,T01,609,38.432121,1.154727,0.966954,910.369033,93.706572,0.286628,1.219388,0.001569,0.102784,88.744291
S00610,L0030,T02,610,42.070847,1.155406,1.063945,915.195424,93.506833,0.451531,1.165594,0.000864,0.034624,95.769232
S00475,L0023,T03,475,43.817453,1.131998,1.092885,945.622648,66.776036,-0.012859,1.263512,0.004274,0.432911,58.19631
S00747,L0037,T03,747,45.82496,1.176964,0.931088,939.252029,90.539329,0.786653,1.098606,0.000487,0.114604,88.706306
S00645,L0032,T01,645,37.531566,1.169295,0.930943,917.568577,76.411716,0.466281,1.352704,0.001336,0.025983,98.801554
S00291,L0014,T01,291,43.005691,1.266403,0.877091,902.24947,99.214362,0.045128,1.067784,0.004683,0.429622,57.021809
S00781,L0039,T01,781,41.665095,1.124103,0.877134,913.20068,91.775789,0.377591,1.136902,0.000837,0.053607,95.456882
S00725,L0036,T01,725,42.964618,1.062656,1.017601,916.157509,83.619976,0.540388,1.170818,0.001378,0.020688,98.52934
S00660,L0033,T03,660,39.767209,1.053128,1.016229,935.051791,70.049237,0.211288,1.436558,0.002634,0.137168,84.001098
S00577,L0028,T04,577,44.674581,1.154314,0.900176,935.855019,76.450701,0.415626,1.209737,0.00158,0.036637,95.36097
S00094,L0004,T03,94,42.074047,1.102309,0.943766,923.687623,79.835532,0.512792,1.220161,0.000914,0.018899,97.204912
S00671,L0033,T01,671,46.370881,1.134753,0.975136,920.596082,94.895345,0.591362,1.028662,0.00075,0.037,95.740297
S00200,L0010,T03,200,44.476917,1.079962,1.079607,911.234565,78.512678,0.597629,1.134465,0.000613,0.030573,97.420512
S00010,L0000,T01,10,42.517397,1.063331,1.01974,907.875934,82.413817,0.48063,1.135254,0.000925,0.023559,99.103515
S00258,L0012,T03,258,41.973772,1.080099,0.911881,906.15786,62.967721,0.868753,1.276395,0.000303,0.173829,83.142769
S00150,L0007,T02,150,43.46412,1.100617,1.035972,928.298646,77.587082,0.492398,1.217753,0.001035,0.021736,98.04455
S00681,L0034,T04,681,38.767781,1.24087,0.998618,932.954411,85.484918,0.597927,1.348867,0.000731,0.030635,96.779878
S00477,L0023,T01,477,40.049314,1.114322,0.973386,922.601585,81.928735,0.487115,1.18167,0.001059,0.022537,97.280106
S00482,L0024,T01,482,46.433719,1.140212,0.945489,937.978322,71.712393,0.288288,1.121504,0.001946,0.084864,91.571725
S00136,L0006,T01,136,41.94096,1.128698,0.972075,917.751731,80.817202,0.51966,1.239242,0.00089,0.018028,98.289301
S00693,L0034,T01,693,43.087961,1.232995,0.963706,911.524837,90.656014,0.432791,1.083771,0.001325,0.035689,94.110841
S00002,L0000,T03,2,44.296197,1.047911,1.00191,935.490327,74.014015,0.316838,1.17552,0.001809,0.070577,92.209263
S00575,L0028,T02,575,43.592212,,1.045703,931.086587,93.648364,0.728637,1.069599,0.000327,0.087716,92.003533
S00343,L0017,T02,343,39.672342,,0.97024,940.691271,92.36761,0.811214,1.220522,0.000511,0.140803,86.465205
S00169,L0008,T02,169,,1.09091,0.979341,929.133594,77.469115,0.424387,1.33485,0.001121,0.034532,95.867233
S00543,L0027,T04,543,38.732647,1.124062,0.973901,922.151762,88.319115,0.528689,1.27222,0.000938,0.019303,98.685445
S00552,L0027,T02,552,47.708556,1.201977,1.022131,928.228985,81.535574,0.581736,0.940566,0.000591,0.027442,98.984805
S00360,L0018,T01,360,44.107564,1.140188,1.081283,901.06371,72.536867,0.842651,1.038539,0.000301,0.14913,84.180493
S00739,L0036,T02,739,40.682078,,0.91056,909.446153,94.085203,0.26707,1.164933,0.001153,0.117481,90.226471
S00051,L0002,T03,51,44.7694,1.224544,1.112284,910.533242,88.676412,0.555869,1.111952,0.000986,0.02354,97.560611
S00096,L0004,T02,96,40.480621,1.230261,0.954462,923.737106,88.786963,0.551318,1.27717,0.00099,0.022905,98.23189
S00799,L0039,T03,799,40.915906,1.153693,0.967965,918.672775,72.243105,0.524344,1.361185,0.000765,0.018531,97.608256
S00674,L0033,T01,674,44.801759,1.179853,1.116209,889.536075,84.2704,0.515101,0.981513,0.000879,0.018602,97.324564
S00522,L0026,T01,522,41.917542,1.03748,1.083477,936.854628,89.267709,0.68427,1.134734,0.000717,0.057015,95.470255
S00692,L0034,T01,692,43.490009,1.193379,1.025751,910.251506,81.166286,0.576448,1.185354,0.001097,0.026471,97.112656
S00250,L0012,T03,250,42.961292,1.096288,1.005788,917.21105,79.057261,0.521825,1.226961,0.001057,0.018213,97.539902
S00179,L0008,T01,179,39.777711,1.078301,1.006441,934.257542,,0.592897,1.277321,0.000701,0.029606,96.762221
S00235,L0011,T01,235,41.873855,1.217247,1.034795,898.457366,71.59175,0.889237,1.279053,0.000238,0.195393,79.479263
S00216,L0010,T04,216,42.380759,1.17571,1.069488,928.628027,88.477541,0.665907,1.183511,0.000571,0.049175,97.082494
S00133,L0006,T01,133,42.558589,1.144929,0.918718,922.536805,93.038717,0.565054,1.132609,0.000708,0.029078,96.060069
S00775,L0038,T01,775,45.796882,1.181077,0.960272,949.417848,,0.517787,1.208365,0.00131,0.018262,99.50685
S00233,L0011,T02,233,35.467485,1.235381,0.929635,921.079195,76.165479,0.407651,1.435274,0.00072,0.038659,95.343956
S00411,L0020,T01,411,42.002175,1.103762,0.991712,905.588374,85.70117,0.419023,1.125675,0.001323,0.035807,97.185146
S00682,L0034,T01,682,41.676288,1.316556,1.021655,1214.678632,89.731947,0.828781,1.256952,0.000262,0.144561,86.127744
S00664,L0033,T03,664,43.638983,1.10892,0.986952,926.958861,88.49519,0.595245,1.043479,0.00073,0.030592,96.120244
S00373,L0018,T01,373,41.218415,1.184407,0.973454,923.36124,86.787053,0.507175,1.194682,0.000856,0.019642,98.246961
S00504,L0025,T02,504,43.194987,1.184183,0.977679,932.028958,80.803548,0.536826,1.204613,0.000751,0.020189,97.44288
S00335,L0016,T01,335,45.505816,1.11836,0.971856,940.102136,77.492807,0.424481,1.170098,0.000981,0.034511,96.182957
S00539,L0026,T03,539,45.203997,1.011109,1.075344,888.173363,83.419726,0.457087,0.981018,0.001139,0.027663,98.094956
S00392,L0019,T01,392,43.84465,1.150782,1.0165,899.893947,68.233701,0.984717,1.169942,0.000253,0.32148,66.136083
S00524,L0026,T02,524,42.031265,1.104265,1.042884,927.166837,71.765713,0.409508,1.241242,0.001061,0.038179,97.425959
S00488,L0024,T01,488,44.160176,1.218851,0.895015,939.831502,75.215945,0.31694,1.158591,0.002435,0.07053,91.830198
S00310,L0015,T01,310,40.498585,1.23817,0.993916,907.593117,94.630073,0.283024,1.126902,0.00191,0.108214,88.729443
S00769,L0038,T02,769,41.206324,0.963696,0.108439,895.479804,77.310221,0.614035,1.121877,0.000626,0.034166,96.1183
S00384,L0019,T01,384,45.092492,1.152936,1.043634,913.726696,63.336328,0.779692,1.1671,0.000369,0.101364,89.947393
S00044,L0002,T03,44,41.064248,1.008344,0.992379,922.458616,85.692578,0.494391,1.193381,0.001093,0.021442,98.663595
S00790,L0039,T01,790,42.707836,1.119366,0.973035,949.236774,82.035391,1.939909,1.275519,0.000961,0.019776,97.754541
S00743,L0037,T02,743,43.398558,1.155458,1.007593,930.686684,90.100361,0.623187,1.109259,0.000587,0.039009,96.62855
S00240,L0012,T02,240,45.213343,1.217593,0.982811,917.428811,92.865447,0.517013,1.077087,0.001154,0.021694,97.665145
S00503,L0025,T02,503,44.273617,1.106293,1.02841,926.503259,93.301305,0.638822,1.067704,0.000461,0.048214,94.822398
S00294,L0014,T03,294,45.695008,1.18864,1.042749,907.593655,79.53968,0.625719,1.025162,0.000836,0.03697,95.852044
S00455,L0022,T02,455,37.915594,1.160576,1.00655,930.786201,73.905065,0.330713,1.480656,0.001716,0.064465,92.88522
S00369,L0018,T01,369,41.926762,1.168486,1.227666,908.076685,81.334905,0.603645,1.182899,0.000798,0.031846,94.597067
S00326,L0016,T01,326,41.580649,1.128228,,907.976444,64.668054,0.841816,1.223216,0.000257,0.14839,84.431029
S00038,L0001,T01,38,40.81941,1.084585,1.016745,911.019215,70.196323,0.665649,1.205771,0.000445,0.048317,95.505071
S00229,L0011,T01,229,40.757239,1.091382,0.921143,933.558263,68.809893,0.204046,1.384679,0.001813,0.143278,85.04466
S00305,L0015,T01,305,43.497655,,1.058155,905.501616,80.419337,0.579593,1.119795,0.000883,0.027045,97.1877
S00028,L0001,T01,28,44.839411,1.084034,1.096195,926.394639,61.018329,0.35833,1.187261,0.001453,0.053742,94.8982
S00615,L0030,T01,615,41.926048,1.009422,0.988443,906.038303,86.381967,0.359094,1.129471,0.001464,0.053471,94.710931
S00110,L0005,T02,110,46.941766,1.157535,1.004583,908.073344,89.565803,0.427115,0.953919,0.001258,0.035743,97.214518
S00366,L0018,T04,366,41.796673,1.233543,1.026565,910.665558,90.706637,0.454292,1.086044,0.001096,0.030909,95.144597
S00533,L0026,T03,533,42.299242,1.069339,0.970846,913.325091,85.790285,0.453058,1.510335,0.000999,0.028432,98.920509
S00011,L0000,T02,11,41.079501,1.233853,0.936426,907.172089,92.869283,0.291811,1.149906,0.003264,0.096892,91.848672
S00123,L0006,T03,123,44.869947,1.115755,0.861266,912.939362,99.289438,0.31885,1.058995,0.002882,0.100037,90.554867
S00276,L0013,T01,276,39.73081,1.232838,1.045021,911.698681,78.510446,0.601843,1.341185,0.000513,0.031459,96.128001
S00319,L0015,T01,319,40.138771,1.166833,1.021839,917.49703,94.594759,0.440341,1.17571,0.002105,0.038733,95.492708
S00390,L0019,T01,390,42.135673,1.21226,1.096207,917.268387,78.587097,0.595062,1.159609,0.000755,0.030045,97.405612
S00784,L0039,T04,784,41.997069,1.038583,0.998761,933.406351,94.938362,0.799761,1.172671,0.000362,0.141994,87.022319
S00414,L0020,T01,414,42.295629,1.106096,0.858988,933.710161,75.372454,0.335888,1.191597,0.001636,0.062315,93.206834
S00699,L0034,T03,699,40.70549,0.999259,0.901666,,98.118531,0.494919,1.18488,0.000729,0.03017,95.120987
S00685,L0034,T03,685,41.695104,0.948552,0.910026,892.174768,89.282198,0.11222,1.148124,0.002754,0.249616,73.922147
S00003,L0000,T03,3,40.909351,,1.017672,928.381117,90.662724,0.642361,1.176333,0.000621,0.045205,95.83254
S00047,L0002,T03,47,43.018919,1.099406,0.962754,899.167959,,0.564978,1.14397,0.001268,0.024479,97.599923
S00421,L0021,T02,421,41.183948,1.133026,,911.581568,81.228902,0.546795,1.200681,0.00065,0.021617,98.331308
S00357,L0017,T01,357,41.560783,1.216963,1.075056,923.063225,82.711094,0.600183,1.269305,0.00074,0.031107,97.975192
S00330,L0016,T02,330,38.968857,1.166696,0.96711,903.170989,88.273118,0.324169,1.224746,0.0019,0.067886,93.910041
S00534,L0026,T02,534,39.90527,1.012882,1.032923,901.788891,89.490958,0.263957,1.204771,0.002184,0.103817,90.372559
S00273,L0013,T01,273,41.540636,1.175686,0.903028,919.702338,79.839658,0.482865,1.291726,0.000646,0.023202,99.161428
S00362,L0018,T01,362,46.155627,1.066432,1.016239,879.316371,77.933931,0.820082,0.939052,0.000397,0.130173,87.677086
S00547,L0027,T03,547,40.026295,1.352719,1.041164,915.215826,73.961198,0.624349,1.3179,0.000813,0.03663,96.902471
S00299,L0014,T01,299,44.182084,1.257491,0.866685,907.426882,90.711169,0.395423,1.043445,0.001216,0.045954,94.184561
S00346,L0017,T01,346,41.613816,1.233712,0.995995,911.70669,66.577263,0.725642,1.258662,0.000413,0.071724,91.655023
S00406,L0020,T04,406,40.260863,1.076616,0.948886,931.131601,95.555345,0.720317,1.26942,0.000561,0.088399,90.981013
S00723,L0036,T01,723,34.926437,1.064021,0.953656,918.232861,98.775126,0.346061,1.336143,0.002146,0.082769,91.014194
S00106,L0005,T03,106,39.601889,1.054259,1.000722,943.427316,78.16682,0.320395,1.361927,0.002423,0.068961,92.804865
S00122,L0006,T01,122,40.360045,1.221374,1.138471,918.169891,81.221914,0.569326,1.302365,0.000435,0.025216,97.600123
S00571,L0028,T02,571,43.697485,1.140003,1.053377,913.895456,95.008846,0.41153,1.151673,0.001364,0.047634,95.023758
S00126,L0006,T01,126,35.454838,1.145891,0.99202,909.859635,90.237909,0.316249,1.463453,0.001427,0.07618,93.881982
S00700,L0035,T01,700,40.087736,1.090396,0.80482,904.54931,79.541635,0.461484,1.212999,0.001154,0.026847,96.953329
S00105,L0005,T04,105,42.326742,0.109985,1.045146,921.862937,98.523914,0.610927,1.140996,0.000513,0.047644,95.809572
S00324,L0016,T01,324,38.786691,1.2196,0.920811,913.410743,91.176938,0.363197,1.192311,0.00168,0.057802,94.69403
S00367,L0018,T02,367,42.472208,0.915896,0.996729,947.697517,90.189779,0.806829,1.17537,0.000304,0.128358,86.707859
S00424,L0021,T03,424,39.628624,1.253773,1.074436,922.028359,82.533506,0.565418,1.208319,0.00072,0.024553,98.958718
S00675,L0033,T02,675,40.59782,1.113336,1.023122,924.674248,78.678342,0.464794,1.183289,0.000881,0.026248,96.110859
S00095,L0004,T01,95,39.318674,1.086608,1.022989,917.677542,71.780184,0.51589,1.217432,0.000845,0.018501,98.579245
S00067,L0003,T02,67,38.515662,1.180984,1.062718,917.314005,75.112241,0.507076,1.248377,0.000977,0.019656,96.892465
S00561,L0028,T01,561,37.929896,1.169285,0.992709,902.626218,87.373863,0.327316,1.315072,0.001471,0.065914,93.68227
S00247,L0012,T01,247,42.315659,1.102758,0.994372,884.402143,86.3089,0.26887,1.143897,0.001958,0.096034,90.1388
S00219,L0010,T04,219,39.821525,1.202619,0.963689,919.173749,79.232772,0.522784,1.311422,0.00133,0.018334,96.515736
S00418,L0020,T03,418,34.667094,1.230459,0.96802,933.86501,79.263771,0.376291,1.388471,0.001224,0.047696,95.332876
S00778,L0038,T01,778,41.833353,1.292799,1.002235,915.863111,91.351686,0.484165,1.161883,0.000873,0.025785,97.20431
S00239,L0011,T01,239,42.743377,1.233248,0.917714,945.329603,84.048776,0.58654,1.2796,0.000909,0.028354,97.10258
S00570,L0028,T02,570,41.445273,1.286298,0.959223,897.85457,80.975192,0.577561,1.232796,0.000846,0.026673,97.280192
S00130,L0006,T02,130,40.959192,1.059628,1.034918,934.390922,60.554104,0.003513,1.302504,0.006414,0.40502,59.588739
S00434,L0021,T01,434,44.632388,1.139275,0.909898,904.938056,84.138429,0.484242,0.947727,0.001232,0.022984,99.02648
S00203,L0010,T01,203,,1.047634,1.052979,928.944835,78.90617,0.49393,1.214181,0.001076,0.02151,98.305452
S00640,L0032,T01,640,44.32363,1.205761,0.989135,919.976343,70.559879,0.558651,1.282471,0.000464,0.023443,96.639952
S00068,L0003,T03,68,37.164813,1.105582,0.906971,912.438897,91.585295,0.305882,1.293871,0.002116,0.085045,91.60389
S00772,L0038,T01,772,41.831539,1.188664,0.925367,914.231855,82.876096,0.46854,1.236842,0.00119,0.025586,98.643519
S00316,L0015,T01,316,44.020367,1.184715,0.94626,907.545971,71.798415,0.715432,1.174178,0.000534,0.067109,93.855613
S00670,L0033,T02,670,41.520809,1.130642,0.926988,914.802373,86.946258,0.44474,1.225592,0.001601,0.030085,95.808917
S00245,L0012,T02,245,41.702314,1.107426,0.94306,929.879749,79.71787,0.450117,1.211911,0.002692,0.029006,96.562292
S00052,L0002,T01,52,37.899949,1.190392,0.957364,936.492895,87.262525,0.594953,1.352055,0.000813,0.030022,95.923537
S00005,L0000,T01,5,40.723597,1.225583,0.937994,907.216599,72.577137,0.6888,1.250383,0.000484,0.056338,94.780681
S00756,L0037,T04,756,44.127352,1.19561,1.098964,952.190796,72.207205,0.14542,1.275102,0.00401,0.201341,78.904385
S00468,L0023,T01,468,41.856932,1.137321,1.037171,924.849956,82.4906,0.517837,1.215827,0.000745,0.018256,99.8
S00194,L0009,T01,194,38.985312,1.245025,1.077872,,81.204426,0.529672,1.347209,0.000548,0.019222,96.174167
S00073,L0003,T02,73,39.993137,1.108188,0.987732,920.513044,73.344658,0.48411,1.381486,0.001153,0.023005,97.740279
S00328,L0016,T01,328,43.338897,1.061294,0.959203,931.242553,74.963868,0.368109,1.287437,0.001386,0.050366,94.651593
S00249,L0012,T01,249,39.117188,1.072075,1.05707,928.81831,90.68483,0.601194,1.265676,0.000826,0.034301,96.835274
S00053,L0002,T02,53,,,1.055311,906.65333,74.951292,0.685053,1.171455,0.000636,0.05496,94.321164
S00706,L0035,T04,706,42.697495,,0.810844,907.079652,73.836369,0.628633,1.198864,0.000567,0.037703,96.280957
S00462,L0023,T01,462,41.517833,1.23032,0.929519,,89.177387,0.600828,1.103379,0.000577,0.032515,97.834182
S00786,L0039,T02,786,43.422147,1.149357,0.995445,921.792821,72.917714,0.467889,1.145588,0.001126,0.0257,94.351745
S00033,L0001,T01,33,43.773196,1.169179,1.056369,923.431351,66.787291,0.494863,1.180733,0.001523,0.021373,95.509334
S00030,L0001,T01,30,40.500903,1.267242,1.047685,921.161484,60.669751,0.511335,1.327605,0.000843,0.019089,99.660589
S00009,L0000,T03,9,43.060788,1.142387,0.986247,903.903225,93.003415,0.269787,1.109878,0.001738,0.11171,90.304158
S00230,L0011,T01,230,36.804475,1.220983,0.921214,911.983384,71.321328,0.589577,1.339167,0.000553,0.028946,93.588691
S00132,L0006,T01,132,41.901164,1.068596,0.988479,949.328213,91.00096,0.90774,1.303876,0.000316,0.234911,76.68449
S00579,L0028,T01,579,43.073445,1.160747,1.020676,930.092849,77.475983,0.505618,1.191392,0.001337,0.019853,96.898476
S00580,L0029,T01,580,38.561742,1.121942,1.132436,911.080823,73.253454,0.653801,1.294786,0.000439,0.044643,95.291476
S00065,L0003,T01,65,40.14114,1.278607,1.055165,929.798016,88.942753,0.6546,1.244228,0.000565,0.046318,95.736169
S00381,L0019,T01,381,40.874316,1.092083,0.974379,918.853565,79.929849,0.512468,1.233538,0.001084,0.018942,99.233955
S00684,L0034,T01,684,41.461442,1.107641,1.068829,894.986544,86.504249,0.374602,1.179101,0.001195,0.048236,95.245893
S00257,L0012,T01,257,46.378182,,0.982708,917.139987,87.564641,0.537969,1.071054,0.001622,0.020348,98.615777
S00744,L0037,T03,744,39.082664,1.040007,1.047727,916.189589,77.370229,0.521932,1.293394,0.00104,0.018227,99.307482
S00586,L0029,T02,586,44.834646,1.177415,1.0743,927.172759,75.024166,0.520236,1.234222,0.000994,0.018015,98.168691
S00471,L0023,T01,471,43.502299,1.19358,0.976037,920.042148,76.034855,0.55328,1.145665,0.00083,0.022598,97.104864
S00266,L0013,T01,266,43.083977,1.123931,0.988346,894.697447,67.053219,1.090597,1.160354,0.000175,0.498544,50.0
S00573,L0028,T01,573,42.130806,1.220637,1.071039,931.444597,88.401782,0.671451,1.159318,0.00043,0.050894,95.098109
S00368,L0018,T01,368,43.515107,1.141,1.011961,896.364553,79.80262,0.610734,1.151717,0.000721,0.033412,98.116487
S00341,L0017,T02,341,42.384291,1.255686,1.0263,939.057539,73.088154,0.325442,1.251649,0.002237,0.066727,93.030358
S00544,L0027,T01,544,43.057088,1.297986,1.022587,935.804863,83.912879,0.61262,1.179903,0.000926,0.033841,96.143171
S00578,L0028,T03,578,43.38153,1.173865,0.888308,909.978852,62.246895,0.816503,1.247063,0.00035,0.127363,89.772077
S00572,L0028,T01,572,47.108464,1.179782,1.09373,935.026241,76.344828,0.488815,1.145216,0.00131,0.022276,99.8
S00588,L0029,T01,588,44.180708,1.08884,1.02824,889.274484,87.268368,0.302454,1.112911,0.001774,0.077474,90.913601
S00592,L0029,T03,592,40.147559,1.249244,0.971054,897.491682,80.422355,0.5571,1.214318,0.000777,0.023196,99.075657
S00063,L0003,T02,63,43.549378,1.200805,1.004568,924.161684,88.483277,0.615423,1.160757,0.000957,0.035056,95.743884
S00742,L0037,T02,742,42.78467,1.093726,0.959937,942.031348,73.019568,0.196033,1.247816,0.003046,0.150303,85.972724
S00648,L0032,T02,648,41.187609,1.122671,1.034574,931.865597,75.534399,0.417279,1.303758,0.001892,0.03623,96.247022
S00082,L0004,T02,82,36.722506,1.084802,1.020132,926.55187,79.116264,0.4344,1.400243,0.002018,0.03227,95.968313
S00436,L0021,T01,436,46.321106,1.147559,1.124909,911.840432,94.872688,0.472822,1.000713,0.00085,0.031395,96.875572
S00089,L0004,T01,89,41.200214,1.129675,1.017198,912.254648,82.596503,0.509814,1.226148,0.000985,0.01929,97.566499
S00387,L0019,T01,387,42.269774,1.159092,1.046744,926.96194,84.983116,0.574777,1.107152,0.000616,0.026172,98.340034
S00557,L0027,T01,557,40.860297,1.136956,0.996472,905.778228,73.447583,0.685132,1.253779,0.000735,0.054989,94.501688
S00018,L0000,T01,18,40.860688,1.11072,1.066019,926.373831,87.828439,0.552373,1.236448,0.000872,0.022458,97.984034
S00601,L0030,T01,601,37.037595,1.050982,1.049594,938.606993,70.812867,0.126502,1.430646,0.003288,0.223478,75.144526
S00118,L0005,T03,118,40.461352,1.071267,0.985645,928.979817,67.20363,0.278154,1.394382,0.001579,0.090538,92.623738
S00057,L0002,T04,57,44.06368,1.187928,0.992965,926.87595,99.223365,0.752503,1.086893,0.000561,0.121355,87.417093
S00016,L0000,T02,16,45.207322,1.078386,1.008556,935.271999,68.528811,0.248981,1.166245,0.001975,0.108819,87.993461
S00318,L0015,T04,318,40.551181,1.16455,0.948828,923.60653,83.04652,0.524291,1.168388,0.000728,0.018524,98.225489
S00617,L0030,T01,617,39.738616,1.233191,0.957728,915.151899,89.152403,0.441453,1.172007,0.000824,0.03199,96.853184
S00556,L0027,T01,556,39.867258,1.07982,0.912785,,74.2374,0.484152,1.289102,0.001478,0.022998,97.174737
S00501,L0025,T03,501,46.107975,1.178345,1.02764,922.663947,86.996323,0.642677,1.006858,0.000431,0.041437,95.596014
S00513,L0025,T01,513,41.249468,1.235459,1.12678,895.769697,85.060785,0.463983,1.102912,0.001553,0.026394,96.726213
S00032,L0001,T01,32,44.502665,1.150503,0.895671,934.951046,82.656927,0.529554,1.106318,0.000805,0.019206,97.667359
S00168,L0008,T04,168,40.182052,1.240285,0.939392,878.804696,91.163198,-0.02694,1.05392,0.006174,0.484827,52.077148
S00438,L0021,T01,438,41.635172,1.192595,1.057812,916.714068,68.202212,0.615292,1.292122,0.000648,0.034458,94.403465
S00029,L0001,T01,29,44.049586,1.124402,1.014909,897.647144,58.3297,1.342235,1.151306,5.9e-05,0.852664,50.0
S00125,L0006,T01,125,44.286128,1.123883,0.962005,924.331728,76.603035,0.487711,1.107944,0.001035,0.022445,97.893357
S00309,L0015,T01,309,43.284609,1.220809,0.93192,938.085082,76.004816,0.365026,1.231818,0.002361,0.051408,95.440407
S00251,L0012,T03,251,43.213103,1.143328,1.009711,927.828602,68.510659,0.386469,1.210291,0.001757,0.044562,94.978988
S00655,L0032,T03,655,43.265951,1.269005,1.007544,914.556385,84.053206,0.556874,1.088398,0.000608,0.02316,96.636899
S00382,L0019,T03,382,40.976957,1.107808,0.912465,909.80718,89.710091,0.314044,1.116858,0.001669,0.075967,92.484334
S00386,L0019,T01,386,44.924442,1.239112,1.038795,921.912301,76.207334,0.550181,1.147196,0.000796,0.022124,98.081336
S00260,L0013,T01,260,43.677465,1.116793,1.00278,907.506016,81.378434,0.524179,1.198941,0.000868,0.01851,97.995719
S00259,L0012,T01,259,36.72893,1.189007,0.884893,914.920152,81.048032,0.422142,1.443354,0.001067,0.03506,95.615464
S00365,L0018,T01,365,45.06711,1.173547,,914.104742,84.899529,0.577722,1.101421,0.000811,0.026702,98.28347
S00497,L0024,T02,497,48.799031,1.214341,,914.669905,90.22987,0.546927,0.960599,0.000819,0.023352,99.662511
S00370,L0018,T03,370,43.235987,1.186948,1.052245,892.033388,86.94512,0.327216,1.083332,0.001343,0.065957,92.211776
S00128,L0006,T01,128,43.209168,1.053672,0.887046,920.019243,91.644068,0.49141,1.130909,0.000903,0.024787,99.051285
S00048,L0002,T02,48,43.269486,1.228681,0.895918,884.521759,69.617598,1.149644,1.101637,0.00014,0.60049,50.0
S00232,L0011,T01,232,44.372094,1.050948,0.970021,899.47272,98.359709,0.024675,1.075162,0.003051,0.457568,52.619236
S00190,L0009,T04,190,40.725228,1.09196,0.964206,900.817744,70.955185,0.821148,1.29424,0.000299,0.13102,89.289755
S00336,L0016,T01,336,41.5126,1.140442,0.984003,924.389871,92.94262,0.590494,1.271492,0.000865,0.034438,97.567679
S00171,L0008,T01,171,40.762651,1.11601,0.954094,925.622933,90.138349,0.549823,1.266224,0.000843,0.023744,97.518169
S00069,L0003,T01,69,35.740586,1.200552,0.898291,906.608988,88.930609,0.272691,1.324703,0.002009,0.096541,92.542262
S00192,L0009,T02,192,43.902146,1.212918,1.084183,922.14946,88.029837,0.60319,1.119542,0.000536,0.03178,97.778463
S00636,L0031,T01,636,40.141529,1.115452,1.000974,919.287921,74.067939,0.517185,1.293478,0.00137,0.018338,98.896171
S00505,L0025,T01,505,41.55575,1.110547,0.924677,923.781596,87.972608,0.512124,1.213144,0.001296,0.018986,98.11237
S00442,L0022,T03,442,40.662983,1.244898,0.913035,934.764114,87.41328,0.623165,1.185543,0.000602,0.036339,96.94517
S00563,L0028,T01,563,40.402571,,0.987807,932.774349,76.67956,0.437406,1.325991,0.001318,0.03162,96.354908
S00529,L0026,T01,529,41.072425,1.125794,0.936196,943.302505,62.453601,-0.194822,1.303965,0.013287,0.731796,50.0
S00103,L0005,T01,103,40.006051,1.192538,1.021274,915.551708,80.155258,0.524834,1.254586,0.000808,0.018594,96.991325
S00342,L0017,T02,342,40.162599,1.138412,1.03938,914.912359,87.220499,0.453177,1.230803,0.001233,0.028409,98.154953
S00686,L0034,T03,686,42.770641,,1.105962,930.628343,70.341462,0.426739,1.262647,0.001315,0.033988,95.154469
S00631,L0031,T03,631,4.228034,1.219828,1.060026,910.201962,61.09227,0.878318,1.172971,0.000324,0.183655,81.37631
S00734,L0036,T01,734,39.624126,1.096551,1.040477,932.916926,85.136427,0.515124,1.293733,0.00084,0.018599,97.15095
S00385,L0019,T03,385,40.510495,1.126468,0.980203,930.322862,83.412017,0.51227,1.22615,0.001612,0.018967,99.754481
S00284,L0014,T03,284,45.078762,1.170646,0.974151,929.298148,79.480577,0.485634,1.117547,0.000802,0.022766,98.529723
S00653,L0032,T03,653,43.649319,1.062844,1.05771,947.547894,89.607143,0.861584,1.166884,0.000387,0.174702,82.488449
S00344,L0017,T02,344,41.650033,1.154268,1.109425,908.388132,83.183277,0.552841,1.120642,0.001049,0.02253,98.002453
S00231,L0011,T03,231,42.205792,1.11655,1.012978,933.142653,76.806157,0.440729,1.226132,0.001026,0.030915,96.146076
S00755,L0037,T04,755,37.843902,1.159449,0.931671,,88.359698,0.619694,1.335873,0.000673,0.035931,95.13191
S00422,L0021,T01,422,38.614833,1.187537,0.955255,923.021761,86.768518,0.479565,1.259236,0.001126,0.023731,97.709642
S00165,L0008,T01,165,40.806616,1.105752,1.106233,935.487673,93.717358,0.781749,1.244795,0.000432,0.122642,87.801565
S00274,L0013,T03,274,39.647039,1.039633,1.065193,907.097855,93.117784,0.295705,1.144285,0.001815,0.09528,90.196468
S00748,L0037,T01,748,44.05473,1.125215,0.896096,930.9315,67.460117,0.222646,1.291325,0.003089,0.128026,86.257897
S00201,L0010,T01,201,43.852139,1.016323,0.982,919.616197,90.587082,0.503426,1.112956,0.000835,0.022022,97.15557
S00553,L0027,T01,553,39.116334,1.292811,0.959081,908.748275,81.655361,0.539675,1.268317,0.001098,0.020587,98.109435
S00090,L0004,T01,90,46.452035,1.232664,0.95867,901.011093,69.21346,0.958706,1.047621,0.000185,0.283115,70.941168
S00481,L0024,T04,481,41.478852,1.053304,0.947197,906.064604,82.703935,0.499461,1.260066,0.000894,0.02071,96.799579
S00750,L0037,T04,750,43.928251,1.151207,0.843716,916.928154,72.276645,0.563943,1.23503,0.000689,0.024307,98.195798
S00062,L0003,T02,62,40.418925,1.209369,0.984764,914.546644,87.189156,0.463225,1.231979,0.001178,0.02653,96.85958
S00688,L0034,T02,688,38.32597,1.017362,1.004833,921.602846,86.226447,0.472876,1.359275,0.000718,0.02484,97.206846
S00020,L0001,T03,20,42.949553,1.110951,1.083961,943.577832,98.548562,1.106783,1.026302,0.000115,0.616964,50.0
S00595,L0029,T01,595,41.540463,1.264853,0.99964,898.102954,71.486481,0.897601,1.298065,0.000216,0.204762,81.368406
S00215,L0010,T01,215,41.830054,1.145974,0.877213,927.166484,78.265572,0.438101,1.230803,0.00124,0.031471,96.249868
S00027,L0001,T02,27,40.331575,1.226668,1.150736,905.932257,84.714262,0.493444,1.191739,0.001035,0.021581,96.800737
S00237,L0011,T03,237,42.770049,1.094501,1.01199,1196.55487,79.808578,0.503999,1.204008,0.001615,0.020075,96.791951
S00064,L0003,T01,64,38.234753,1.124872,0.988301,908.301927,78.237095,0.548352,1.261754,0.00114,0.021848,96.684589
S00015,L0000,T02,15,40.766264,1.090865,0.945931,920.385463,76.83008,0.456583,1.29725,0.000869,0.027758,98.129923
S00668,L0033,T01,668,44.35572,,0.961368,910.427426,76.510163,0.606334,1.104484,0.000654,0.032431,96.451764
S00141,L0007,T01,141,43.599379,1.151597,0.980428,904.949531,83.841483,0.477651,1.113799,0.000854,0.024043,97.776224
S00170,L0008,T02,170,45.721129,1.05308,0.900576,897.117976,100.136488,-0.128079,1.037827,0.013117,0.723389,50.0
S00151,L0007,T04,151,45.474316,1.138399,1.023654,920.06821,93.930289,0.594576,1.026877,0.000733,0.0366,94.692561
S00313,L0015,T04,313,45.358396,1.128147,1.060363,922.501064,93.940632,0.653106,0.915855,0.000509,0.054149,93.895206
S00244,L0012,T01,244,41.774865,1.132477,0.97493,923.198258,85.577762,0.511941,1.175525,0.000888,0.01901,98.33178
S00710,L0035,T02,710,39.677092,1.114135,1.074157,926.354907,100.689811,0.673205,1.185486,0.000452,0.077029,92.532204
S00479,L0023,T03,479,41.875427,1.192276,1.006497,920.152029,96.169188,0.522355,1.252202,0.000962,0.024184,97.263157
S00679,L0033,T01,679,45.660338,1.140692,0.820795,934.177832,81.517043,0.50009,1.095893,0.000813,0.020621,98.999389
S00396,L0019,T01,396,43.596944,1.161739,1.079775,928.101437,70.404599,0.412346,1.142536,0.001236,0.037456,97.383674
S00138,L0006,T01,138,47.443342,1.180282,1.001736,911.654066,91.547398,0.49553,1.073645,0.001061,0.02402,96.963514
S00613,L0030,T03,613,45.915925,1.163683,0.919478,931.524762,87.109371,0.616019,1.068102,0.000564,0.034627,96.262819
S00134,L0006,T01,134,45.663499,1.049084,1.046095,913.73529,77.059901,0.594765,1.092201,0.001018,0.029984,97.442078
S00540,L0027,T02,540,41.95413,1.043594,0.985102,910.945111,,0.441633,1.204528,0.000842,0.030726,98.088235
S00780,L0039,T01,780,43.786062,1.098192,1.110017,953.376693,78.176833,0.389187,1.160117,0.001685,0.043759,96.753483
S00072,L0003,T01,72,39.399032,1.189105,1.011841,926.229981,82.151945,0.510073,1.344383,0.000809,0.019256,97.930932
S00076,L0003,T03,76,44.410078,1.202227,1.066162,914.212336,83.733824,0.563265,1.078874,0.001185,0.024194,98.820444
S00472,L0023,T01,472,42.417561,1.164254,0.870508,919.841305,79.304169,0.516606,1.290988,0.00101,0.018411,98.475714
S00238,L0011,T01,238,43.623282,1.06965,0.988314,937.947913,89.481921,0.722522,1.178555,0.000711,0.073749,91.533661
S00161,L0008,T02,161,38.933816,1.135924,1.067921,912.191909,70.277234,0.64874,1.417782,0.000542,0.043156,95.346118
S00642,L0032,T02,642,41.553815,1.227303,0.948185,931.511602,77.267906,0.436956,1.243042,0.001686,0.031716,98.091745
S00409,L0020,T02,409,37.494804,1.095662,1.147639,935.722899,93.752263,0.787458,1.286037,0.000443,0.127143,87.27667
S00311,L0015,T02,311,40.193085,1.159029,1.038158,913.794576,83.953869,0.480174,1.228015,0.001314,0.023632,96.324289
S00271,L0013,T02,271,43.632141,1.288131,1.044634,922.0243,83.965311,0.591523,1.137488,0.000562,0.029331,96.727716
S00431,L0021,T01,431,43.34773,1.113675,1.109395,924.093682,73.056835,0.494555,1.187814,0.001165,0.021418,98.07991
S00012,L0000,T03,12,43.070949,1.080231,1.137714,933.951937,95.005132,0.847535,1.17671,0.000328,0.18815,81.558286
S00221,L0011,T01,221,43.262595,1.045272,0.967072,908.36148,88.798622,0.375454,1.052613,0.002212,0.049256,94.492114
S00635,L0031,T01,635,41.757085,1.1097,0.977071,912.590715,79.882919,0.522506,1.226137,0.001265,0.018299,96.59289
S00585,L0029,T01,585,43.013392,1.206577,1.095302,917.579996,89.702066,0.576806,1.134963,0.000931,0.028119,97.198186
S00129,L0006,T02,129,42.809941,1.21193,0.996607,906.959178,83.152545,0.496679,1.108748,0.000854,-0.305545,99.043174
S00753,L0037,T01,753,40.034511,1.1328,1.019153,932.676101,62.619053,0.08019,1.310535,0.003601,0.284687,72.663146
S00589,L0029,T01,589,40.189616,1.167004,0.982241,913.794952,73.201753,0.564126,1.319652,0.000698,0.024337,97.929119
S00467,L0023,T01,467,36.597302,1.149043,0.855573,910.541502,77.436673,0.470558,1.306858,0.001078,0.025237,96.373111
S00188,L0009,T01,188,39.902647,1.16575,0.980451,903.705359,93.15362,0.202811,1.131995,0.001818,0.16808,83.407844
S00458,L0022,T01,458,40.211748,1.108973,1.017877,935.217045,84.674011,0.559542,1.242723,0.000708,0.023587,98.106931
S00492,L0024,T01,492,41.747131,1.164974,0.931048,935.942673,69.071461,0.176183,1.248382,0.001767,0.168922,82.091585
S00765,L0038,T01,765,41.981109,1.196437,1.036278,942.523448,73.942302,0.271322,1.259106,0.002223,0.094554,91.570556
S00569,L0028,T01,569,43.397715,1.138561,1.028154,928.566498,82.287718,0.563527,1.208333,0.000639,0.024238,97.703671
S00000,L0000,T01,0,38.946929,1.149798,1.044628,914.99246,81.345313,0.512375,1.318268,0.000775,0.018954,98.564026
S00581,L0029,T01,581,40.101916,1.157255,1.020015,935.517712,92.37495,0.752389,1.284236,0.00048,0.097955,90.146129
S00432,L0021,T01,432,39.584966,1.205024,1.119688,920.491168,80.170495,0.516195,1.366938,0.000811,0.018463,99.8
S00314,L0015,T03,314,44.578894,1.184256,0.923888,932.289868,79.535401,0.487043,1.116587,0.001287,0.022548,98.540655
S00428,L0021,T03,428,41.824955,1.088236,1.093939,935.392087,108.627562,1.172111,1.128846,9.8e-05,0.783595,50.0
S00470,L0023,T04,470,41.913267,1.042594,1.004507,949.357382,78.635663,0.376809,1.232883,0.00164,0.047531,95.867127
S00397,L0019,T02,397,41.748393,1.148366,1.04267,932.656572,79.727036,0.481527,1.324654,0.001353,0.023415,97.714942
S00261,L0013,T01,261,44.442757,1.245668,1.004991,932.798168,73.08344,0.365227,1.109629,0.001019,0.05134,94.868339
S00167,L0008,T01,167,41.649684,1.190228,1.000815,899.604069,80.329816,0.593515,1.148414,0.000672,0.029731,98.211112
S00460,L0023,T01,460,45.303868,1.219317,0.88385,929.879332,,0.341838,1.211379,0.001934,0.059925,93.647394
S00116,L0005,T01,116,46.308144,1.063455,0.899694,937.473444,79.057799,0.435914,1.164466,0.001775,0.031941,96.099616
S00304,L0015,T01,304,42.641494,1.17232,0.85375,924.176054,87.493836,0.502984,1.147446,0.001104,0.020215,98.630767
S00254,L0012,T01,254,,1.176367,1.09982,919.69385,74.258641,0.549635,1.240885,0.001198,0.022041,97.570268
S00704,L0035,T01,704,41.035956,1.119441,1.010504,933.851531,78.746108,0.429669,1.311475,0.001077,0.033321,98.232567
S00485,L0024,T01,485,42.379175,1.250078,1.04996,906.396496,64.286174,0.963039,1.263206,0.000189,0.289313,71.007369
S00408,L0020,T04,408,42.550811,1.038058,,,96.848176,0.92658,1.159568,0.000215,0.30064,69.946361
S00019,L0000,T01,19,41.560081,1.292267,5.00774,895.731347,64.827262,1.155387,1.215134,9.3e-05,0.610095,50.0
S00303,L0015,T01,303,40.360906,1.195099,0.946745,931.686832,79.981941,0.450018,1.266748,0.001242,0.029026,95.484886
S00296,L0014,T01,296,35.092129,1.236219,1.064866,928.667583,73.395399,0.376831,1.475084,0.001342,0.047525,95.150463
S00182,L0009,T02,182,36.852799,1.200728,1.034386,937.345493,77.152354,0.368312,1.432887,0.001394,0.050298,94.292937
S00762,L0038,T01,762,40.770248,1.217012,0.951533,939.145361,77.863077,0.387768,1.236497,0.001074,0.044177,95.607586
S00669,L0033,T03,669,40.488262,1.134885,0.911324,915.020691,99.240405,0.345446,1.168372,0.001554,0.084346,90.22395
S00478,L0023,T02,478,42.45406,1.165308,1.125832,937.412248,78.6154,0.47916,1.235641,0.001034,0.023797,95.932465
S00583,L0029,T01,583,45.902234,1.128423,1.048314,928.615844,65.111566,0.382512,1.181368,0.001411,0.045757,95.573032
S00177,L0008,T01,177,42.497557,1.279196,0.929356,913.589886,67.641642,0.669741,1.171763,0.000672,0.049651,96.137876
S00347,L0017,T02,347,46.565178,1.022708,1.096134,952.922416,75.515049,0.261196,1.082125,0.001925,0.100799,89.79382
S00536,L0026,T03,536,44.377216,1.106692,1.009204,919.970502,91.825382,0.514683,1.219712,0.000924,0.021271,97.185756
S00158,L0007,T03,158,41.664026,1.066382,0.892175,897.071566,79.790846,0.497927,1.143961,0.000894,0.020929,96.595454
S00332,L0016,T02,332,41.210831,0.973338,1.055526,935.163049,93.884521,0.746537,1.172064,0.000526,0.099009,90.751215
S00189,L0009,T04,189,43.181978,1.269071,0.885128,931.138223,90.543798,0.713393,1.164936,0.001043,0.071943,91.201344
S00281,L0014,T02,281,43.392538,1.336794,1.059895,941.407905,81.725435,0.631725,1.180655,0.000867,0.038497,93.69641
S00620,L0031,T01,620,41.293113,1.151623,1.032807,930.233341,79.754982,0.472875,1.268564,0.000605,0.02484,96.983033
S00680,L0034,T01,680,42.406869,,0.920268,911.017479,,0.379016,1.07198,0.001684,0.050165,95.21366
S00474,L0023,T02,474,41.318769,1.266923,1.009134,925.054421,82.126241,0.552147,1.222977,0.001051,0.022423,97.537391
S00795,L0039,T01,795,40.009121,1.138573,0.996343,915.118804,89.003653,0.440841,1.307474,0.000916,-1.280879,97.022152
S00287,L0014,T01,287,42.838445,1.270779,1.062514,937.820576,87.350836,0.72319,1.158715,0.000361,0.070589,93.453612
S00371,L0018,T01,371,46.91217,1.182744,0.948597,906.444335,65.895809,0.877324,1.042687,0.000262,0.182615,80.411973
S00774,L0038,T01,774,38.468666,1.174043,1.015884,910.829023,63.860265,0.741847,1.31328,0.000544,0.079653,92.82331
S00119,L0005,T01,119,47.478953,1.022275,0.990822,924.387208,83.896271,0.562865,1.061669,0.000791,0.024128,96.874765
S00419,L0020,T01,419,42.626763,1.216148,11.06279,866.19607,78.345821,0.891539,1.104565,0.000275,0.197938,81.400225
S00465,L0023,T04,465,41.320387,1.045598,0.93658,947.22789,96.906769,1.100284,1.241571,0.000156,0.592359,50.0
S00205,L0010,T02,205,43.955791,1.189329,0.977331,925.808131,78.578123,0.532523,1.175308,0.000903,0.019602,97.226541
S00711,L0035,T01,711,47.970147,1.221966,1.043318,932.119103,91.756477,0.794486,0.956558,0.000237,0.124867,87.258363
S00114,L0005,T01,114,38.369994,1.154377,0.94468,910.301954,72.976677,0.59656,1.342621,0.000456,0.030352,96.757589
S00124,L0006,T01,124,42.968192,1.232065,1.003389,920.81484,61.370118,0.559835,1.228015,0.000607,0.023634,97.086148
S00031,L0001,T01,31,42.069712,1.078407,0.821371,911.612324,83.799189,0.437892,1.232139,0.001297,0.031516,96.698901
S00683,L0034,T01,683,41.700237,1.33484,1.025201,919.015629,91.501434,0.53884,1.156306,0.000669,0.023077,97.550018
S00754,L0037,T01,754,37.25682,1.070908,0.990025,910.543023,76.052386,0.5377,1.355419,0.000885,-0.455828,97.469129
S00306,L0015,T01,306,42.75929,1.0971,1.014781,899.460204,65.696709,1.035078,1.206037,0.000265,0.402646,58.939827
S00761,L0038,T02,761,43.987879,1.060284,0.951609,922.744558,98.063346,0.560171,1.073407,0.000806,0.033356,98.022231
S00594,L0029,T01,594,41.415424,1.094429,0.809195,956.377918,71.784277,-0.105796,1.282673,0.00518,0.594011,50.0
S00547,L0027,T03,547,40.026295,1.352719,1.041164,915.215826,73.961198,0.624349,1.3179,0.000813,0.03663,96.902471
S00234,L0011,T02,234,39.805491,1.050744,1.054991,930.924455,68.988149,0.235571,1.323634,0.002174,0.118261,88.08848
S00599,L0029,T01,599,39.398871,1.058735,0.956447,929.399203,93.274809,0.589856,1.2932,0.000913,0.034677,96.921773
S00789,L0039,T02,789,43.554778,1.215153,0.969974,927.533871,90.359707,0.638533,1.143887,0.000798,0.043618,98.577186
S00512,L0025,T02,512,42.495695,1.182249,0.963252,939.708732,92.757705,0.830122,1.155381,0.000269,0.159409,86.67612
S00702,L0035,T04,702,44.008968,1.003641,0.949092,916.345447,77.0381,0.541571,1.154322,0.000622,0.020857,97.898388
S00162,L0008,T01,162,41.455345,1.074847,1.079916,935.026154,78.538305,0.417528,1.31309,0.001372,0.03617,94.530132
S00180,L0009,T01,180,40.539712,1.206717,1.028656,886.730295,90.776703,0.090864,1.117857,0.003116,0.289285,71.263515
S00621,L0031,T01,621,41.904885,1.398966,0.933449,914.602836,90.336875,0.505878,1.159489,0.000918,0.021471,96.794028
S00241,L0012,T02,241,41.257718,1.19809,0.91242,929.709864,88.21923,0.586369,1.24527,0.000862,0.028533,97.459966
S00139,L0006,T01,139,46.046879,1.280891,1.00083,931.786732,77.525074,0.52062,1.099967,0.000989,0.018063,95.85017
S00515,L0025,T01,515,43.702787,1.211371,1.062427,940.779387,81.092373,0.534684,1.222772,0.000919,0.019895,97.736692
S00338,L0016,T02,338,41.797357,1.177269,0.93928,912.647455,84.175072,0.481432,1.295207,0.000973,0.02343,97.885043
S00437,L0021,T01,437,43.075769,1.059118,0.976103,900.934486,99.299157,0.016963,1.126162,0.006366,0.479194,52.572401
S00288,L0014,T02,288,44.123949,1.2096,1.05231,915.535537,89.588369,0.521596,1.105139,0.001003,0.019204,99.788663
S00087,L0004,T02,87,45.488846,1.143971,0.958077,932.267249,81.675167,0.555667,1.149346,0.001229,0.02297,96.73322
S00759,L0037,T02,759,45.343756,1.04859,1.041335,928.161518,68.413556,0.352344,1.158386,0.001027,0.055914,94.021472
S00295,L0014,T04,295,40.136891,1.237041,0.988647,919.000214,81.495207,0.540901,1.298848,0.000772,0.020761,97.920249
S00441,L0022,T01,441,41.831673,1.103007,0.94698,905.894152,74.181708,0.642918,1.223468,0.000591,0.041504,97.92651
S00445,L0022,T01,445,44.721856,1.353917,1.164754,921.702665,71.804295,0.652328,1.107424,0.000367,0.044205,96.095403
S00415,L0020,T04,415,44.019568,1.206152,1.008664,918.436155,79.964743,0.61631,1.174556,0.000907,0.034696,96.705439
S00043,L0002,T01,43,36.96222,1.18164,,886.812741,71.178374,0.977466,1.314161,0.000142,0.310509,70.667551
S00227,L0011,T03,227,41.577346,1.228282,1.02544,935.112402,90.675727,0.727272,1.203219,0.000512,0.079041,90.014213
S00708,L0035,T02,708,41.143408,1.177496,0.967061,929.674549,75.490646,0.421141,1.344304,0.001515,0.035298,95.986818
S00550,L0027,T02,550,43.457058,1.12418,0.970741,,75.049085,0.517016,1.210386,0.000856,0.018359,97.250034
S00163,L0008,T01,163,39.901684,1.127761,0.958476,902.120092,102.946887,-0.081565,1.208176,0.004697,0.675704,50.0
S00658,L0032,T02,658,40.783778,1.250478,1.018161,908.895679,71.175295,0.698718,1.292566,0.000545,0.060145,95.71301
S00101,L0005,T01,101,43.654609,1.113777,0.984615,909.441106,75.636399,0.631719,1.144643,0.00042,0.038495,97.532494
S00758,L0037,T01,758,37.329357,1.156081,0.964645,915.667116,74.220581,0.472403,1.406576,0.000913,0.024921,96.365789
S00451,L0022,T02,451,41.247182,1.129826,,916.276065,83.380001,0.470461,1.164558,0.001521,0.025253,96.975481
S00197,L0009,T01,197,41.94823,1.108732,1.009828,913.226767,67.046543,0.647621,1.182527,0.00055,0.042834,95.980671
S00541,L0027,T03,541,41.355169,1.147828,1.0026,922.412249,74.163478,0.499456,1.285557,0.001206,0.02071,98.465236
S00724,L0036,T01,724,43.04871,1.230207,0.998665,907.16274,71.91313,0.753501,1.213513,0.000374,0.085842,90.869921
S00111,L0005,T01,111,43.243396,1.132288,0.883956,925.890829,66.778426,0.343812,1.156758,0.003249,0.059151,93.959542
S00217,L0010,T01,217,44.036883,1.28258,1.019464,4613.338275,82.614966,0.591457,1.177813,0.000725,0.029318,96.903325
S00562,L0028,T01,562,43.264972,0.989248,0.971309,954.918997,92.712116,1.02086,1.1504,0.000266,0.418471,57.607394
S00626,L0031,T01,626,49.164435,1.194936,1.008019,919.705943,80.941382,0.667624,0.933393,0.000639,0.048956,94.833083
S00509,L0025,T01,509,42.268158,1.111041,0.938602,922.372826,80.352046,0.463663,1.162078,0.00092,0.026451,99.50554
S00081,L0004,T03,81,43.16946,1.144135,0.940392,918.793949,84.782105,0.524018,1.095552,0.001308,0.01849,97.468115
S00339,L0016,T01,339,38.902798,1.130668,,925.183008,68.007399,0.370039,1.326569,0.002014,0.049724,94.24048
S00154,L0007,T01,154,45.451363,,0.901947,950.743784,89.4962,0.845219,1.063108,0.000444,0.158278,85.036652
S00623,L0031,T01,623,44.040659,1.19924,1.033573,936.923622,96.926802,0.95313,1.053971,0.000258,0.341717,64.875255
S00060,L0003,T01,60,41.878798,1.264023,0.972274,919.884493,81.349169,0.51807,1.232562,0.000665,0.018226,96.769052
S00525,L0026,T01,525,44.336682,0.975397,1.105917,948.475806,83.123245,0.565888,1.087843,0.001084,0.024632,96.564923
S00672,L0033,T02,672,38.128249,1.254184,1.08819,909.668442,78.826931,0.578231,1.346908,0.000596,0.026795,96.445347
S00176,L0008,T01,176,43.376151,1.061953,1.057869,906.115001,80.606497,0.530802,1.128386,0.00104,0.019372,98.010665
S00612,L0030,T01,612,40.469828,1.205173,1.159566,944.280228,79.087699,0.471787,1.305563,0.001256,0.025026,97.744774
S00222,L0011,T01,222,45.267756,1.207796,0.933738,916.104665,92.622912,0.48927,1.045186,0.001364,0.026006,96.142531
S00596,L0029,T01,596,40.934036,1.142761,1.12533,922.809306,78.622714,0.556733,1.292579,0.000582,0.023138,97.802981
S00353,L0017,T03,353,43.466204,1.166953,0.973039,933.336411,86.57783,0.65363,1.153661,0.000485,0.044592,96.113454
S00267,L0013,T01,267,36.369775,1.287992,1.041433,912.258261,100.159866,0.301783,1.237469,0.00147,0.114367,88.783887
S00307,L0015,T01,307,40.975945,1.190002,1.03491,913.633322,95.202058,0.408755,1.166172,0.001195,0.048836,94.995987
S00651,L0032,T03,651,43.376964,1.23412,1.005491,916.355356,63.009599,0.653378,1.191373,0.000672,0.044517,95.551689
S00268,L0013,T01,268,40.946523,1.144101,0.952575,924.30142,94.177174,0.556282,1.225056,0.000827,0.028475,97.042333
S00448,L0022,T03,448,40.302631,1.132113,0.945393,932.355425,90.935289,0.61697,1.210445,0.000445,0.038476,95.43135
S00676,L0033,T04,676,40.79422,1.201075,1.043935,926.101058,100.229259,0.73342,1.178436,0.000294,0.11125,88.071334
S00751,L0037,T01,751,40.090705,1.003767,0.943786,916.692286,86.551307,0.396784,1.259904,0.00154,0.041587,95.781087
S00044,L0002,T03,44,41.064248,1.008344,0.992379,922.458616,85.692578,0.494391,1.193381,0.001093,0.021442,98.663595
S00317,L0015,T02,317,42.552199,1.06791,1.080882,911.951468,77.511891,0.586091,1.250797,0.000752,0.028268,97.797424
S00740,L0037,T01,740,43.427731,1.217265,1.067701,901.655976,71.474436,0.854031,1.153509,0.000481,0.159523,83.855451
S00624,L0031,T01,624,44.360735,1.162831,0.84331,933.443852,76.783836,0.389083,1.240792,0.001093,0.04379,96.23367
S00416,L0020,T02,416,43.585437,1.060638,0.999246,908.464769,85.042586,0.436351,1.185587,0.001282,0.031847,95.608735
S00252,L0012,T02,252,44.331395,1.142726,0.968462,917.906934,93.632197,0.496447,1.086882,0.000821,0.025631,95.799085
S00155,L0007,T01,155,41.402351,1.124416,0.930563,938.624287,66.047474,0.04626,1.369175,0.004293,0.335409,67.436542
S00444,L0022,T02,444,45.129054,1.205522,1.11096,911.462733,82.279169,0.584611,1.14574,0.000871,0.027984,97.555379
S00608,L0030,T02,608,40.898078,1.126167,1.020223,916.217305,89.861395,0.466703,1.154933,0.001425,0.027605,96.587861
S00208,L0010,T04,208,43.247125,1.123113,,924.540034,72.461673,0.527394,1.159999,0.001502,0.018924,97.586723
S00348,L0017,T01,348,42.655996,1.271468,0.992572,909.069437,82.41155,0.576009,1.185128,0.000723,0.026392,97.947774
S00399,L0019,T02,399,43.84467,1.152658,1.006151,925.002266,96.091751,0.676982,1.080265,0.000467,0.067994,92.891513
S00657,L0032,T02,657,41.594963,1.18194,1.012078,903.279307,76.070707,0.677245,1.198661,0.000545,0.052189,95.654812
S00643,L0032,T02,643,40.075984,1.21314,0.980459,920.170804,81.609385,0.478739,1.189239,0.000795,0.023865,97.347974
S00301,L0015,T04,301,41.892102,1.130348,1.050368,934.563881,91.12515,0.78953,1.227304,0.000285,0.118793,88.718507
S00211,L0010,T01,211,44.2119,1.147704,0.942677,911.688867,85.224014,0.495905,1.206313,0.000933,0.021221,98.851273
S00398,L0019,T03,398,40.437941,1.257079,0.985248,923.686158,71.427882,0.491332,1.359092,0.001046,0.021896,97.00396
S00791,L0039,T01,791,40.681663,0.949789,1.045971,950.160389,,-0.246685,1.353658,0.006209,0.796862,50.0
S00213,L0010,T01,213,46.359088,1.117017,0.933842,910.818775,92.486002,0.37223,1.005769,0.001108,0.056861,93.700523
S00272,L0013,T01,272,43.412428,1.129201,0.970517,936.064758,72.715475,0.28179,1.186435,0.001511,0.088464,90.998179
S00722,L0036,T01,722,,1.250764,1.006038,940.014124,89.313249,0.824399,1.080844,0.000479,0.139045,88.2545
S00345,L0017,T01,345,39.652819,1.179186,1.038238,941.619965,80.942681,0.502248,1.279892,0.001139,0.020318,98.120968
S00293,L0014,T03,293,39.448528,1.136264,0.993212,916.001905,82.01373,0.460362,1.23572,0.001245,0.027053,96.785018
S00075,L0003,T01,75,41.024338,1.135767,0.940091,941.395152,97.363966,0.970526,1.228061,0.000231,0.373185,62.565088
S00321,L0016,T02,321,42.121577,,0.946744,912.490635,72.703826,0.593182,1.220688,0.000639,0.029663,96.543336
S00100,L0005,T01,100,40.213903,1.048154,1.016618,911.286855,88.40076,0.390362,1.243369,0.000898,0.044003,95.894991
S00042,L0002,T03,42,42.636478,1.148662,1.079233,912.396875,86.357015,0.527407,1.086073,0.000795,0.018925,97.506712
S00461,L0023,T01,461,40.262659,1.054438,0.88628,922.081695,74.903695,0.436937,1.299723,0.000993,0.03172,96.937472
S00656,L0032,T01,656,42.464575,1.07449,0.922617,913.188413,82.251724,0.484987,1.119093,0.000881,0.022867,96.399835
S00220,L0011,T04,220,42.937209,1.160556,0.938499,930.436189,72.170926,0.39474,1.301271,0.00191,0.042161,95.730351
S00349,L0017,T02,349,40.860872,1.105608,0.939242,924.878927,84.207912,0.47295,1.267465,0.000869,0.024828,96.462321
S00004,L0000,T03,4,38.726017,0.958669,0.976811,935.38614,72.046756,0.192231,1.448587,0.002492,0.153733,84.244477
S00662,L0033,T01,662,40.36305,1.122564,0.952598,918.354093,89.347239,-0.447805,1.224591,0.000967,0.030616,97.797586
S00300,L0015,T02,300,41.641482,1.277776,0.937178,924.731817,86.641558,0.567495,1.248818,0.001084,0.024903,96.349901
S00714,L0035,T02,714,39.806918,1.14512,1.011333,925.74789,77.602751,0.470185,1.277229,0.001045,0.025301,98.310611
S00149,L0007,T01,149,41.939418,1.221864,1.028602,934.592427,90.830246,0.74744,1.142632,0.000264,0.090392,90.013149
S00173,L0008,T04,173,46.512321,1.212627,1.014791,928.485419,62.040481,0.373513,1.137938,0.045729,0.048587,93.841992
S00246,L0012,T02,246,42.542579,1.140025,1.042777,915.186466,74.643015,0.597806,1.131018,0.000642,0.030609,97.001056
S00517,L0025,T01,517,43.232537,1.203382,1.011645,936.021618,83.347561,0.577493,1.16573,0.000645,0.026661,98.749398
S00493,L0024,T01,493,44.423109,1.00493,1.085818,940.192403,78.466275,0.433573,1.1711,0.00113,0.032452,94.929644
S00763,L0038,T01,763,41.568581,1.103036,1.01674,942.516279,88.673174,0.747915,1.142897,0.000524,0.08463,90.462464
S00175,L0008,T01,175,40.615842,1.240248,1.050601,918.92178,80.388795,0.548141,1.228413,0.001692,0.021817,97.359879
S00446,L0022,T03,446,38.917851,1.176491,0.960207,930.013572,83.071938,0.474534,1.43946,0.000809,0.024561,98.226025
S00058,L0002,T03,58,39.988198,1.110617,1.091721,911.169093,83.839094,0.499272,1.307103,0.00086,0.020737,96.772578
S00391,L0019,T02,391,44.900147,1.143968,0.874995,,92.806401,0.9575,1.135334,0.000363,0.316636,68.040488
S00459,L0022,T04,459,39.653896,1.087264,1.022938,936.970821,94.044108,0.819055,1.25986,0.000588,0.15511,83.236143
S00147,L0007,T02,147,43.879149,1.053673,1.100301,925.163863,75.313855,0.499805,1.187306,0.001251,0.020661,98.762188
S00140,L0007,T02,140,41.189763,1.10242,0.869553,923.793488,94.137453,0.50568,1.214451,0.000918,0.024484,97.087771
S00242,L0012,T01,242,40.528832,,1.116021,899.319621,75.793682,0.806565,1.23298,0.000409,0.11983,89.497729
S00687,L0034,T02,687,42.430291,1.228195,1.134647,903.600815,78.562213,0.686093,1.149239,0.00086,0.055339,94.156353
S00625,L0031,T01,625,43.661537,1.122257,1.004909,913.58119,75.275741,0.609519,1.150461,0.000584,0.033138,95.459979
S00358,L0017,T01,358,43.062162,1.090973,0.932703,905.519813,91.423765,0.300195,1.121552,0.003072,0.087741,90.090114
S00086,L0004,T02,86,40.513149,1.124626,0.912649,922.549422,80.672932,0.472881,1.253998,0.001281,0.02484,98.990882
S00115,L0005,T01,115,42.484944,1.006559,0.992327,944.683731,78.818598,0.37472,1.210252,0.001892,0.048198,93.972664
S00439,L0021,T01,439,40.307872,1.148489,1.025372,898.008641,81.862679,0.546339,1.299444,0.000791,0.021549,96.979939
S00782,L0039,T01,782,38.152429,1.144791,1.10216,912.183178,82.185468,0.501713,1.326803,0.00117,0.020392,97.140556
S00218,L0010,T01,218,38.459831,1.154764,1.051581,932.259015,,0.910416,1.305152,0.000232,0.335213,66.71752
S00340,L0017,T02,340,39.197135,1.101662,0.974451,,77.810828,0.39877,1.266693,0.001973,0.041037,95.281806
S00212,L0010,T01,212,41.108664,1.210592,0.94719,900.304993,91.481399,0.215781,1.156483,0.001604,0.148221,84.06203
S00730,L0036,T01,730,45.761002,1.09036,0.961686,936.455438,91.117082,0.742109,1.076696,0.000451,0.088174,92.801981
S00394,L0019,T01,394,39.150399,1.15769,1.036036,909.941251,78.472486,0.549603,1.296419,0.00059,0.022036,99.231211
S00420,L0021,T01,420,36.499495,1.084793,0.989892,914.030095,68.455623,0.571137,1.377776,0.000711,0.02553,96.934586
S00121,L0006,T04,121,44.828061,1.196449,0.994241,907.745136,72.006874,0.782548,1.217671,0.0006,0.1032,90.488696
S00548,L0027,T03,548,39.449835,1.267949,0.994262,925.27033,75.641151,0.449668,1.25287,0.00144,0.029095,98.124342
S00013,L0000,T01,13,45.804378,1.120522,0.903377,928.805263,65.90077,0.305006,1.078937,0.001434,0.076206,93.301245
S00732,L0036,T03,732,38.045729,1.222612,0.962244,916.898964,92.877058,0.437912,1.310853,0.001093,0.037159,96.860451
S00745,L0037,T01,745,,1.096093,1.060094,922.626783,98.062785,0.580902,1.206223,0.000784,0.038365,98.868891
S00334,L0016,T04,334,41.789689,1.21688,0.923001,925.808976,82.782922,0.541973,1.140046,0.001075,0.020914,98.284831
S00783,L0039,T01,783,39.388249,1.104625,,899.713996,76.863671,0.646955,1.243185,0.000479,0.042643,95.129274
S00113,L0005,T01,113,39.527827,1.062356,1.091741,926.401599,,0.610295,1.306723,0.000747,0.037412,95.707581
S00389,L0019,T03,389,40.643862,1.279704,0.985262,895.009508,72.240134,0.88514,1.297433,0.000462,0.190924,78.673366
S00045,L0002,T01,45,42.153382,1.187753,1.050295,905.546249,84.516623,0.519223,1.1726,0.00085,0.018082,98.688461
S00209,L0010,T01,209,37.799963,1.156796,1.140929,915.641987,74.579268,0.587731,1.297557,0.000572,0.028585,97.283722
S00099,L0004,T04,99,40.084686,1.135928,1.094369,928.679926,75.653432,0.467805,1.26709,0.001129,0.025715,99.247211
S00156,L0007,T01,156,42.938894,1.104075,0.953339,932.978414,85.761909,0.577007,1.041717,0.000687,0.026572,98.728725
S00315,L0015,T02,315,42.905036,1.14085,0.940102,942.524041,80.885428,0.483362,1.201993,0.000945,0.023123,96.719084
S00622,L0031,T01,622,43.775101,1.221071,1.004308,956.331381,75.460795,0.184584,1.309157,0.002935,0.160827,83.985109
S00435,L0021,T01,435,44.258849,1.089839,1.028508,921.253357,75.865137,0.51599,1.188839,0.000694,0.018489,98.513382
S00378,L0018,T03,378,36.972124,1.247491,1.007708,933.742216,75.726318,0.369044,1.316991,0.001683,0.050054,95.706393
S00077,L0003,T04,77,41.581662,1.139444,0.939024,948.021477,73.680742,0.198823,1.341162,0.003949,0.147825,85.595779
S00712,L0035,T02,712,45.365782,1.142536,0.916505,921.551638,84.732171,0.534509,1.029599,0.000729,0.019871,97.78134
S00618,L0030,T04,618,43.329671,1.207769,1.115271,954.247321,89.979283,1.026308,1.181607,0.000223,0.404543,58.082036
S00286,L0014,T01,286,40.560593,1.220407,0.873115,922.96343,75.060203,0.459118,1.29016,0.001462,0.027283,99.8
S00619,L0030,T03,619,43.631624,1.07237,0.994733,911.10642,79.383274,0.567514,0.999188,0.000923,0.024907,94.260019
S00598,L0029,T01,598,43.155683,1.137145,0.894175,932.641393,82.09428,0.489295,1.22419,0.001053,0.022203,97.740697
S00695,L0034,T04,695,43.169625,1.17627,0.933585,933.812669,98.918106,0.917644,1.144561,0.000256,0.302724,68.129356
S00410,L0020,T02,410,42.35055,1.135934,1.061365,906.950998,80.160463,0.581342,1.19556,0.000709,0.027369,95.78429
S00667,L0033,T04,667,40.233544,1.166574,1.115561,921.195663,93.947227,0.577536,1.228001,0.000725,0.032638,95.622895
S00760,L0038,T01,760,45.765828,1.291021,1.07508,931.739999,77.025033,0.512403,1.141273,0.000966,0.01895,97.351202
S00379,L0018,T02,379,44.778786,1.092975,1.027798,902.70299,75.246894,0.706393,1.086898,0.000647,0.063254,93.194398
S00297,L0014,T04,297,42.329081,1.228154,1.079298,936.381782,68.124138,0.280568,1.187407,0.001828,0.089156,91.276727
S00568,L0028,T02,568,43.300571,1.04554,0.96486,916.912012,58.725367,0.619052,1.22117,0.000712,0.035344,96.889854
S00757,L0037,T01,757,45.955359,1.263871,1.093808,939.667314,82.965512,0.65908,1.134425,0.000504,0.046246,94.037484
S00787,L0039,T01,787,42.196677,1.171001,1.119338,919.22919,71.275537,0.61867,1.220576,0.000693,0.035253,96.662382
S00551,L0027,T01,551,39.621098,1.180724,1.002013,921.551831,97.597555,0.538597,1.241362,0.000673,0.028363,97.238563
S00074,L0003,T02,74,43.310475,1.216256,0.905783,954.794124,83.195929,0.61151,1.165988,0.000528,0.033588,96.409401
S00607,L0030,T01,607,42.415171,1.195754,1.083739,905.249585,75.91931,0.713703,1.16431,0.000539,0.066355,91.839014
S00193,L0009,T01,193,41.102498,1.05979,0.979921,893.930568,98.164584,-0.174077,1.156496,0.00814,0.771059,50.0
S00146,L0007,T03,146,44.518966,1.187375,0.926945,924.486518,75.282242,0.511416,1.128569,0.001154,0.019079,98.772213
S00041,L0002,T01,41,41.542887,1.046251,1.033274,934.810264,74.26204,0.326859,1.270177,0.001465,0.066112,94.102862
S00737,L0036,T01,737,44.789023,1.157068,1.004046,909.335625,89.546315,0.446924,1.027706,0.001307,0.031239,97.214269
S00055,L0002,T01,55,48.074327,1.231713,0.945207,888.096516,,0.773835,0.982275,0.000365,0.09769,89.930485
S00298,L0014,T01,298,39.967694,,1.075589,890.308574,94.232294,-0.021636,1.261995,0.004378,0.502395,50.0
S00228,L0011,T04,228,45.606729,1.162574,1.038356,921.92544,82.346009,0.63374,1.115059,0.000429,0.039022,96.994014
S00752,L0037,T03,752,44.64499,1.099522,1.166319,912.145043,90.172116,0.484928,1.025643,0.00062,0.024639,98.258458
S00499,L0024,T01,499,46.065208,0.117585,0.950251,939.205184,88.479568,0.737258,1.038331,0.000831,0.078536,92.213478
S00137,L0006,T02,137,40.398843,1.091841,1.068459,928.206363,77.528498,0.465662,1.27218,0.000704,0.026093,98.021487
S00511,L0025,T01,511,38.729751,1.173421,0.988232,908.58643,64.257977,0.782697,1.400709,0.00028,0.103297,90.130939
S00447,L0022,T03,447,39.113261,1.157938,0.93354,918.724362,84.524274,0.449903,1.222295,0.001111,0.029048,94.867081
S00174,L0008,T02,174,43.862143,1.252161,0.917544,924.584505,96.293227,0.666128,1.019079,0.00036,0.063754,94.740877
S00255,L0012,T03,255,44.12778,1.12201,0.991449,911.349531,101.91251,0.285269,0.916324,0.001181,0.133548,86.415724
S00407,L0020,T01,407,36.397265,0.972334,0.98848,920.442036,79.661815,0.41911,1.369672,0.000902,0.035786,94.636889
S00666,L0033,T04,666,43.147736,1.222545,,918.32729,76.660578,0.603252,1.180681,0.000915,0.031761,97.662259
S00689,L0034,T01,689,43.853222,1.156856,0.958233,906.571141,84.557992,0.490464,1.08607,0.001486,0.022026,97.323606
S00413,L0020,T01,413,41.793862,1.072134,1.040446,926.212512,86.559271,0.581629,1.276622,0.000694,0.027422,98.506356
S00673,L0033,T03,673,41.888093,1.07998,0.958225,908.934893,79.406988,0.531744,1.224285,0.000725,0.019497,97.793727
S00767,L0038,T04,767,41.126209,1.202387,1.026948,945.386227,71.733415,0.170165,1.313198,0.002825,0.17492,82.449355
S00449,L0022,T01,449,,1.273934,1.028678,937.394091,85.143493,0.650457,1.263618,0.000568,0.043655,96.902531
S00555,L0027,T01,555,42.212952,1.051808,1.134766,914.642375,76.998807,0.591566,1.251475,0.00067,0.02934,97.959283
S00788,L0039,T01,788,43.787074,1.087767,1.061584,910.296114,69.842823,0.734207,1.1316,0.000571,0.075819,92.639001
S00473,L0023,T01,473,42.516535,1.220004,0.996847,930.189476,58.477752,0.172348,1.330325,0.00229,0.172725,83.14886
S00766,L0038,T02,766,40.286042,1.204354,1.01112,919.21799,83.58582,0.524791,1.160705,0.000883,0.018588,98.97627
S00354,L0017,T01,354,39.550623,1.142122,0.983567,909.362604,71.150038,0.692376,1.351044,0.000465,0.057684,93.669109
S00590,L0029,T01,590,,1.126019,1.056225,938.410268,83.335376,0.64887,1.035222,0.000477,0.043193,94.982421
S00024,L0001,T03,24,44.640417,1.030853,,928.98691,84.335401,0.542155,1.10211,0.000764,0.02094,98.284851
