sample_id,lot_id,tool_id,sequence,photo_cd_nm,overlay_nm,etch_bias_nm,etch_depth_nm,cmp_dishing_nm,film_thickness_nm,final_cd_nm,resistance_proxy,defect_risk,electrical_result,yield_proxy
S00556,L0027,T01,556,53.655001,4.041495,-0.673987,1003.810815,26.779837,68.123424,59.137809,84.539266,0.998889,FAIL,65.357485
S00338,L0016,T01,338,49.808345,3.303816,-1.769785,976.70317,41.745377,73.559472,54.990452,88.983911,0.981568,FAIL,66.024861
S00291,L0014,T01,291,49.864803,5.325231,1.667598,967.220931,38.448915,63.432802,59.68159,80.494439,0.999787,FAIL,64.148708
S00223,L0011,T01,223,50.213724,5.617439,-0.161779,1001.694625,40.497162,65.329275,59.209554,81.863119,0.999757,FAIL,67.721384
S00270,L0013,T04,270,50.014927,5.686188,-2.458246,973.577189,17.448076,69.136755,53.211028,93.756381,0.907816,FAIL,72.456571
S00558,L0027,T03,558,49.13741,4.778783,,969.388857,28.92444,65.762716,52.85361,97.430566,0.9024,PASS,70.210426
S00171,L0008,T01,171,51.874671,3.837116,-3.246371,1019.592428,30.047074,66.204435,53.408764,97.330755,0.909398,FAIL,69.601418
S00601,L0030,T03,601,50.321501,,-0.152858,922.399831,58.457714,71.566752,59.34679,81.885999,0.999795,FAIL,67.96609
S00325,L0016,T02,325,52.502129,5.116016,-1.268094,996.23667,17.249522,67.086709,56.364097,89.243092,0.989462,FAIL,51.816895
S00573,L0028,T01,573,49.375028,5.052916,-1.331896,962.118476,56.468387,66.038626,61.067058,81.314129,0.999971,FAIL,71.470372
S00134,L0006,T02,134,50.11858,4.032737,-0.847571,1031.246077,32.202639,69.518092,56.348989,87.354204,0.992348,FAIL,66.291231
S00725,L0036,T01,725,48.150418,1.212717,-0.868435,980.756101,33.624575,64.976411,49.931227,99.573282,0.188476,PASS,91.633541
S00442,L0022,T01,442,52.815373,3.014387,-1.883464,918.741454,42.014535,64.571826,57.071482,85.275871,0.996028,FAIL,67.648699
S00346,L0017,T05,346,52.795593,3.527863,-1.305175,1013.257686,23.901657,66.717486,54.422617,88.885056,0.933406,FAIL,67.657826
S00506,L0025,T01,506,50.64624,4.160298,-0.440049,990.020378,45.924576,68.623742,58.613789,86.837609,0.999441,FAIL,66.875645
S00493,L0024,T01,493,48.758686,6.21765,-1.737411,1008.231441,59.745101,67.960244,63.84445,68.779426,0.999998,FAIL,61.778129
S00012,L0000,T03,12,48.035074,6.252824,-1.352006,900.77264,34.460175,64.312058,57.220577,87.28262,0.998753,FAIL,64.576002
S00033,L0001,T04,33,47.470657,4.718155,0.251027,943.484922,49.438278,68.775648,58.968354,83.920734,0.99973,FAIL,67.462185
S00640,L0032,T04,640,48.683956,3.061448,2.090815,961.95236,40.126352,68.221898,58.488433,80.027571,0.998608,FAIL,67.920076
S00496,L0024,T01,496,48.392766,4.647487,-0.517441,1030.352922,34.125981,68.243766,55.454038,91.0464,0.98935,FAIL,67.234275
S00434,L0021,T02,434,50.957516,5.577399,-3.172051,987.250177,19.625442,64.7928,53.84292,90.917418,0.946016,FAIL,66.687961
S00677,L0033,T04,677,55.241842,6.089053,-1.060551,983.278837,43.948009,63.893416,67.030334,67.755474,1.0,FAIL,67.746803
S00006,L0000,T01,6,51.095673,6.895653,-0.880187,982.917023,39.777005,69.219186,61.858762,76.177636,0.999983,FAIL,66.793191
S00685,L0034,T01,685,51.469775,2.977833,-3.188833,952.490705,40.178358,69.102557,54.528437,92.072869,0.966837,FAIL,67.927303
S00779,L0038,T01,779,50.238764,1.361636,-3.244052,982.839752,34.232901,69.663477,48.52563,103.064989,0.076991,PASS,96.641818
S00197,L0009,T01,197,48.390059,3.514944,-1.433197,1018.802166,22.272424,67.605695,51.156017,98.100396,0.482887,FAIL,82.654064
S00438,L0021,T03,438,49.651996,4.030916,-2.361202,987.212268,47.840891,65.104029,55.089868,89.063804,0.991138,FAIL,69.615521
S00423,L0021,T02,423,53.306073,5.300773,0.159977,997.133985,37.26842,69.346601,62.560587,74.175295,0.999977,FAIL,67.16684
S00459,L0022,T01,459,50.075229,1.906856,-3.687746,995.712637,39.789664,70.216843,49.089824,105.957974,0.185182,PASS,92.377366
S00035,L0001,T01,35,51.519452,2.908867,-1.960186,977.933723,19.040515,,52.182737,94.544914,0.575031,FAIL,82.184628
S00061,L0003,T01,61,52.797744,2.584738,0.255447,930.079209,40.338178,62.979821,58.283854,82.618278,0.997992,FAIL,66.923347
S00258,L0012,T01,258,46.371813,5.27805,-0.517004,988.729485,,71.063442,53.070064,93.725354,0.925889,FAIL,68.746022
S00592,L0029,T01,592,51.242569,3.010183,-3.912277,919.323599,31.345618,68.688736,51.873385,97.899159,0.685098,FAIL,76.058726
S00645,L0032,T01,645,48.559083,6.819009,-0.796361,977.966619,42.278782,66.949085,61.058651,81.647211,0.999971,FAIL,68.033787
S00286,L0014,T01,286,49.657195,4.463035,-3.301649,926.405298,32.357427,63.932413,53.354098,93.041031,0.935312,FAIL,69.328516
S00225,L0011,T02,225,51.21037,4.752068,-2.698633,1018.814585,50.669614,64.251516,60.73995,79.297048,0.99994,FAIL,66.541887
S00551,L0027,T01,551,49.197611,5.65645,-0.765498,963.68225,53.748827,66.775831,62.257318,79.642756,0.99999,FAIL,67.746247
S00414,L0020,T03,414,50.792025,5.850912,-1.364008,932.736639,22.266983,67.963377,54.769879,89.688597,0.979638,FAIL,67.901619
S00039,L0001,T01,39,50.254767,5.310732,-0.900283,990.206998,40.73073,68.812838,58.290197,84.764766,0.999426,FAIL,66.785953
S00079,L0003,T02,79,53.348447,6.250762,-1.230216,980.243771,42.113075,65.262398,64.698126,70.220016,0.999998,FAIL,65.923513
S00621,L0031,T04,621,48.528183,3.924242,-2.668432,1062.450373,34.737518,64.294159,53.713074,94.300957,0.94516,FAIL,67.054409
S00155,L0007,T01,155,51.328625,4.656422,-1.429164,973.610842,27.113692,64.858383,55.183361,90.659709,0.980798,PASS,66.884772
S00792,L0039,T04,792,47.225924,5.840441,-1.713294,1006.983102,38.285016,69.258584,56.612388,87.019534,0.998022,FAIL,64.906466
S00238,L0011,T01,238,52.547365,7.098413,-1.682654,990.090244,41.907329,,64.381125,71.750779,0.999998,FAIL,64.047614
S00630,L0031,T01,630,48.42677,5.282866,-0.261335,984.603159,36.294842,68.983621,57.108628,86.853632,0.998093,FAIL,67.213192
S00365,L0018,T01,365,50.14114,3.113858,-1.815397,912.476418,34.954109,69.078355,53.706273,91.766098,0.923348,FAIL,69.286093
S00310,L0015,T01,310,51.195453,3.973406,-2.103169,992.019542,27.926511,67.725469,54.219397,133.060252,0.947822,FAIL,68.098005
S00226,L0011,T01,226,48.929518,5.055662,-4.32578,917.202508,17.375108,71.764669,48.934092,103.00946,0.194341,PASS,91.646747
S00201,L0010,T02,201,52.183011,4.863427,-1.096423,1052.830527,35.3952,69.768825,59.097882,79.699123,0.999507,FAIL,65.66836
S00290,L0014,T01,290,45.82505,5.358588,-1.791267,1018.311426,47.237495,70.59442,54.629384,89.63509,0.992703,FAIL,66.266933
S00021,L0001,T04,21,49.834369,4.809373,-0.415448,,45.178617,71.694678,60.544161,78.74911,0.999907,FAIL,68.551272
S00227,L0011,T02,227,49.034806,5.627407,-2.12113,951.252076,31.790708,65.630992,55.955957,87.728645,0.994757,FAIL,63.704879
S00595,L0029,T05,595,48.124802,4.492693,-1.426162,1003.492251,38.495216,62.852896,53.676735,95.307935,0.963748,FAIL,69.568239
S00036,L0001,T04,36,49.166035,4.593619,-1.838031,1082.276625,47.456926,68.088161,58.671654,82.957533,0.999596,FAIL,68.616302
S00370,L0018,T01,370,50.569713,3.686089,-0.922724,980.805992,59.071528,69.314608,59.20637,82.136541,0.999791,FAIL,66.233734
S00751,L0037,T01,751,49.834586,5.97315,-0.633172,1007.807069,37.347942,66.260547,59.833145,81.336945,0.999851,FAIL,66.529461
S00676,L0033,T03,676,53.301811,4.815047,-2.54995,1023.235814,22.418099,68.388399,56.02924,88.695434,0.988146,FAIL,71.144656
S00453,L0022,T03,453,49.761256,4.048803,-1.78885,960.220418,37.644004,66.172196,53.815508,91.962805,0.958703,FAIL,68.056603
S00687,L0034,T01,687,49.604284,3.351886,-3.911091,1014.650409,37.441825,64.056656,49.575097,105.695735,0.360712,PASS,85.697477
S00742,L0037,T01,742,50.512021,3.242067,-2.862699,980.647323,44.245221,68.224599,53.240463,96.25621,0.936123,FAIL,70.485146
S00255,L0012,T02,255,53.126673,4.109478,-0.802899,899.409601,27.541176,69.261642,59.259621,79.648345,0.999063,FAIL,66.507743
S00461,L0023,T02,461,52.965803,1.715367,-1.772325,1006.477767,59.412347,70.557108,56.63247,89.7476,0.99611,FAIL,65.207427
S00553,L0027,T02,553,51.663765,4.126329,-2.393048,1016.069895,50.641417,73.00175,58.996565,82.384571,0.999678,FAIL,67.824595
S00492,L0024,T04,492,47.969087,3.263752,-1.355543,985.240734,35.760947,66.838394,52.022528,100.918001,0.777916,PASS,73.271425
S00063,L0003,T01,63,50.692305,3.313072,-1.896898,999.972117,18.282103,66.348809,52.119767,98.915778,0.596815,FAIL,79.094331
S00284,L0014,T03,284,48.58208,4.811942,-1.388628,1034.395373,296.36022,61.552401,54.045911,92.468692,0.962024,PASS,67.821339
S00112,L0005,T01,112,49.264518,0.153449,-2.685606,,58.105246,,48.049065,105.186174,0.201908,FAIL,92.04754
S00356,L0017,T01,356,50.736612,6.343779,-1.14895,923.959302,33.606253,63.995707,58.166102,84.939186,0.999411,FAIL,68.268543
S00502,L0025,T02,502,48.566524,4.447467,-0.06067,931.241719,26.716593,68.442333,55.725102,87.863722,0.985948,FAIL,68.681089
S00002,L0000,T03,2,51.218187,3.886835,-3.557953,1017.984148,57.275764,68.322205,56.942543,90.204606,0.998712,FAIL,66.361277
S00105,L0005,T02,105,48.680241,6.927749,-3.194546,987.700995,33.7419,64.597818,56.943376,88.875743,0.998804,FAIL,69.091308
S00717,L0035,T01,717,47.450475,4.224442,0.011669,946.823814,42.107562,65.995023,54.544133,95.093744,0.982913,FAIL,64.560751
S00037,L0001,T02,37,51.247503,5.341505,-2.224676,960.591342,68.039847,70.032826,65.904649,69.033783,1.0,FAIL,67.809215
S00117,L0005,T01,117,,1.641673,-0.30899,943.584394,25.358374,64.231246,51.16905,98.548836,0.32491,PASS,88.932725
S00466,L0023,T03,466,51.242787,6.021446,-2.440157,885.610766,24.663577,61.781926,53.517836,98.084718,0.956078,FAIL,66.664782
S00517,L0025,T01,517,47.808876,4.745325,-0.56479,891.130827,50.403634,74.119164,57.714892,83.373377,0.999311,FAIL,67.88245
S00126,L0006,T02,126,51.196704,4.323312,,909.738873,46.934401,64.404639,60.521661,79.437724,0.999893,FAIL,65.422549
S00207,L0010,T01,207,48.391423,5.43611,-2.499675,900.136165,34.331386,68.918684,53.517279,94.285104,0.966049,FAIL,66.233111
S00483,L0024,T02,483,48.098348,5.474517,-0.316432,893.49336,38.821243,66.548289,58.883768,82.302874,0.999632,FAIL,67.618695
S00355,L0017,T03,355,48.577334,4.241515,-1.13301,1001.746255,41.023307,65.044314,54.826196,90.84569,0.985599,FAIL,69.147938
S00120,L0006,T05,120,48.468977,0.154129,-1.619407,905.590368,26.870741,66.360095,46.75237,107.528902,0.113584,PASS,94.472064
S00770,L0038,T03,770,50.287208,6.783196,-2.126774,1029.645329,,66.024104,59.231603,83.931214,0.999813,FAIL,64.598824
S00323,L0016,T03,323,51.379266,4.48359,-0.018097,932.586887,54.471486,70.131055,61.652905,77.140126,0.999973,FAIL,65.905189
S00584,L0029,T01,584,51.751857,3.549951,-0.718296,940.924869,36.766135,69.141937,56.366682,87.883715,0.992703,FAIL,65.146032
S00608,L0030,T05,608,49.938224,4.912635,-1.886883,990.02087,31.02312,69.748139,53.315722,97.599771,0.941007,FAIL,69.153406
S00304,L0015,T01,304,48.018466,5.147685,-0.829537,1023.354928,35.642751,69.522543,54.607278,91.638253,0.984672,FAIL,68.369379
S00277,L0013,T01,277,45.566558,6.740498,0.266375,1002.642162,46.956805,66.521072,60.682441,80.643715,0.999968,FAIL,66.657757
S00664,L0033,T01,664,48.63606,4.561628,-1.164084,948.414131,45.519592,66.770795,57.32671,87.926458,0.998665,FAIL,68.665102
S00170,L0008,T02,170,51.163993,8.865041,0.909777,917.421848,19.472881,65.431302,61.200866,77.868868,0.999964,FAIL,67.100724
S00153,L0007,T04,153,48.648266,7.881836,-3.149312,1013.924715,18.811147,70.501888,54.26066,92.28165,0.985079,FAIL,68.621959
S00204,L0010,T01,204,51.37528,6.860219,-0.753888,933.042461,25.073668,67.926115,58.949984,81.79337,0.999601,FAIL,68.193799
S00507,L0025,T01,507,51.27358,5.164363,-0.372178,977.129122,26.865802,66.72384,57.449385,84.866685,0.99743,FAIL,69.555038
S00530,L0026,T01,530,49.044959,2.209402,0.427136,974.279084,35.846628,64.41183,52.829475,96.534165,0.806804,FAIL,73.401712
S00606,L0030,T01,606,49.053841,5.685839,-1.632658,912.743567,43.323394,68.907023,57.480953,87.107663,0.999197,FAIL,68.749041
S00065,L0003,T01,65,49.061047,4.859669,-1.423287,1016.026663,33.0327,67.448881,53.85639,95.453477,0.964041,FAIL,69.211805
S00110,L0005,T01,110,51.434177,4.503579,-0.627711,956.350814,43.619713,64.753617,59.771763,80.864342,0.999785,FAIL,65.884225
S00692,L0034,T03,692,52.586155,5.188381,-2.6834,984.670754,58.581286,72.73175,63.003548,75.852678,0.999995,FAIL,66.354435
S00528,L0026,T01,528,49.052234,4.422404,-1.792199,896.731867,58.197895,63.374148,60.091205,81.629687,0.999922,FAIL,66.810339
S00088,L0004,T01,88,49.38968,2.908558,-3.072676,959.314031,52.120217,73.001235,53.886123,89.915915,0.97024,FAIL,68.901475
S00699,L0034,T01,699,52.318184,2.117387,-0.682994,1020.016005,31.281211,66.112052,53.371726,92.960736,0.827879,FAIL,72.893006
S00298,L0014,T05,298,50.369744,4.569926,-0.522797,960.700093,29.409121,61.212919,54.499939,93.755835,0.969937,FAIL,67.346242
S00367,L0018,T01,367,50.12826,2.14593,-3.319031,1028.403383,34.129959,65.671764,49.319835,102.11686,0.182229,PASS,93.092405
S00482,L0024,T02,482,50.751505,2.468456,0.217337,968.123753,35.317707,72.763699,56.698819,83.503924,0.990169,FAIL,68.423612
S00557,L0027,T04,557,48.150502,3.40678,-1.676462,1060.60109,39.764823,63.171747,52.723593,94.967801,0.890805,FAIL,72.437388
S00728,L0036,T03,728,49.416254,5.143239,0.555057,1035.234435,15.767298,73.085179,53.854659,88.965018,0.921679,FAIL,69.470522
S00457,L0022,T02,457,50.217577,2.155794,-1.213579,920.444193,50.638566,71.4502,53.14628,91.936747,0.922174,FAIL,69.331956
S00454,L0022,T04,454,49.840778,5.943444,-1.716194,982.856462,33.122376,68.125349,58.553825,84.170693,0.999469,FAIL,66.831439
S00324,L0016,T02,324,47.705076,6.311809,-3.203879,1020.898111,27.02416,71.380782,52.365419,94.158388,0.918263,FAIL,67.744349
S00523,L0026,T02,523,48.973333,4.355729,-3.332575,999.732239,36.340893,69.674457,52.314162,94.079226,0.881859,PASS,69.552195
S00357,L0017,T02,357,50.178519,6.82115,-2.980106,1028.486985,16.862706,74.006748,53.583916,90.025519,0.955387,FAIL,69.176001
S00675,L0033,T01,675,56.442919,1.848116,-0.619652,893.187607,39.002348,62.932401,60.27619,82.671773,0.999388,FAIL,66.495319
S00315,L0015,T01,315,43.870931,6.183303,-2.786523,979.136833,33.591609,71.291391,50.294383,98.917742,0.743746,FAIL,74.833244
S00172,L0008,T02,172,49.83049,7.138696,-0.837521,942.861183,44.644758,70.216224,64.968968,71.391395,0.999999,FAIL,64.993714
S00519,L0025,T02,519,50.103824,6.841521,0.091427,,21.872039,65.870385,59.031106,78.444584,0.99955,FAIL,68.059018
S00452,L0022,T02,452,48.710849,2.497954,-1.369104,1007.97449,35.501205,65.728535,51.801379,94.394014,0.672111,FAIL,78.373648
S00411,L0020,T01,411,48.824734,7.565846,-3.245472,932.771513,21.707604,65.089356,53.783455,91.345688,0.978654,FAIL,67.805714
S00352,L0017,T02,352,48.425365,3.647251,-2.010287,957.541459,31.474671,64.517845,54.181633,93.621226,0.948713,FAIL,67.882613
S00430,L0021,T01,430,50.152998,2.296271,-3.025479,942.928891,42.547395,72.744583,52.598341,95.201926,0.839175,FAIL,71.281479
S00107,L0005,T01,107,49.761638,5.492233,-2.884239,963.991281,20.315977,66.076061,51.055354,99.226719,0.653207,PASS,77.166612
S00593,L0029,T03,593,48.859454,2.092993,0.157056,957.155418,14.799275,72.750215,50.229122,98.099472,0.134599,PASS,94.815668
S00114,L0005,T02,114,49.240177,1.129189,-1.960648,1005.723309,65.126109,65.728946,50.907006,101.055595,0.734129,FAIL,74.852386
S00694,L0034,T02,694,47.960263,3.624026,-1.848986,1030.791719,14.439936,65.361355,49.380267,100.351174,0.133452,PASS,95.460511
S00099,L0004,T01,99,50.881398,3.099118,1.800221,934.045378,25.826803,66.578262,56.83986,88.4055,0.988871,FAIL,70.056762
S00203,L0010,T01,203,50.031962,1.879495,,981.416972,37.873775,63.962477,52.204671,95.86504,0.70942,FAIL,75.947608
S00766,L0038,T01,766,49.389976,5.065305,-0.497063,965.868602,44.084179,71.68188,59.197491,84.620239,0.999742,FAIL,67.028077
S00723,L0036,T01,723,50.93351,3.870185,-2.131086,915.197583,31.907323,74.055295,55.003476,88.015493,0.975856,FAIL,68.191618
S00087,L0004,T03,87,50.744234,2.186769,-2.348116,996.079508,53.753644,72.595074,52.884368,95.229873,0.920414,FAIL,69.828605
S00093,L0004,T01,93,48.848033,1.162746,-1.706672,985.518443,48.836597,66.490227,49.727693,104.009974,0.30819,PASS,89.073885
S00649,L0032,T02,649,49.844452,4.935379,-4.210481,983.428498,48.235762,72.311117,56.374944,88.529661,0.997921,FAIL,65.507953
S00132,L0006,T03,132,50.408522,2.880002,-1.093181,1001.885641,46.014747,67.407953,54.039147,94.174701,0.962964,FAIL,69.025814
S00446,L0022,T04,446,50.219928,4.11779,-1.3471,925.863825,57.458955,70.632147,61.707132,77.363075,0.999975,FAIL,68.901537
S00585,L0029,T01,585,50.177151,3.841806,-2.715034,1021.884618,48.998894,70.867072,56.439701,86.24963,0.996907,FAIL,67.184306
S00276,L0013,T04,276,48.236548,3.202832,0.087978,882.41929,25.496371,65.854942,53.408442,95.562736,0.854499,FAIL,70.763483
S00144,L0007,T01,144,49.488614,4.259764,-2.03599,980.065734,69.101719,66.765088,59.962235,80.244646,0.999949,FAIL,68.678833
S00173,L0008,T01,173,46.686579,5.424545,-1.378501,886.507461,34.254705,64.533065,53.209887,93.896407,0.956602,FAIL,70.410061
S00407,L0020,T02,407,49.05836,7.154508,-1.103058,970.515483,31.736808,65.158807,59.759904,81.253028,0.999873,FAIL,65.562058
S00030,L0001,T01,30,52.422539,6.427143,-3.604281,1002.802373,43.065457,69.566888,61.52161,75.245436,0.999977,FAIL,67.451798
S00560,L0028,T01,560,48.618589,2.483556,0.022357,977.992468,55.443667,67.86868,54.299869,91.41031,0.978266,FAIL,68.401795
S00243,L0012,T01,243,50.897652,2.828864,-0.433536,939.46019,36.059205,65.57962,55.09473,89.564647,0.971585,FAIL,66.256276
S00164,L0008,T01,164,49.891752,3.595234,-2.962109,1038.691153,37.784688,69.311555,53.978954,94.357685,0.956026,FAIL,68.318892
S00127,L0006,T04,127,54.354532,4.680329,-3.115307,1016.868202,24.789793,69.491556,58.083586,81.997989,0.997842,FAIL,67.944275
S00119,L0005,T02,119,48.667489,2.749866,-0.936109,996.961618,27.391245,62.822266,52.417717,96.493837,0.706435,PASS,77.479464
S00150,L0007,T01,150,49.004884,3.61627,-3.097541,1058.259296,29.388937,68.534527,49.272833,104.365145,0.242684,PASS,91.683431
S00392,L0019,T01,392,56.091142,1.73684,0.123909,1040.737755,44.513083,67.444383,59.718194,79.780096,0.999257,FAIL,65.942058
S00581,L0029,T01,581,46.728694,6.823625,-1.256883,979.233273,42.970531,67.181546,57.951661,85.027406,0.999663,FAIL,66.960094
S00691,L0034,T02,691,51.30682,3.505778,-2.902035,1005.729319,30.616012,65.849958,54.099644,96.721971,0.939414,FAIL,72.184207
S00571,L0028,T01,571,,4.029275,-1.480408,907.904879,19.119476,65.48,50.767865,98.792754,0.420441,FAIL,84.287732
S00700,L0035,T01,700,51.111358,2.093262,-0.599484,985.974036,37.967338,77.219524,53.665465,92.255721,0.896835,PASS,72.444587
S00481,L0024,T04,481,52.416281,3.815687,-2.367527,954.131122,55.593612,65.088917,60.693233,82.553895,0.999927,FAIL,65.75649
S00776,L0038,T02,776,50.109195,4.901756,-2.357523,1033.792668,4.456993,68.123399,58.67837,83.626439,0.99959,FAIL,69.153891
S00328,L0016,T01,328,49.931702,3.961717,-0.715214,978.965795,21.970547,68.94253,52.759823,96.398996,0.802027,FAIL,72.454676
S00158,L0007,T02,158,49.142109,7.218344,-2.142543,1009.51035,46.332217,67.854543,62.525287,74.887878,0.999994,FAIL,65.500345
S00026,L0001,T01,26,50.82852,6.108784,-1.965857,1032.702604,19.998804,73.95222,53.168584,93.965362,0.929809,FAIL,69.016931
S00769,L0038,T02,769,50.282051,4.25138,-1.656817,883.560926,,65.789925,57.182409,86.679289,0.998315,FAIL,66.857679
S00684,L0034,T01,684,49.247717,5.380327,-1.710719,992.372544,44.660431,71.662302,58.933995,82.493756,0.999732,FAIL,66.30383
S00187,L0009,T01,187,51.593541,3.486439,-1.136779,981.698298,36.836416,63.760689,57.022418,86.052769,0.995561,FAIL,67.229453
S00231,L0011,T05,231,51.657864,4.506284,-2.834741,948.026667,55.410598,61.428847,60.001463,81.695758,0.999906,FAIL,64.184911
S00118,L0005,T04,118,52.292518,4.825052,-0.146421,1051.565178,26.876498,68.002948,59.341229,80.85018,0.99934,FAIL,64.272791
S00688,L0034,T02,688,51.379869,3.919999,-0.21959,928.983484,37.460824,66.599104,59.462007,80.597496,0.999497,FAIL,67.209169
S00003,L0000,T04,3,52.520504,6.029514,-1.481202,969.70631,23.496911,64.834786,58.801716,86.081262,0.999288,FAIL,66.487266
S00618,L0030,T03,618,48.195217,3.244202,-0.404839,1032.96035,58.496116,70.943728,56.141675,63.440027,0.996953,FAIL,67.097446
S00487,L0024,T02,487,47.408837,3.111286,-3.452776,1017.968939,18.545856,,47.773198,106.249705,0.119365,FAIL,93.707887
S00394,L0019,T03,394,44.860773,3.772941,-4.411825,1009.683969,16.617907,69.859772,42.264357,115.673558,0.930882,FAIL,69.466999
S00413,L0020,T04,413,50.447338,3.276423,-1.263285,983.085651,43.145558,73.013182,56.241497,89.467505,0.993572,FAIL,65.85592
S00693,L0034,T02,693,48.507719,5.752523,-2.073086,965.027421,34.709716,64.883505,56.350103,90.759399,0.996914,FAIL,66.190639
S00522,L0026,T03,522,53.618882,1.88664,-2.413864,1023.939102,44.838232,67.975226,55.172677,92.748667,0.974747,FAIL,68.586134
S00422,L0021,T01,422,51.575307,3.846246,-1.924067,961.451484,42.972259,67.12487,57.301597,85.860257,0.99784,FAIL,66.41056
S00215,L0010,T01,215,48.560353,5.922218,-2.200049,998.92257,34.668764,70.85058,56.141511,87.506087,0.996615,FAIL,66.871243
S00500,L0025,T01,500,,5.638902,-1.837172,970.63897,26.432594,66.651684,55.00832,91.970967,0.985196,FAIL,69.082247
S00327,L0016,T04,327,52.583415,4.606638,-1.022897,1017.105696,38.782576,81.68397,59.764099,80.271318,0.99973,FAIL,66.890855
S00222,L0011,T01,222,49.157736,9.075086,-1.606502,865.492523,39.084561,65.555199,64.275113,70.332527,0.999999,FAIL,67.244113
S00303,L0015,T02,303,46.231714,0.020612,-0.93895,988.467489,32.948077,66.746105,46.313685,113.133796,0.193172,FAIL,94.894018
S00417,L0020,T01,417,47.681934,6.744837,-1.924262,970.154869,58.231939,74.19904,62.851149,76.369651,0.999997,FAIL,65.806718
S00403,L0020,T01,403,53.058295,2.841424,-1.984341,971.094142,18.974605,66.662971,53.407699,93.554928,0.777023,PASS,74.701904
S00389,L0019,T01,389,53.971626,,-0.296071,938.082909,49.098295,72.166734,58.745092,86.832787,0.99907,FAIL,67.644974
S00254,L0012,T02,254,51.439835,6.081515,-0.913342,945.146161,39.674736,70.208114,61.652749,75.137627,0.999971,FAIL,68.482325
S00345,L0017,T01,345,48.307478,4.202711,-1.625946,1048.890672,57.280036,68.041348,57.556601,86.267248,0.999316,FAIL,66.016306
S00307,L0015,T01,307,50.267157,6.896772,-1.487243,939.129311,31.243669,69.546476,57.885383,84.355445,0.999345,FAIL,66.02163
S00543,L0027,T01,543,48.173871,4.346499,-3.081143,965.165829,26.446519,65.182778,50.553324,99.634351,0.513282,FAIL,84.864609
S00196,L0009,T01,196,51.723954,8.689515,-1.591606,972.971031,39.631842,65.37625,65.332625,69.202416,1.0,FAIL,65.815342
S00764,L0038,T01,764,50.980478,6.509834,-2.543332,1058.657258,34.309766,59.780448,57.715563,84.09552,0.999246,FAIL,66.224985
S00701,L0035,T01,701,47.617772,4.119861,-1.640293,986.002379,35.410512,67.998482,52.625634,97.265042,0.8911,FAIL,70.157785
S00520,L0026,T01,520,51.105396,5.528133,0.273252,1027.350687,36.512231,71.167546,60.164338,78.018358,0.999853,FAIL,67.232278
S00395,L0019,T01,395,49.112513,2.554076,-1.283282,1098.853317,37.102306,72.800991,52.819758,95.875923,0.838318,FAIL,74.291983
S00156,L0007,T01,156,48.843591,4.973786,1.803206,979.901344,42.253182,72.380805,60.482903,76.753072,0.999894,FAIL,65.915639
S00747,L0037,T02,747,48.0252,3.86309,-3.309445,980.806697,42.320717,68.408766,52.129581,97.38458,1.110297,FAIL,69.133925
S00749,L0037,T04,749,50.065948,5.456275,-1.800236,1015.430174,21.709046,70.755567,56.001245,88.187831,0.990532,FAIL,65.451701
S00042,L0002,T02,42,50.180921,5.417148,-1.129478,870.60269,35.646428,63.827664,58.299649,85.71223,0.999282,FAIL,66.244912
S00513,L0025,T03,513,53.134605,3.386191,-2.493439,953.027892,28.341175,64.830526,54.75702,92.144336,0.956402,FAIL,68.631094
S00421,L0021,T02,421,56.822143,3.151063,-1.546005,952.083181,51.289275,65.822222,63.494973,73.656666,0.999987,FAIL,64.806253
S00669,L0033,T05,669,51.014589,7.44191,-0.576796,931.61191,49.08827,66.704467,66.452365,68.574131,1.0,FAIL,67.234707
S00548,L0027,T01,548,52.061309,3.396875,-0.093441,1067.684648,24.53275,68.626863,55.43416,91.252989,0.968484,FAIL,67.149087
S00263,L0013,T05,263,49.285227,3.186811,-1.664571,986.522235,44.649948,70.033998,53.149275,94.146772,0.931453,FAIL,70.976068
S00050,L0002,T02,50,53.338754,6.222852,-1.877889,,41.118311,,63.500692,72.608787,0.999994,FAIL,67.645611
S00082,L0004,T01,82,51.666457,6.178592,-0.241624,1010.85005,53.81666,,66.250686,67.446596,1.0,FAIL,67.27328
S00678,L0033,T02,678,50.079229,5.159966,-1.656225,971.371091,28.443196,62.8759,56.5192,86.362638,0.995042,FAIL,66.707384
S00549,L0027,T01,549,51.945198,5.023283,-1.087936,1046.152143,25.017659,61.485883,58.584411,83.067806,0.998775,FAIL,66.399092
S00213,L0010,T01,213,51.469683,3.315467,-1.26506,1007.660509,34.719165,69.955069,56.357285,88.930765,0.990873,FAIL,68.387908
S00574,L0028,T01,574,52.424031,3.322802,-2.818023,1071.543981,51.640024,70.981718,58.768574,83.693814,0.999474,FAIL,65.714303
S00274,L0013,T02,274,47.686813,3.948844,-1.796136,1004.99049,34.677937,71.796322,52.681547,93.929402,0.88386,FAIL,69.874096
S00485,L0024,T01,485,51.821228,2.524004,-3.083559,977.812954,45.685697,78.19813,54.980316,89.143069,0.978809,FAIL,68.645583
S00619,L0030,T01,619,49.949738,2.937765,-0.996944,951.230529,53.023147,72.518467,57.454168,90.964289,0.998344,FAIL,68.488362
S00007,L0000,T01,7,50.318127,5.693188,-2.89404,1019.872418,34.275868,74.321206,56.932164,86.448563,0.99796,FAIL,68.072518
S00344,L0017,T01,344,50.654924,,0.138166,1009.103847,12.980407,69.824154,53.519167,95.207396,0.826581,FAIL,71.536683
S00397,L0019,T02,397,53.003702,5.197147,-2.081748,914.256521,24.438663,74.095379,57.892365,84.331654,0.997968,FAIL,66.972422
S00245,L0012,T01,245,45.285682,5.704774,-3.910705,1013.272299,55.902842,68.192984,55.743565,88.051352,0.998401,FAIL,66.825564
S00025,L0001,T03,25,49.105417,4.617111,-0.510198,935.110522,24.340337,69.553516,53.459048,91.026181,0.915573,PASS,70.56591
S00183,L0009,T03,183,51.082605,6.175789,-0.046223,1007.147179,39.182101,70.65016,62.527383,78.36113,0.999986,FAIL,67.008737
S00702,L0035,T03,702,48.067371,3.897449,-1.750695,980.12908,29.714751,66.336127,51.637953,101.235455,0.710646,FAIL,77.49584
S00168,L0008,T02,168,52.612219,3.342221,-2.342275,981.029656,27.919843,72.284711,55.214081,88.848981,0.968042,FAIL,67.451949
S00658,L0032,T01,658,50.282509,3.434432,-1.621414,1058.829983,29.601727,69.940191,53.535199,93.143169,0.900406,FAIL,69.64569
S00726,L0036,T02,726,48.409433,3.933848,-1.106306,1041.352528,55.601649,72.998164,59.332058,82.322529,0.999795,FAIL,67.450924
S00616,L0030,T02,616,52.775343,2.627695,-1.896468,,25.987113,66.675337,55.388697,90.108822,0.95782,FAIL,68.587525
S00780,L0039,T05,780,50.140219,5.074366,0.870229,894.747155,14.346627,65.197013,54.436114,92.798511,0.943822,FAIL,67.748219
S00531,L0026,T02,531,52.872912,3.739423,-2.588363,1032.32898,29.309423,66.103872,55.88247,88.510323,0.985237,FAIL,66.463198
S00248,L0012,T05,248,47.928227,5.862227,-0.833533,970.313045,41.880516,65.83083,56.466579,89.394851,0.998194,FAIL,66.119754
S00089,L0004,T05,89,53.434802,4.030362,-2.926279,959.055409,44.873973,73.284002,57.522542,85.401349,0.998498,FAIL,64.627544
S00425,L0021,T04,425,49.265398,7.839742,-2.050218,971.407321,23.651543,62.108211,57.692534,86.83274,0.999241,FAIL,66.390861
S00409,L0020,T03,409,,5.551416,-1.954127,1011.094117,38.505717,68.315115,62.925423,76.353678,0.999986,FAIL,68.055921
S00317,L0015,T02,317,48.747456,3.399434,0.640487,913.765587,23.237159,65.406039,53.831072,92.434491,0.888216,FAIL,69.891753
S00499,L0024,T01,499,54.13255,6.543813,-2.655174,912.354111,18.614997,58.968372,56.572353,86.347542,0.99562,FAIL,68.61441
S00590,L0029,T01,590,55.009217,3.421654,-1.012518,975.213838,22.666127,68.404939,57.786842,85.709109,0.9946,FAIL,68.576887
S00320,L0016,T01,320,52.205696,5.03141,-0.375272,947.649362,30.650447,69.725504,57.002615,85.652311,0.996834,FAIL,67.647896
S00250,L0012,T03,250,50.539602,4.286856,-1.089088,1065.922085,48.936024,67.905133,59.015612,82.936326,0.999676,FAIL,66.790465
S00782,L0039,T04,782,46.414287,5.750754,-3.127509,952.689966,15.516072,66.727897,48.824274,105.164857,0.214273,PASS,91.901824
S00363,L0018,T02,363,46.904887,3.717251,-2.841494,1015.506766,56.20712,67.592205,55.566944,90.758048,0.995582,FAIL,69.388305
S00095,L0004,T01,95,48.428522,2.397045,-1.063555,990.575193,29.883693,66.635677,49.168322,102.24028,0.148924,PASS,94.716343
S00537,L0026,T05,537,48.784723,6.873464,-1.704426,967.958185,47.126561,70.978621,60.474573,80.2952,0.999965,FAIL,65.928557
S00721,L0036,T01,721,52.519354,4.14282,-2.777281,965.764333,53.070141,62.967857,60.850053,80.597737,0.999936,FAIL,67.777229
S00399,L0019,T01,399,50.890056,5.055168,-2.810452,1054.049802,31.879987,72.278535,55.484556,88.953729,0.990203,FAIL,68.346804
S00631,L0031,T01,631,51.537836,3.5731,0.466458,982.172329,40.850026,70.267223,58.143664,85.088389,0.9986,FAIL,64.229222
S00194,L0009,T02,194,48.563459,8.747618,-0.029441,862.617147,44.27921,65.830161,66.057642,67.351068,1.0,FAIL,65.256688
S00161,L0008,T04,161,52.551413,3.937517,-2.763626,1054.032787,22.685474,67.621815,53.389063,92.634159,0.873342,PASS,74.882422
S00495,L0024,T01,495,48.912512,5.448557,-2.292305,1001.947417,26.069246,69.919365,52.045562,94.999924,0.8484,FAIL,72.637917
S00719,L0035,T03,719,51.072395,2.980248,-1.310704,911.845114,55.634717,65.825185,56.014012,92.360892,0.995558,FAIL,67.273707
S00294,L0014,T02,294,49.380467,2.840684,-0.404954,937.820237,63.916773,68.206727,57.571669,85.639321,0.999134,FAIL,66.532465
S00564,L0028,T03,564,47.213925,6.548089,-1.18036,991.946279,14.040413,64.807207,49.609386,103.071883,0.402844,FAIL,86.498692
S00256,L0012,T04,256,53.390923,,-0.351785,910.160631,48.30469,67.840269,65.683315,69.054444,0.999999,FAIL,69.259988
S00628,L0031,T03,628,49.802066,1.7869,-1.925395,987.387311,9.000326,69.203945,47.450869,107.419934,0.054086,PASS,94.462084
S00679,L0033,T05,679,50.451045,3.815656,0.705679,987.751795,36.142442,64.558356,56.223465,86.500638,0.992488,FAIL,67.875315
S00334,L0016,T02,334,52.083799,4.360508,-1.036386,1018.820314,40.395325,66.622927,59.018874,82.441343,0.999499,FAIL,68.046929
S00289,L0014,T02,289,52.653999,5.804018,-0.136826,1031.858455,51.864474,64.218616,65.761273,68.352778,0.999999,FAIL,67.663489
S00067,L0003,T02,67,46.045822,4.925258,-1.688535,931.224392,51.202203,68.071838,55.704994,90.285051,0.996971,FAIL,66.022621
S00607,L0030,T01,607,46.569252,3.713269,-2.137066,1007.583788,23.477951,71.207195,47.571108,108.23043,0.21507,PASS,93.931982
S00347,L0017,T03,347,49.542574,4.076278,-3.489611,1019.136113,42.758626,67.351119,52.812797,96.424481,0.933161,FAIL,72.499796
S00570,L0028,T02,570,52.17832,5.773791,-0.142728,1082.993375,32.824098,68.125323,61.73871,76.272901,0.999954,FAIL,66.473104
S00354,L0017,T01,354,46.68611,3.95761,0.169843,1020.273511,34.145736,65.982454,53.777185,92.398288,0.946883,FAIL,67.893799
S00027,L0001,T01,27,44.651409,3.739174,-0.668111,1045.091255,39.73487,75.356357,50.992998,97.120059,0.703171,FAIL,76.378505
S00205,L0010,T02,205,51.252005,5.28299,1.208148,933.552981,31.444164,71.893214,60.444364,76.905691,0.999827,FAIL,69.466941
S00293,L0014,T01,293,49.317622,5.410605,-2.139078,913.763889,51.159932,66.999107,59.325583,82.784686,0.999865,FAIL,67.206569
S00494,L0024,T04,494,55.300328,2.228512,-0.913514,1032.933709,57.054514,61.479733,59.900666,80.65374,0.999742,FAIL,67.912568
S00260,L0013,T01,260,50.340068,7.243551,0.04846,932.962169,21.382961,72.522279,57.377837,84.888433,0.998555,FAIL,66.467706
S00468,L0023,T04,468,51.412796,0.269241,-4.203656,976.193152,37.313595,67.144089,49.288606,104.03823,0.100136,PASS,96.578175
S00586,L0029,T01,586,48.638722,2.525491,-1.932894,1017.511248,29.271641,73.519957,52.025199,99.107478,0.637971,FAIL,78.841516
S00663,L0033,T02,663,51.928096,1.202618,0.223488,971.782924,42.97969,66.947417,55.030053,93.093441,0.958077,FAIL,69.038999
S00416,L0020,T02,416,50.21152,3.731142,-2.63975,961.802746,35.676587,71.174245,53.674422,91.589643,0.941627,FAIL,67.77327
S00184,L0009,T03,184,52.354421,3.355017,-1.846072,967.116968,15.020116,68.426706,51.81199,95.246179,0.496364,FAIL,83.752638
S00406,L0020,T02,406,48.797848,2.125463,0.138077,957.023566,53.200929,67.352779,54.896544,90.866628,0.982009,FAIL,67.591401
S00605,L0030,T05,605,50.05617,7.470083,-2.213576,941.021815,41.177432,,61.309958,76.739017,0.999981,FAIL,66.666424
S00165,L0008,T04,165,,5.100827,-0.580107,978.294649,13.460366,71.871068,54.384287,86.907519,0.939524,FAIL,69.682376
S00476,L0023,T01,476,43.164609,4.492381,0.209164,1014.048609,37.524629,62.259163,51.178721,99.606371,0.773539,PASS,73.815494
S00090,L0004,T02,90,46.841047,7.190766,0.464371,988.867324,39.726646,67.429621,61.255979,79.419153,0.999976,FAIL,64.587512
S00455,L0022,T01,455,49.423839,5.191252,,1016.888239,29.356158,66.969668,52.033406,98.943429,0.855373,FAIL,72.607313
S00296,L0014,T01,296,47.891857,3.093655,-1.719582,886.68563,46.083898,69.166937,54.437618,93.133332,0.975322,PASS,68.087473
S00330,L0016,T04,330,48.085587,4.584577,-0.838188,959.499319,33.390269,66.817811,56.367248,87.715693,0.994477,FAIL,67.878933
S00498,L0024,T01,498,51.504602,4.346805,-1.969497,966.14217,46.585467,65.70186,57.644592,85.203021,0.998925,FAIL,67.309514
S00078,L0003,T04,78,45.066924,2.69553,-1.116463,1048.654866,41.22164,63.025505,50.217891,103.709208,0.463687,FAIL,86.612119
S00041,L0002,T01,41,48.455815,3.284342,-1.623543,996.835096,38.766955,67.843636,51.321698,97.775779,0.704224,PASS,77.212463
S00096,L0004,T01,96,49.846556,1.995101,-2.027202,986.604532,44.818451,71.051651,51.253076,98.537428,0.637671,FAIL,81.383203
S00484,L0024,T01,484,49.175591,6.066525,-3.849914,1045.120835,52.021146,76.321165,60.569162,80.861684,0.999965,FAIL,63.343167
S00122,L0006,T02,122,49.319209,3.611079,-0.17371,1020.965461,34.378753,71.216499,56.041838,90.472995,0.989536,FAIL,68.134209
S00545,L0027,T05,545,53.04064,4.672038,-1.202677,970.401734,55.882933,67.279138,63.361533,72.654272,0.999994,FAIL,69.07448
S00569,L0028,T01,569,46.713026,5.348942,-2.027921,1011.44084,40.489464,62.1707,54.647454,93.303339,0.989563,FAIL,70.755408
S00086,L0004,T01,86,46.303522,5.768243,-0.145253,1028.314438,24.944533,69.350053,53.017719,95.07588,0.929683,FAIL,67.24353
S00396,L0019,T01,396,51.053558,6.365336,-1.624737,974.255046,18.564378,68.561679,54.882496,89.780149,0.981862,FAIL,67.841333
S00705,L0035,T01,705,49.099482,2.724194,-1.149838,924.378202,34.683925,,73.101787,97.605532,0.711162,FAIL,76.940477
S00121,L0006,T03,121,48.700279,4.958677,-2.440929,998.452671,36.297651,69.513937,53.918243,95.248003,0.972411,FAIL,65.505437
S00159,L0007,T01,159,50.645075,5.588043,,966.439913,34.001133,62.548255,59.178275,82.597483,0.999639,FAIL,66.801427
S00512,L0025,T02,512,51.162959,4.124327,-2.061321,1016.761301,45.893973,71.555501,57.070466,87.00139,0.998047,FAIL,66.272095
S00211,L0010,T02,211,50.929265,2.618719,-0.106503,1031.418475,27.940382,67.080949,55.900551,89.398808,0.974309,FAIL,65.82928
S00024,L0001,T01,24,51.811989,1.826288,-2.167669,964.481436,38.060495,63.665105,52.324283,99.870603,0.726032,FAIL,78.275551
S00489,L0024,T02,489,47.305311,1.921486,-0.320326,971.778296,52.916901,66.20282,52.358413,100.774902,0.86551,FAIL,71.988965
S00596,L0029,T02,596,48.306592,0.539672,-0.966098,993.730718,46.460011,64.867083,50.735656,103.170312,0.398116,PASS,87.348721
S00535,L0026,T01,535,46.596519,3.323253,-0.642683,1025.524695,4.913192,57.773864,44.743474,111.544139,0.442977,PASS,85.88094
S00285,L0014,T04,285,49.885736,3.231887,-1.651433,975.792254,42.623875,65.687501,55.988376,87.746299,0.991751,FAIL,69.290432
S00103,L0005,T01,103,51.45801,6.410617,-2.117522,975.388278,16.492387,67.21638,55.129694,91.341914,0.983627,FAIL,67.701414
S00000,L0000,T03,0,48.474763,4.033265,-0.601443,1042.472837,26.39299,63.385726,52.043796,98.186327,0.750564,FAIL,74.890808
S00314,L0015,T01,314,50.460717,5.638689,0.073825,1018.262768,25.518274,65.644346,56.399035,86.581356,0.994832,FAIL,65.504873
S00390,L0019,T01,390,49.004111,3.679482,-0.248568,1036.199616,,67.870063,54.860426,94.320449,0.984303,FAIL,69.251404
S00518,L0025,T01,518,51.567189,5.83372,-0.580432,1019.452904,30.297671,60.475956,58.761982,84.725928,0.999448,FAIL,65.216949
S00652,L0032,T03,652,49.585724,2.179806,-4.30929,993.187522,59.80635,66.762311,50.547282,97.934722,0.712609,FAIL,78.25352
S00730,L0036,T04,730,50.312488,6.413869,-2.256778,964.177418,45.880374,68.777762,62.043523,74.19896,0.999987,FAIL,68.331368
S00636,L0031,T03,636,48.278983,7.223714,-0.543607,999.844689,33.889822,68.23352,58.664411,82.269443,0.999738,FAIL,66.804112
S00533,L0026,T05,533,47.267367,4.03751,-2.78061,911.430234,40.933228,72.803918,51.197647,97.406209,0.773175,FAIL,71.699669
S00108,L0005,T04,108,50.12831,8.838934,-0.489462,938.012899,53.830477,70.703542,72.814997,55.713404,1.0,FAIL,66.326126
S00594,L0029,T01,594,50.200346,3.279074,-0.902277,1002.798285,38.940365,67.101299,55.21571,91.911102,0.981834,FAIL,69.349264
S00040,L0002,T04,40,53.196469,3.285227,-1.18031,981.012187,54.367143,75.088019,61.467253,74.284998,0.999947,FAIL,68.075392
S00443,L0022,T03,443,51.950227,7.702586,-0.921912,1016.650469,49.944114,57.628966,68.896747,63.617058,1.0,FAIL,66.247483
S00181,L0009,T02,181,49.348707,5.910281,-1.571164,990.085892,34.414297,68.766241,57.555163,88.606393,0.998884,FAIL,68.067262
S00643,L0032,T05,643,,5.810971,0.984261,952.787038,32.707898,70.566687,55.860006,86.434206,0.995042,FAIL,68.994317
S00680,L0034,T01,680,54.718483,3.792238,-1.730129,1033.012018,21.949099,68.100584,56.549069,88.984262,0.987295,FAIL,66.056779
S00655,L0032,T01,655,48.572451,6.647982,0.381477,938.31042,37.497842,70.201079,59.47461,81.201464,0.999854,FAIL,66.438371
S00629,L0031,T03,629,48.352624,4.513101,-0.850312,1005.995698,22.329352,68.097398,51.463024,95.503335,0.65236,FAIL,78.274003
S00198,L0009,T01,198,51.302289,7.167017,-1.403659,964.90847,42.277226,67.145851,64.095483,71.523767,0.999998,FAIL,65.120626
S00163,L0008,T02,163,50.351623,3.149992,-3.558138,981.636233,39.124165,67.116987,51.078029,98.180673,0.652886,FAIL,75.102143
S00308,L0015,T02,308,53.481496,6.396132,0.152708,1049.669878,33.841178,71.067988,64.02493,71.736635,0.999995,FAIL,67.473575
S00654,L0032,T02,654,51.226952,5.262077,-1.803872,1011.004861,26.525037,71.48678,56.660256,88.787167,0.995298,FAIL,66.065773
S00758,L0037,T03,758,51.702884,3.853904,-0.769506,1013.469197,60.448757,66.006241,60.129274,81.120313,0.999914,FAIL,67.961967
S00142,L0007,T01,142,48.681332,3.882389,-0.341804,895.88499,43.330381,66.343665,56.048796,90.936421,0.994344,FAIL,67.895948
S00650,L0032,T05,650,51.087849,4.394124,-0.911781,1072.819194,43.913781,63.125154,56.897276,86.525224,0.997785,FAIL,64.659684
S00143,L0007,T01,143,52.120882,2.996389,-0.481359,1057.646572,46.743682,67.554227,56.616511,89.303421,0.995559,FAIL,69.402732
S00431,L0021,T04,431,46.459513,3.412951,-3.175774,948.998471,39.756126,,50.519281,100.313611,0.583666,FAIL,80.278341
S00439,L0021,T01,439,44.930201,5.674356,-1.368901,1045.781714,51.853034,67.258217,56.299666,88.280563,0.998701,FAIL,66.263831
S00366,L0018,T05,366,51.781597,6.875031,-1.100219,944.621205,10.227051,72.213592,53.813105,90.643514,0.948178,FAIL,67.878898
S00661,L0033,T04,661,50.421721,3.579205,0.351841,961.074503,,682.51523,57.754791,87.964693,0.997094,FAIL,66.627039
S00266,L0013,T01,266,50.599822,1.817153,-1.604431,934.368028,29.187416,68.218263,51.190299,96.147341,0.395384,PASS,88.68897
S00189,L0009,T01,189,49.942382,3.946325,-4.664449,932.470996,39.623995,69.76571,51.863145,94.071877,0.838307,FAIL,75.412199
S00240,L0012,T01,240,50.133231,2.691244,-3.794681,1062.510137,23.325447,66.682416,47.659979,107.363899,0.13776,PASS,94.360559
S00300,L0015,T01,300,49.808762,4.61416,-1.846672,1028.356299,49.242814,63.461222,58.403847,82.985391,0.999551,FAIL,65.86335
S00559,L0027,T03,559,51.015553,4.73904,-2.807585,1011.548097,60.133658,70.529654,60.482695,79.915946,0.999956,FAIL,65.646836
S00066,L0003,T01,66,50.11145,4.43806,-0.550339,1020.61208,50.026921,66.858361,60.550278,77.64481,0.999916,FAIL,69.787452
S00470,L0023,T01,470,47.820594,3.542669,-2.994556,955.343537,41.764444,71.470355,50.835395,100.463391,0.681258,FAIL,75.832495
S00427,L0021,T02,427,46.286228,5.01528,-0.483797,1011.792819,56.169831,71.205391,59.202175,80.577079,0.999865,FAIL,66.180274
S00049,L0002,T04,49,513.11381,3.589087,-1.046569,918.161966,17.637641,70.553989,60.763031,91.771139,0.883117,FAIL,70.260915
S00094,L0004,T02,94,48.645129,6.694521,0.474266,1035.164175,28.412494,,57.847181,86.972906,0.999136,FAIL,66.978111
S00176,L0008,T02,176,46.18154,3.031115,,943.247233,22.889465,69.696459,49.037763,99.399551,0.124895,PASS,92.836969
S00060,L0003,T01,60,54.986044,1.471174,-1.398986,948.958559,12.045151,66.379442,54.107688,88.817983,0.692251,FAIL,74.917009
S00113,L0005,T02,113,51.942708,1.411483,-1.660303,953.929978,36.049184,68.7748,52.812078,95.066054,0.744128,FAIL,73.303989
S00372,L0018,T02,372,51.671504,6.682787,-0.669934,924.915453,22.334776,64.526368,58.408751,82.73483,0.999226,FAIL,67.704581
S00644,L0032,T03,644,47.946334,4.613489,-0.606205,965.601272,35.515849,67.845354,53.524449,95.169606,0.954739,FAIL,69.862767
S00794,L0039,T01,794,52.933716,2.270488,-1.601835,1051.88031,56.182082,68.474154,55.510506,88.745446,0.991165,FAIL,65.500663
S00301,L0015,T02,301,52.373886,3.692656,-1.404251,972.794851,33.865582,67.639759,57.639906,88.766392,0.997089,FAIL,67.204079
S00765,L0038,T01,765,44.095696,3.341525,-4.167172,953.847203,24.994951,64.446233,43.211195,117.172643,0.891819,FAIL,73.49533
S00157,L0007,T01,157,53.299074,5.526379,-1.247067,945.107926,38.460319,66.975958,62.238678,76.182971,0.999975,FAIL,65.188762
S00018,L0000,T03,18,46.870781,6.064547,1.302507,1044.175931,44.036981,66.58527,60.076506,81.826591,0.999918,FAIL,66.60137
S00259,L0012,T01,259,49.93529,2.721616,-1.080846,977.208582,65.779422,66.604327,56.565213,89.123877,0.998157,FAIL,65.399698
S00475,L0023,T03,475,46.875805,5.479174,0.818407,922.353899,37.475465,66.795097,56.623614,86.748244,0.99759,FAIL,65.314757
S00387,L0019,T05,387,47.424358,4.132766,-2.295009,898.603599,49.912252,68.082148,53.789818,96.411765,0.978892,FAIL,66.642382
S00748,L0037,T05,748,48.540136,2.768569,-1.975067,989.744225,31.307594,69.912298,49.152378,102.901405,0.180891,PASS,90.948482
S00140,L0007,T01,140,50.105461,2.025365,-2.853961,1003.249938,17.516873,75.662434,48.706137,101.755277,0.049254,PASS,99.327518
S00016,L0000,T02,16,50.51948,7.138939,-1.013875,1029.168037,47.000848,66.48379,66.070403,68.294524,1.0,FAIL,69.038799
S00282,L0014,T02,282,52.594454,4.045072,-1.481216,1013.834717,28.488505,62.503895,57.665254,88.077782,0.996729,FAIL,66.086712
S00428,L0021,T01,428,50.264205,4.289439,-0.435331,978.900449,41.354813,70.020035,57.227267,83.238049,0.997947,FAIL,68.249904
S00059,L0002,T02,59,53.306748,1.370819,0.333732,918.63254,26.987924,70.636492,55.770594,86.708038,0.948714,PASS,70.544999
S00149,L0007,T01,149,49.65792,3.880402,-0.816005,1052.302817,30.457478,64.996451,54.220662,93.061775,0.952478,FAIL,68.354629
S00521,L0026,T02,521,52.544175,3.73824,-0.262118,1015.58295,39.115912,61.373575,61.023455,77.246984,0.999857,FAIL,68.557125
S00381,L0019,T02,381,50.212446,4.566721,-0.154717,963.060485,44.482907,68.959381,59.171381,78.516807,0.999677,FAIL,66.208094
S00281,L0014,T01,281,47.599955,3.942443,-4.276603,932.583236,27.821612,71.790541,49.139465,104.338819,0.234309,PASS,91.145178
S00116,L0005,T02,116,49.388995,1.625457,-1.847251,999.061236,211.69835,61.721992,49.375105,104.734146,0.082859,PASS,94.727382
S00614,L0030,T02,614,51.712755,3.591689,-1.144667,1017.446211,35.005564,70.466565,57.33407,88.695424,0.996348,FAIL,68.704112
S00146,L0007,T01,146,53.312716,2.28997,-2.238076,1011.178099,,73.833181,53.216562,93.430737,0.745716,PASS,73.875175
S00217,L0010,T04,217,48.751067,7.268829,-1.185876,979.86385,27.973757,65.252431,58.031936,85.434259,0.99941,FAIL,65.685951
S00388,L0019,T01,388,49.829146,1.828951,-0.848558,976.374645,33.279152,64.722398,52.165532,96.615508,0.642403,FAIL,76.316559
S00778,L0038,T01,778,48.989694,,-1.04916,1011.315268,22.733878,66.21581,53.871681,92.109376,0.966301,FAIL,67.422203
S00505,L0025,T04,505,47.805101,0.137969,-1.719494,960.772848,56.062913,74.210302,46.82521,108.095977,0.374111,FAIL,87.300676
S00791,L0039,T02,791,51.661264,4.663104,-2.618198,,24.005644,63.972047,55.172608,88.179278,0.977175,FAIL,68.27026
S00646,L0032,T01,646,50.066983,8.144952,0.33027,975.943472,53.44596,67.997535,70.098674,61.27853,1.0,FAIL,68.58622
S00635,L0031,T01,635,48.932701,5.897747,-2.822678,979.917036,50.224526,65.241884,60.212386,80.76999,0.999944,FAIL,68.499029
S00773,L0038,T01,773,48.850223,4.970696,-2.659468,961.441219,44.725406,70.26142,56.459335,86.255729,0.997681,FAIL,67.113519
S00264,L0013,T01,264,51.784168,3.980953,-0.754238,987.810622,35.809627,68.711993,57.044132,86.560722,0.996302,FAIL,67.086904
S00305,L0015,T04,305,51.337727,0.886803,-0.893526,1027.3789,32.433574,64.32172,53.146158,95.865433,0.710915,FAIL,75.441004
S00790,L0039,T05,790,50.767263,6.431882,-1.145864,954.831045,26.818851,69.382006,55.728549,88.921567,0.994247,FAIL,65.731774
S00340,L0017,T01,340,50.562879,3.192297,-3.076029,1021.663686,30.598373,70.529461,52.427131,95.700731,0.779224,FAIL,72.959227
S00463,L0023,T01,463,48.685135,1.923663,-0.807919,980.301945,17.003574,63.519939,49.136519,106.090455,0.06357,PASS,96.522714
S00670,L0033,T03,670,49.087234,3.157439,-1.391489,909.707239,47.180345,68.142619,53.517072,95.137827,0.953886,FAIL,64.763352
S00552,L0027,T01,552,52.022346,5.528498,-2.949446,888.664314,42.921453,65.947719,58.139899,85.644867,0.99948,FAIL,64.099449
S00229,L0011,T01,229,53.207517,8.583494,-0.608745,1008.055016,31.479661,,64.408147,71.441393,0.999998,FAIL,68.707833
S00386,L0019,T05,386,49.805977,,-0.83918,1013.293306,23.598142,67.229517,51.81297,98.16931,0.701572,FAIL,75.068019
S00727,L0036,T04,727,48.491885,4.696833,-0.855856,947.788433,55.700628,62.035873,60.755135,83.065258,0.999954,FAIL,67.309906
S00057,L0002,T02,57,46.737791,4.324222,-2.077871,962.230995,37.676248,66.625523,51.73156,98.221086,0.832485,FAIL,70.108565
S00465,L0023,T01,465,46.310905,3.980765,-1.920743,969.856361,40.865958,70.454883,52.047727,95.191932,0.867284,FAIL,72.206362
S00371,L0018,T01,371,49.951548,,-0.124391,986.340574,48.084503,66.82921,57.755279,82.470501,0.998828,FAIL,66.015078
S00469,L0023,T03,469,53.746967,6.627027,-1.340085,990.265643,43.738708,66.677555,64.682426,71.555157,0.999998,FAIL,65.037155
S00337,L0016,T03,337,48.258765,3.741421,-1.699772,960.403792,33.906034,67.817386,53.14784,93.998873,0.906085,FAIL,68.576362
S00648,L0032,T03,648,52.119092,2.503626,-0.945763,960.424707,40.391996,75.327316,55.570054,89.778047,0.982088,FAIL,67.488458
S00576,L0028,T02,576,50.99222,3.350419,-3.882636,921.280828,39.021683,64.46727,53.97969,90.342018,0.954246,FAIL,67.512514
S00123,L0006,T02,123,47.778791,3.847884,-0.356868,994.260199,67.336059,63.32607,59.489317,83.304959,0.999902,FAIL,80.723134
S00265,L0013,T03,265,47.869238,5.321354,-1.961244,1013.52328,30.27281,67.790583,52.072867,97.775598,0.871905,FAIL,73.105885
S00309,L0015,T02,309,46.850807,3.81487,-1.863752,1015.112826,35.767195,69.892977,51.327443,97.696025,0.720278,FAIL,78.606494
S00054,L0002,T01,54,51.740238,2.456045,-0.319729,984.402378,28.754788,64.311375,54.489222,92.49171,0.922593,FAIL,68.96421
S00665,L0033,T04,665,50.147408,4.95685,-1.426232,1039.795195,26.296762,68.387952,55.692817,87.92587,0.988239,FAIL,66.507506
S00762,L0038,T01,762,49.598277,3.725438,-0.315651,1007.374692,38.650567,69.35291,55.292388,89.686364,0.985743,FAIL,68.925494
S00653,L0032,T02,653,46.759483,5.070307,-1.103653,966.88414,9.352018,65.49202,47.600217,108.908679,0.184798,PASS,92.302732
S00711,L0035,T03,711,54.919003,5.247578,-4.146021,1009.732752,40.86276,74.070355,59.310385,80.0826,0.999741,FAIL,66.763418
S00017,L0000,T05,17,45.178511,2.608058,0.857276,1014.350442,30.674447,70.356572,48.080864,108.768244,0.141368,PASS,94.911077
S00098,L0004,T03,98,46.127236,,-0.963299,1006.441377,40.130524,70.943157,52.135123,96.414664,0.871196,FAIL,71.3121
S00148,L0007,T03,148,48.542128,8.476108,,844.96095,33.37762,64.325183,60.236403,80.950331,0.999956,FAIL,68.224557
S00539,L0026,T02,539,52.447423,8.295006,-0.735008,965.776539,13.904232,70.159752,58.200672,82.950985,0.999296,FAIL,66.686767
S00420,L0021,T05,420,51.61548,6.109153,-0.601023,1028.766609,39.582858,62.917363,59.674119,86.337077,0.999859,FAIL,66.913624
S00044,L0002,T01,44,49.258402,2.387289,-1.113939,1008.571512,25.265219,65.41424,50.359509,103.834296,0.259508,PASS,89.8423
S00526,L0026,T05,526,49.611371,5.077464,-1.862628,964.096711,67.646397,69.596083,63.420365,75.144652,0.999998,FAIL,69.036219
S00202,L0010,T02,202,49.65519,5.995488,-1.777279,1029.753956,39.747775,67.682489,58.140277,84.182806,0.999498,FAIL,67.80759
S00341,L0017,T02,341,51.241624,4.653673,0.208731,,21.781545,64.943777,57.442929,87.628685,0.995707,FAIL,67.078752
S00795,L0039,T01,795,48.105747,6.038757,-0.402131,984.60768,40.287772,68.385539,58.750163,81.327952,0.999707,FAIL,67.121462
S00319,L0015,T01,319,49.752667,4.144687,-2.855029,,34.889647,66.771905,53.832356,93.486514,0.954779,FAIL,67.075074
S00262,L0013,T01,262,51.73536,2.378752,-1.636433,940.043443,45.106742,70.449932,55.718021,88.634699,0.986949,FAIL,67.031803
S00415,L0020,T01,415,44.522328,5.531533,-0.91425,1054.389332,27.367335,60.904726,49.807246,98.760842,0.510046,PASS,81.318742
S00008,L0000,T01,8,47.821956,7.184249,0.289503,935.847111,56.153716,67.835302,65.950497,66.229533,1.0,FAIL,67.298768
S00568,L0028,T01,568,50.098319,6.277081,-1.193354,1036.079776,31.376903,66.021588,58.652618,81.08092,0.999535,FAIL,66.900205
S00615,L0030,T02,615,49.777831,7.367284,-1.07627,1039.97297,21.512079,66.679507,56.529741,86.61559,0.997328,FAIL,70.934749
S00408,L0020,T01,408,49.687016,1.75225,-2.469244,1023.564623,55.679337,64.679701,51.739686,98.296516,0.808861,FAIL,71.68718
S00471,L0023,T01,471,49.603264,0.068229,0.440243,966.085128,43.39958,64.085524,50.180449,102.168714,0.224791,PASS,92.155459
S00332,L0016,T03,332,46.013651,5.326451,-2.254341,1080.887753,45.528475,75.236798,53.831382,90.775481,0.984724,FAIL,68.816824
S00045,L0002,T01,45,52.82829,1.857528,-2.454104,968.689441,30.259151,67.197466,52.649605,94.674312,0.694199,FAIL,80.408432
S00271,L0013,T01,271,49.926916,1.188763,-2.700576,1019.00092,46.406719,60.948332,49.63194,104.41115,0.267541,PASS,92.128321
S00793,L0039,T01,793,51.191487,3.184596,-2.4619,991.880438,53.799398,73.658289,57.951051,84.744739,0.999045,FAIL,66.914874
S00672,L0033,T03,672,48.223113,3.897974,-1.29083,,28.105011,69.765981,50.943373,95.591622,0.563299,PASS,82.061434
S00642,L0032,T03,642,53.835405,4.339849,-1.345819,1047.817519,23.566812,72.990879,56.699484,84.839889,0.991908,FAIL,67.00561
S00562,L0028,T01,562,49.95624,1.973483,-0.22593,1004.433985,50.38045,66.079527,54.36133,94.92452,0.966041,FAIL,67.719502
S00450,L0022,T01,450,51.106844,2.9434,-0.653052,994.87658,39.41407,75.439097,56.625403,83.724182,0.993258,FAIL,66.337654
S00697,L0034,T03,697,47.878103,2.534221,-0.915949,936.013054,48.378545,69.590842,52.136101,95.50236,0.846849,FAIL,71.928267
S00280,L0014,T01,280,51.470638,4.986183,-2.323716,962.292623,13.561921,73.088102,51.373506,98.47774,0.571627,FAIL,80.553592
S00151,L0007,T03,151,50.678294,3.581811,-1.52211,1011.092947,63.385232,67.485784,59.618498,80.664589,0.999876,FAIL,68.260607
S00565,L0028,T01,565,49.207243,3.468269,-2.189191,982.134069,43.38816,67.298842,54.369221,89.195083,0.97448,FAIL,67.626989
S00724,L0036,T02,724,50.840777,4.322899,-1.031693,994.757763,41.041158,65.714932,58.496738,83.741841,0.999254,FAIL,68.949643
S00577,L0028,T01,577,49.981226,5.882397,-1.381825,964.784602,45.798069,70.988071,60.540579,80.079663,0.999944,FAIL,63.911411
S00555,L0027,T01,555,51.939832,3.643973,-2.742561,946.77868,46.554598,66.354662,56.337852,88.067007,0.995809,FAIL,67.252338
S00599,L0029,T02,599,48.835493,5.275071,-2.59123,1027.441214,36.176752,69.697106,56.21649,86.897258,0.996076,FAIL,65.921533
S00032,L0001,T05,32,53.094814,5.31109,-2.003294,936.960799,19.214108,73.351919,53.620607,91.434492,0.927119,FAIL,67.311626
S00632,L0031,T04,632,49.740276,4.35046,0.189153,1004.154252,48.175906,596.40426,59.783494,84.34607,0.999822,FAIL,66.288679
S00064,L0003,T01,64,49.995716,5.458649,-1.012634,1062.046901,48.106084,66.994017,60.993466,78.148121,0.999959,FAIL,66.211542
S00029,L0001,T05,29,48.120692,2.155153,-1.506494,1049.008003,40.668565,60.841327,49.035826,103.51646,0.20347,PASS,90.815679
S00084,L0004,T02,84,,3.002489,-3.342837,987.733369,34.101019,65.277809,54.647748,91.20776,0.958706,FAIL,66.638286
S00546,L0027,T01,546,52.606503,5.200976,-1.883032,1083.400111,32.863379,73.590124,57.451139,83.581189,0.998183,FAIL,70.067939
S00583,L0029,T01,583,53.224527,2.68081,-0.938623,971.142058,53.219726,,59.173297,86.544044,0.999535,FAIL,67.571855
S00070,L0003,T01,70,48.888336,3.406325,-0.585387,949.048233,45.558009,73.825827,54.557459,90.173168,0.979856,FAIL,67.989375
S00178,L0008,T01,178,51.150597,4.3141,-0.814943,1010.997331,62.325439,68.626595,61.763828,77.548917,0.999983,FAIL,67.080291
S00514,L0025,T03,514,49.054555,1.689709,-2.150505,948.912974,55.600279,70.710176,50.292574,101.421838,0.562778,FAIL,80.195391
S00005,L0000,T02,5,52.345838,5.792596,-2.751464,1014.194074,34.269788,76.128543,59.817708,77.131511,0.999806,FAIL,68.996867
S00757,L0037,T04,757,50.495083,4.120781,-1.318996,1027.524301,38.666308,69.555809,57.66099,83.419188,0.998185,FAIL,67.836713
S00609,L0030,T01,609,50.751724,5.136679,-2.737228,936.226488,46.825343,62.005077,59.024445,86.175491,0.999753,FAIL,65.046603
S00668,L0033,T01,668,45.604504,6.907032,-2.263004,987.854719,48.739338,67.785619,58.76659,85.243217,0.999877,FAIL,65.629612
S00402,L0020,T01,402,49.090498,2.462199,-1.515456,1081.568613,,66.357636,50.284896,97.910297,0.224386,FAIL,92.328044
S00219,L0010,T01,219,51.553558,3.963493,-1.843463,1024.130579,28.086769,67.605016,55.938804,88.412199,0.986338,FAIL,65.589813
S00651,L0032,T01,651,49.799024,5.631567,-0.9941,992.108265,35.574535,78.36661,57.805256,81.792673,0.999028,FAIL,67.696205
S00784,L0039,T02,784,48.572612,4.608789,-2.647653,966.469604,23.170175,69.136997,50.971607,101.385348,0.580688,FAIL,80.423285
S00145,L0007,T01,145,50.375815,3.317093,-1.747951,986.948694,45.527144,66.128813,55.447401,90.913375,0.989591,FAIL,68.935922
S00380,L0019,T01,380,54.96451,3.891423,0.562984,,47.500992,67.887879,64.673642,74.543822,0.999995,FAIL,66.584419
S00133,L0006,T01,133,51.787483,2.896111,-1.965334,993.587766,21.59117,70.189757,52.979181,96.748265,0.745378,PASS,74.379638
S00062,L0003,T01,62,50.600555,5.216697,-0.94056,991.782733,51.363387,64.987048,62.784303,73.45472,0.999991,FAIL,68.723391
S00364,L0018,T03,364,54.928508,3.943016,-2.312017,922.958809,40.301583,73.819607,59.922654,81.253979,0.999705,FAIL,67.380092
S00602,L0030,T03,602,48.360499,5.005362,-2.131236,955.821305,46.637204,71.30597,56.123031,91.342131,0.997311,FAIL,70.444542
S00671,L0033,T01,671,52.409681,2.881768,-1.377827,929.296459,54.926092,62.001368,58.477953,84.16834,0.999325,FAIL,70.656929
S00660,L0033,T05,660,48.254054,3.671844,-3.143344,804.006053,32.001915,63.635293,49.267967,105.8376,0.274245,FAIL,91.990397
S00167,L0008,T01,167,50.310603,1.083273,-0.817031,971.649499,27.378284,69.066996,50.17536,100.716283,0.1589,PASS,95.158283
S00072,L0003,T01,72,50.418817,4.351457,-1.310415,978.856845,35.985062,72.995832,56.986972,84.583764,0.996753,FAIL,67.873988
S00634,L0031,T03,634,50.868571,2.997182,-1.444273,980.914539,26.847054,64.828049,52.487583,96.374663,0.734073,FAIL,73.877042
S00634,L0031,T03,634,50.868571,2.997182,-1.444273,980.914539,26.847054,64.828049,52.487583,96.374663,0.734073,FAIL,73.877042
S00212,L0010,T01,212,54.237299,4.981117,-1.169143,,47.467092,64.036533,64.345972,70.029429,0.999996,FAIL,65.366938
S00246,L0012,T01,246,51.264748,1.620071,0.069196,970.929549,19.345641,70.469764,52.416269,95.968922,0.481523,PASS,82.428959
S00739,L0036,T02,739,50.913316,4.047538,-2.108413,1015.672119,29.974585,70.83541,54.629329,90.942311,0.966865,FAIL,67.35373
S00001,L0000,T03,1,49.584826,3.975327,-3.052484,960.49238,45.957316,,53.461851,94.338216,0.963946,FAIL,68.943612
S00759,L0037,T01,759,50.347829,3.623758,-3.192541,1035.30099,46.772898,65.863054,54.534205,93.590101,0.982546,FAIL,66.361932
S00076,L0003,T01,76,48.94661,3.765255,-0.542368,944.858085,44.574533,63.836899,56.113507,88.412024,0.994711,FAIL,66.849597
S00075,L0003,T01,75,48.17014,5.897433,-2.363933,1030.54963,19.757315,70.805976,51.327562,98.253159,0.731559,FAIL,73.799633
S00268,L0013,T01,268,51.210438,,-0.64233,944.005164,29.142495,65.64264,58.046363,85.343662,0.999218,FAIL,65.531513
S00071,L0003,T01,71,50.232785,1.724798,-0.870083,1022.989015,25.089449,71.012765,51.224342,94.306196,0.339741,PASS,90.061897
S00221,L0011,T04,221,54.013819,6.412044,-3.865632,873.42854,20.973616,66.275069,56.30955,85.99549,0.994967,FAIL,65.416176
S00013,L0000,T02,13,49.590807,5.903419,0.2586,1044.420235,28.097443,64.688358,58.153581,83.164521,0.999018,FAIL,66.255883
S00449,L0022,T03,449,51.400291,5.788584,-2.579966,1019.210874,46.293394,73.299683,59.925807,80.646565,0.999908,FAIL,69.343782
S00351,L0017,T02,351,47.720296,4.123735,-1.397757,942.356943,39.347749,67.091041,53.978497,94.340087,0.967786,FAIL,68.814421
S00377,L0018,T01,377,50.086938,4.514808,-1.963315,940.571588,16.859937,72.832247,50.997618,95.85431,0.489265,FAIL,82.615058
S00704,L0035,T01,704,48.309212,3.487567,0.359413,1088.304544,44.877149,66.672202,55.346585,88.70294,0.989174,FAIL,66.603428
S00046,L0002,T01,46,48.882281,,0.44557,915.047172,40.637342,66.894605,56.041101,87.322705,0.993291,FAIL,69.866226
S00478,L0023,T01,478,47.574115,7.080934,-0.765426,1041.388959,41.563679,70.077074,58.810115,79.356897,0.999837,FAIL,69.111085
S00561,L0028,T05,561,49.898681,1.267668,-2.160123,968.855529,,67.580926,49.011582,100.379694,0.088,PASS,97.799743
S00383,L0019,T01,383,47.634094,5.880677,-0.971576,931.014023,33.502956,63.890314,54.282956,91.855387,0.983942,FAIL,68.53738
S00261,L0013,T05,261,49.238206,5.222168,-2.108107,1024.004094,23.571936,65.274261,50.141694,101.610121,0.489948,PASS,84.104626
S00508,L0025,T02,508,51.470117,2.140798,-1.929468,1052.236666,51.336618,58.917014,56.768089,90.273783,0.99551,FAIL,65.359238
S00097,L0004,T03,97,47.246313,104.12517,-0.18136,991.595399,18.104112,63.418021,54.684842,92.873071,0.996422,FAIL,65.07539
S00627,L0031,T04,627,50.119542,6.312176,1.270797,1049.601863,34.696031,75.143259,63.076894,72.913542,0.999989,FAIL,66.428
S00275,L0013,T04,275,49.038436,2.017976,-3.343365,1030.959568,54.382326,69.311058,50.113242,102.20849,0.547286,PASS,84.606839
S00279,L0013,T01,279,50.267847,1.795993,-2.599315,961.609477,32.193621,62.65697,49.607023,103.263903,0.177185,PASS,96.310451
S00318,L0015,T01,318,49.615507,2.689058,-1.310035,915.989956,7.243802,72.714206,50.257563,99.140155,0.120738,PASS,94.412738
S00191,L0009,T01,191,50.151188,4.791099,-0.652994,980.91018,54.78162,71.040932,60.731482,80.270356,0.999952,FAIL,64.625181
S00753,L0037,T01,753,50.421819,4.321003,-1.739355,932.427732,33.418418,63.371733,54.502574,92.327982,0.972999,FAIL,67.931409
S00362,L0018,T03,362,49.373004,5.757504,-1.689065,902.002685,45.319673,,58.654339,82.123225,0.999727,FAIL,65.928853
S00550,L0027,T03,550,51.861278,4.155904,-2.49066,1027.58071,31.052211,64.420576,53.592053,94.796985,0.934114,FAIL,69.830562
S00580,L0029,T01,580,51.222209,2.854472,-1.991602,1028.429881,25.395726,69.819146,52.902068,94.531351,0.769046,FAIL,74.798515
S00393,L0019,T01,393,51.594177,7.483781,0.351586,882.344114,42.98725,66.161663,65.203001,71.22507,0.999999,FAIL,67.087263
S00744,L0037,T02,744,52.569496,6.780136,-0.013032,963.391092,43.491059,68.257136,67.390167,68.156524,1.0,FAIL,66.706069
S00208,L0010,T01,208,52.164136,5.518106,1.093516,1040.844032,41.857275,65.368124,63.5222,70.918704,0.999993,FAIL,66.392865
S00077,L0003,T04,77,47.797218,4.844423,-1.99017,1010.164122,66.75282,68.324658,61.739837,76.155937,0.999989,FAIL,68.55855
S00237,L0011,T02,237,54.995553,5.787607,-2.995641,972.864451,34.516402,67.287206,61.286499,78.126029,0.999941,FAIL,66.055642
S00710,L0035,T01,710,50.026425,6.51751,-1.489719,1020.614484,37.165066,70.266616,58.585648,85.164913,0.99968,FAIL,66.851877
S00188,L0009,T02,188,51.32323,5.26326,-1.499081,992.969455,44.729122,63.932037,62.400318,73.252008,0.999982,FAIL,67.107016
S00224,L0011,T03,224,52.376718,9.840971,-2.580556,972.426823,49.851011,72.321544,71.457868,55.917028,1.0,FAIL,66.565658
S00136,L0006,T02,136,51.131505,3.043399,-1.000828,992.280706,36.100798,66.262959,55.863583,86.415339,0.98588,FAIL,67.095446
S00740,L0037,T01,740,46.77559,4.258801,-3.104184,996.416372,30.372823,69.17254,48.978897,99.661334,0.2631,PASS,88.958301
S00761,L0038,T01,761,51.396362,5.597231,0.299842,1030.788739,18.850954,72.076451,56.930783,88.259968,0.995034,FAIL,64.119689
S00034,L0001,T01,34,50.362931,1.930248,-0.858328,933.028357,41.859799,65.442492,53.728189,95.253426,0.913208,FAIL,70.281709
S00490,L0024,T01,490,50.833455,4.102425,-0.441848,988.031616,27.679125,66.89571,56.148068,89.961051,0.98887,FAIL,65.71299
S00491,L0024,T05,491,45.141549,6.495918,-1.911971,943.43522,56.620905,71.029166,58.638452,82.433305,0.999894,FAIL,64.325315
S00432,L0021,T01,432,49.162384,5.547455,-0.95302,914.454344,41.937607,65.529092,58.570095,83.471366,0.999614,FAIL,68.092312
S00343,L0017,T01,343,47.071043,3.366856,-1.276617,1000.529493,22.36373,67.039104,49.366605,99.684184,0.173413,PASS,93.778597
S00234,L0011,T01,234,49.970619,2.641262,-1.669105,961.38291,30.973353,67.698379,52.335505,97.681882,0.723223,FAIL,76.873173
S00028,L0001,T01,28,50.661248,5.654427,-0.340423,962.949429,,69.663591,59.745983,81.452843,0.999832,FAIL,69.46736
S00288,L0014,T01,288,47.993703,4.208118,-2.465853,1022.565836,40.831398,67.118723,52.095556,98.655873,0.882449,FAIL,70.809877
S00732,L0036,T01,732,50.951583,2.36805,-3.304265,997.670782,35.138855,74.003769,52.044263,95.168104,0.69713,FAIL,79.546599
S00220,L0011,T03,220,48.601988,5.89794,-0.55524,986.44385,51.003536,64.853256,60.619601,79.281702,0.999961,FAIL,68.631398
S00233,L0011,T04,233,50.137989,1.136055,-2.672716,1035.726055,37.58891,67.010156,51.613191,99.472062,0.517285,PASS,82.522631
S00283,L0014,T01,283,48.397239,3.780598,-0.985019,1000.583976,42.074179,70.052039,54.206067,91.464339,0.972886,FAIL,66.887368
S00797,L0039,T02,797,52.609438,7.383907,-0.99232,983.879861,37.715756,62.748326,64.335191,73.132562,0.999998,FAIL,67.362072
S00501,L0025,T04,501,51.301025,5.482647,-1.150163,946.019951,43.41526,67.217646,61.308571,78.148707,0.999959,FAIL,66.613689
S00447,L0022,T03,447,46.20826,1.31775,-2.722507,1004.187028,23.832323,67.510404,44.802628,109.550769,0.465471,PASS,82.68422
S00588,L0029,T05,588,50.367177,0.532216,-1.381748,982.748541,33.325738,69.191736,47.986632,104.37449,0.074682,PASS,99.7
S00369,L0018,T01,369,53.369456,1.188133,-2.324949,1022.430639,37.504327,66.271653,53.68246,91.945916,0.851114,FAIL,68.369543
S00331,L0016,T02,331,49.831651,4.262066,-1.3113,1028.744832,49.521602,76.706526,57.507436,84.576072,0.998939,FAIL,66.447889
S00368,L0018,T01,368,51.075559,1.646917,-1.776036,1020.004859,32.299948,65.893062,52.052879,98.230177,0.589019,PASS,77.80894
S00781,L0039,T02,781,51.281347,7.075714,0.00325,1027.685965,45.35565,67.923337,66.728414,64.618224,1.0,FAIL,68.583717
S00200,L0010,T01,200,52.991811,2.884767,-1.102044,922.077105,56.83798,66.505448,59.821135,77.45829,0.999793,FAIL,68.869627
S00591,L0029,T01,591,50.650683,2.214948,-2.872287,1039.706065,28.199153,72.903155,50.214445,100.516098,0.253361,FAIL,92.263048
S00775,L0038,T02,775,49.838722,4.631374,-0.946883,986.759851,1.881556,62.876133,50.398891,97.065565,0.215298,PASS,90.501248
S00244,L0012,T02,244,49.560275,2.692989,-21.77816,1022.739304,41.005471,67.149485,53.179412,93.489771,0.901204,PASS,70.143656
S00752,L0037,T01,752,53.890252,5.224332,-1.209398,995.110588,38.21355,63.054733,60.604953,77.434869,0.999892,FAIL,68.033587
S00718,L0035,T01,718,46.037836,2.900152,3.134445,991.610202,40.60104,70.343828,53.69952,92.081737,0.936893,FAIL,70.068833
S00182,L0009,T01,182,53.522994,0.65271,0.426011,915.791135,38.557008,,56.283302,87.264031,0.974444,FAIL,66.023339
S00695,L0034,T01,695,51.110165,4.59332,-2.461621,939.31949,29.828523,64.055466,55.349056,89.979137,0.985033,FAIL,68.374076
S00737,L0036,T01,737,43.896364,3.557532,-0.848511,990.835034,27.797628,69.780793,46.591568,109.129521,0.414961,PASS,85.039465
S00241,L0012,T04,241,50.627631,3.250662,-2.248555,932.590915,41.185731,69.365726,56.124056,87.962912,0.992055,FAIL,65.305219
S00567,L0028,T01,567,51.442639,4.691862,-1.546789,931.620289,47.946895,69.972431,59.906946,80.445159,0.99986,FAIL,64.364457
S00358,L0017,T01,358,53.069925,5.28686,-2.367386,977.732207,15.548116,69.918811,53.747863,89.208977,0.919274,FAIL,68.632953
S00771,L0038,T01,771,49.272213,4.667629,-3.052759,1008.767444,,68.820335,55.270334,89.958568,0.986893,FAIL,68.105097
S00009,L0000,T01,9,53.942778,3.775425,-0.072326,1041.650627,16.874717,72.521177,57.329864,84.908935,0.990905,FAIL,65.219703
S00731,L0036,T02,731,51.958584,5.605322,-2.487501,998.225215,78.991995,62.683462,70.282617,62.059665,1.0,FAIL,66.700628
S00011,L0000,T03,11,52.954577,5.382361,-0.550033,936.040928,48.938967,66.529468,64.232197,73.757983,0.999997,FAIL,68.255063
S00798,L0039,T01,798,,6.192013,-0.960193,919.104343,43.850582,,61.241117,78.449065,0.999969,FAIL,66.421088
S00532,L0026,T04,532,50.342234,4.138402,-1.684617,1063.648969,38.164662,68.080272,58.296741,88.03312,0.998886,FAIL,65.786959
S00698,L0034,T01,698,52.387845,7.709082,-1.305226,1044.153306,62.651234,67.616617,72.975365,54.701238,1.0,FAIL,68.701452
S00683,L0034,T02,683,46.694321,2.104735,-1.606229,974.937075,35.805963,63.89247,49.156477,104.187868,0.173882,PASS,91.677251
S00378,L0018,T02,378,47.751574,4.970635,-3.126569,936.651104,41.923918,62.812943,55.094674,89.563025,0.991985,FAIL,68.431307
S00162,L0008,T01,162,50.232196,5.275907,-0.214288,977.229834,29.199399,72.542322,57.110571,87.096922,0.997181,FAIL,65.545603
S00135,L0006,T03,135,47.852207,3.448026,-0.111357,1029.021498,34.490378,63.291568,52.598424,94.564972,0.84907,FAIL,69.66111
S00474,L0023,T01,474,51.470414,8.763989,-3.433642,933.292366,33.656929,61.308353,60.549429,79.361124,0.999971,FAIL,65.911971
S00563,L0028,T03,563,45.350215,6.631053,-0.028222,945.154682,55.889623,68.244665,62.545237,73.342155,0.999995,FAIL,67.625677
S00251,L0012,T02,251,,6.086416,-1.848111,950.055037,23.852436,71.037587,56.92412,86.666462,0.996952,FAIL,64.401689
S00603,L0030,T01,603,49.600459,5.417687,0.533899,1031.362648,58.288067,63.021164,63.743067,73.743212,0.999997,FAIL,67.100087
S00473,L0023,T01,473,50.652808,6.988109,-1.692406,1019.056786,38.521442,70.509574,61.222506,77.183105,0.999971,FAIL,65.55552
S00382,L0019,T01,382,48.254393,3.560362,-1.433078,989.696136,56.065189,62.264872,56.764047,87.912319,0.998162,FAIL,67.857963
S00589,L0029,T01,589,48.4865,5.105357,-2.489872,929.219922,56.494097,72.936282,58.988718,79.849364,0.999849,FAIL,62.518241
S00154,L0007,T01,154,48.987117,6.193291,-2.811072,1000.918468,44.89184,68.196878,59.736784,78.543534,0.999903,FAIL,67.1266
S00600,L0030,T03,600,52.018548,4.216613,-4.155648,983.752661,42.813275,65.150607,55.364141,91.450406,0.991367,FAIL,67.43174
S00529,L0026,T01,529,52.854701,6.343248,-1.790053,971.938733,50.086706,71.457637,68.253372,62.996268,1.0,FAIL,67.03279
S00713,L0035,T05,713,51.917438,7.053443,-0.269455,1000.371822,32.141773,68.960382,61.347375,78.507532,0.999964,FAIL,65.477261
S00536,L0026,T02,536,51.873986,3.644591,-0.220018,892.863331,37.298844,73.514859,58.765436,81.408185,0.998997,FAIL,66.169368
S00706,L0035,T01,706,50.060638,4.10467,-2.634943,942.044531,39.987542,69.282045,55.353754,92.168247,0.989328,FAIL,67.747431
S00410,L0020,T01,410,51.464954,4.708462,-1.624608,983.763674,41.321577,71.130331,59.902585,79.779736,0.999799,FAIL,67.106922
S00429,L0021,T01,429,53.089648,1.116817,-2.774079,1019.046708,46.313079,66.991988,52.092192,96.041187,0.715763,PASS,76.014226
S00458,L0022,T01,458,51.604104,2.246672,-2.563843,1047.054974,31.611495,69.593052,52.719364,96.670766,0.754938,FAIL,75.721426
S00435,L0021,T01,435,48.111994,1.032494,-2.273943,974.917686,42.560218,69.478781,48.51546,102.91222,0.101361,PASS,95.122609
S00674,L0033,T02,674,46.597916,2.061119,-0.745199,993.516432,16.850006,70.288679,46.802863,106.431922,0.143314,PASS,90.498029
S00236,L0011,T05,236,51.63341,3.053205,1.294465,961.175443,32.750074,67.053004,56.32383,88.319032,0.988275,FAIL,65.056538
S00391,L0019,T04,391,49.0032,4.213786,-1.818464,956.878869,36.567513,70.613928,55.916486,86.323568,0.99216,FAIL,67.569612
S00756,L0037,T01,756,44.889116,1.936294,-0.904418,1028.38267,44.076797,72.187038,48.851624,100.958018,0.157998,PASS,92.611912
S00131,L0006,T03,131,48.051241,4.315774,,971.851478,18.402899,66.887113,45.896547,112.130504,0.509254,PASS,79.005323
S00750,L0037,T01,750,46.277543,2.736029,-3.708621,999.208869,33.801941,64.718319,46.830406,107.764583,0.360313,FAIL,86.302413
S00336,L0016,T02,336,52.305136,3.413111,-0.55412,966.999171,34.197407,68.360093,58.182924,82.541593,0.997899,FAIL,68.407073
S00768,L0038,T01,768,50.124804,5.934268,-2.220921,1023.175681,30.307194,71.737682,55.776412,89.50644,0.994282,FAIL,65.193997
S00195,L0009,T02,195,52.050799,7.79234,,1002.112734,46.870235,68.72333,66.885449,65.380531,1.0,FAIL,66.351068
S00689,L0034,T01,689,52.685679,4.24951,-1.581394,1030.415783,34.245099,67.033607,58.389051,83.75519,0.998779,FAIL,66.844514
S00746,L0037,T01,746,51.51749,6.211453,-0.576432,954.95527,29.284482,66.876773,60.403967,80.223274,0.999868,FAIL,68.052059
S00306,L0015,T01,306,46.482028,4.076244,-2.467013,919.697704,41.875543,73.956831,50.834433,100.16999,0.732043,FAIL,75.671241
S00789,L0039,T02,789,48.86672,,-2.111521,956.201292,23.617725,66.815314,53.519289,93.359063,0.950995,FAIL,69.677421
S00373,L0018,T03,373,52.950558,3.52587,-1.595881,963.898097,29.65002,69.782013,56.588159,84.786941,0.990878,FAIL,64.98158
S00073,L0003,T01,73,51.369551,5.70751,-2.387134,986.120329,60.918679,70.365409,64.709451,67.153673,0.999999,FAIL,65.72729
S00058,L0002,T01,58,51.329386,4.867228,0.690341,934.205795,65.093822,69.387284,65.21074,68.138468,0.999999,FAIL,67.5124
S00175,L0008,T01,175,51.142952,8.198755,-1.542945,1025.734111,36.591095,66.203554,63.715118,71.273797,0.999997,FAIL,63.604333
S00353,L0017,T02,353,47.714362,4.826704,-1.579575,1013.099248,47.407739,60.377159,56.617953,87.687947,0.998119,FAIL,67.416864
S00022,L0001,T01,22,43.973173,5.263824,-0.823361,1008.844623,52.49771,68.435786,54.986156,95.307975,0.995701,FAIL,66.303078
S00477,L0023,T01,477,48.849703,5.726887,,938.099686,39.244049,70.455689,54.322272,92.982499,0.987791,FAIL,68.927092
S00068,L0003,T01,68,51.337413,6.368034,-1.761113,990.943633,258.00328,68.979166,64.702341,70.093386,0.999999,FAIL,68.24617
S00224,L0011,T03,224,52.376718,9.840971,-2.580556,972.426823,49.851011,72.321544,71.457868,55.917028,1.0,FAIL,66.565658
S00267,L0013,T01,267,51.477427,9.041405,-2.646531,955.004599,35.300478,63.808158,64.376646,73.734221,0.999999,FAIL,68.208791
S00272,L0013,T03,272,51.72869,5.746228,-0.787907,917.094102,38.310164,69.273134,60.586962,81.115143,0.999914,FAIL,68.258389
S00139,L0006,T02,139,51.826521,7.175209,-1.573174,1008.263434,38.290782,68.050607,62.491725,73.064311,0.99999,FAIL,67.975607
S00106,L0005,T03,106,48.981209,0.281787,0.152583,,24.814607,68.203109,48.21871,104.422859,0.036146,PASS,96.444222
S00511,L0025,T01,511,52.138967,6.191302,0.192724,1026.835272,32.573007,67.766833,61.812838,76.667825,0.999964,FAIL,65.028023
S00777,L0038,T01,777,49.45855,5.771844,-0.632389,942.899608,37.430292,66.15534,57.738327,85.647331,0.99913,FAIL,67.478187
S00192,L0009,T02,192,47.895733,4.521463,-2.779823,917.522112,47.746285,65.414978,53.945776,92.245008,0.982317,FAIL,66.956311
S00091,L0004,T01,91,48.077858,8.246563,-2.180655,977.654382,30.067684,66.613728,57.351449,85.61311,0.999416,FAIL,68.417828
S00436,L0021,T01,436,49.191732,7.632597,-0.227793,1023.638498,56.508052,70.752051,68.132285,63.72509,1.0,FAIL,65.123171
S00186,L0009,T01,186,49.045768,7.079995,-0.787687,951.85809,21.50083,62.433914,54.870226,93.299115,0.988623,FAIL,67.397226
S00141,L0007,T03,141,51.034258,6.010503,,920.707545,18.899731,72.511023,54.798682,90.040463,0.977755,FAIL,67.600087
S00169,L0008,T03,169,49.643191,3.343992,-0.712511,961.038416,52.027068,68.207071,55.809018,90.377222,0.994587,FAIL,65.141496
S00745,L0037,T04,745,48.808992,5.693748,-2.225121,1045.524634,34.981634,72.473834,58.361107,81.298068,0.999374,FAIL,70.147771
S00578,L0028,T03,578,51.818111,5.825792,-0.48203,964.854907,30.142363,60.764948,58.658496,85.4185,0.999393,FAIL,68.220638
S00348,L0017,T01,348,49.698456,3.542378,-2.350782,985.0897,34.684394,64.28362,52.887299,97.38981,0.882005,FAIL,70.152984
S00147,L0007,T01,147,52.236648,2.697002,-1.326053,1051.554645,19.511876,70.668455,52.73195,95.466152,0.662032,FAIL,76.604715
S00322,L0016,T02,322,48.638426,6.04674,-0.974255,1055.450621,53.526637,,62.818721,76.094875,0.999995,FAIL,66.444715
S00598,L0029,T02,598,44.09213,4.42251,-3.374444,882.295293,23.197706,67.819916,45.338099,111.609354,0.689016,FAIL,74.793966
S00185,L0009,T04,185,49.035777,4.402877,-1.113936,975.738248,55.141188,67.067571,60.787017,77.959471,0.999947,FAIL,66.639163
S00538,L0026,T01,538,43.903386,5.339935,-1.304471,946.30586,62.756788,655.3966,56.891347,88.083796,0.999483,FAIL,66.832163
S00302,L0015,T02,302,47.974076,5.468868,-3.555809,887.86436,47.181209,60.354397,57.068231,87.645012,0.999004,FAIL,66.334551
S00342,L0017,T02,342,47.416526,1.839226,-1.251569,937.370813,64.225749,66.178949,52.644457,97.948147,0.935573,FAIL,66.875643
S00177,L0008,T02,177,48.781662,4.119027,-1.618984,968.102235,27.580663,69.705576,53.716341,93.174171,0.92714,FAIL,72.051662
S00547,L0027,T02,547,51.582169,6.072215,-1.353551,1050.432185,33.556822,67.423546,60.292869,79.095279,0.999878,FAIL,68.703098
S00488,L0024,T04,488,52.315163,6.956623,-2.890794,991.244954,46.619301,71.728897,65.212815,69.349241,0.999999,FAIL,65.756336
S00460,L0023,T02,460,48.148559,3.510422,1.408553,959.850428,52.120499,65.833953,58.980647,81.545411,0.999603,FAIL,68.678277
S00610,L0030,T01,610,49.056758,4.157452,-5.263039,921.485436,44.897176,63.776482,51.63027,100.273995,0.86347,FAIL,70.811654
S00051,L0002,T01,51,50.428737,5.14203,-3.284881,975.411284,38.60417,67.647255,56.444467,87.046353,0.99696,FAIL,67.603144
S00720,L0036,T02,720,48.980251,3.852345,-2.981248,963.851565,30.248883,66.252862,51.764893,99.130192,0.732855,FAIL,75.918054
S00273,L0013,T01,273,47.221194,5.558486,0.629262,940.126215,47.391245,64.337038,59.810973,84.17386,0.999894,FAIL,65.164686
S00313,L0015,T01,313,47.917191,1.355165,-3.083865,1008.031749,17.880802,60.045862,47.25992,107.687007,0.082061,PASS,94.922405
S00269,L0013,T02,269,53.229851,4.899378,0.944655,980.896346,49.501858,72.426684,65.345647,67.489965,0.999998,FAIL,63.857332
S00722,L0036,T02,722,51.314507,3.475804,-1.769539,965.58905,38.593602,62.458062,56.28544,89.457876,0.992719,FAIL,67.52715
S00712,L0035,T01,712,53.264215,3.539183,-0.848196,964.191732,24.092847,71.476683,56.256683,87.821529,0.984064,FAIL,66.338448
S00605,L0030,T05,605,50.05617,7.470083,-2.213576,941.021815,41.177432,,61.309958,76.739017,0.999981,FAIL,66.666424
S00047,L0002,T03,47,49.013656,5.544151,-0.356258,982.358792,43.984259,67.292168,58.741543,82.722889,0.999699,FAIL,63.43792
S00074,L0003,T04,74,50.793808,6.677458,-2.157715,937.638451,31.684764,64.934976,59.114832,81.336126,0.999736,FAIL,66.347672
S00056,L0002,T01,56,47.794204,8.297274,-0.831892,964.954841,38.452042,72.724837,61.69608,73.337381,0.999989,FAIL,65.116262
S00349,L0017,T02,349,47.837982,6.917944,0.105583,971.921036,46.776428,67.062441,62.445125,75.797862,0.999993,FAIL,67.634953
S00023,L0001,T01,23,51.51392,3.219571,-2.583899,908.103521,32.290086,69.654681,52.857959,95.487618,0.846983,FAIL,70.646278
S00350,L0017,T05,350,51.300419,4.076706,-1.50142,1061.230324,44.947002,68.721042,57.883126,86.391058,0.998902,FAIL,66.349009
S00092,L0004,T01,92,50.576864,4.306669,-0.812908,995.861394,47.671676,67.135753,58.697519,86.90648,0.999555,FAIL,67.588403
S00572,L0028,T02,572,52.024189,7.658443,-0.829943,973.952327,18.632694,71.712175,58.626041,81.697321,0.999486,FAIL,67.553546
S00696,L0034,T04,696,52.161602,7.143575,-1.030006,962.265217,30.901157,67.745676,61.54591,74.541603,0.999968,FAIL,66.556585
S00613,L0030,T03,613,53.366996,6.665868,-3.880634,1009.755216,31.239711,72.152031,56.876446,84.576657,0.998372,FAIL,68.52417
S00445,L0022,T01,445,49.117212,5.864173,-1.123068,943.420316,61.066022,71.713499,64.551162,66.877795,0.999999,FAIL,68.622563
S00440,L0022,T01,440,49.45594,4.336145,-3.88613,1018.677539,28.059768,71.541167,49.559654,103.112575,0.341251,FAIL,87.248591
S00666,L0033,T02,666,49.15577,,-0.041271,985.043767,18.669609,66.277605,51.780975,98.313165,0.433134,PASS,85.889808
S00527,L0026,T01,527,52.036997,5.196246,-1.540959,894.495397,36.33246,72.112775,58.858163,81.462926,0.999511,FAIL,67.915051
S00433,L0021,T03,433,52.65,7.161532,-1.004334,959.009245,24.334812,67.038,58.66675,83.29533,0.999545,FAIL,65.116454
S00633,L0031,T01,633,55.150282,5.412967,-1.245444,1038.987819,41.621553,69.171384,63.974696,71.054324,0.999994,FAIL,67.594146
S00524,L0026,T05,524,46.100812,3.015703,-2.832693,916.767919,72.941648,74.962029,52.495199,96.049643,0.972482,FAIL,69.711253
S00316,L0015,T02,316,48.840697,3.136522,-1.748202,987.163275,35.019559,67.158253,53.461458,92.322079,0.909429,FAIL,68.020123
S00210,L0010,T04,210,49.263794,3.433185,-0.286692,1090.262273,30.920299,63.958959,54.39508,93.693551,0.95081,FAIL,69.33485
S00641,L0032,T03,641,51.666505,3.360624,-1.190891,993.02975,8.707558,65.061401,50.848126,96.351706,0.244105,FAIL,90.275576
S00311,L0015,T03,311,50.618674,5.037073,0.305434,1065.804136,44.320094,66.12096,61.170941,80.635851,0.999947,FAIL,68.245833
S00326,L0016,T01,326,52.701917,2.993217,-2.065802,945.331818,29.488295,64.996877,54.582392,89.922404,0.944523,FAIL,70.01203
S00479,L0023,T05,479,50.923461,6.155412,-0.43567,1027.229648,19.585868,66.609968,55.389279,90.430358,0.987365,FAIL,65.76429
S00755,L0037,T03,755,52.243378,5.616969,-1.227449,990.430458,23.243944,62.109347,57.898344,88.622087,0.998212,FAIL,67.881725
S00048,L0002,T01,48,49.627561,6.292331,-2.200208,951.903255,26.43044,72.149777,54.702336,88.736767,0.985896,FAIL,67.360026
S00129,L0006,T05,129,48.593995,6.319525,-1.855762,1011.805615,23.09784,66.643096,53.075479,95.521691,0.941285,FAIL,67.276251
S00374,L0018,T01,374,47.915809,7.669774,-3.461632,994.000873,43.232381,64.194929,59.217389,78.667557,0.999918,FAIL,70.436399
S00623,L0031,T01,623,54.284835,4.408667,-1.567623,911.777087,33.572823,70.496276,58.174272,81.529476,0.9986,FAIL,65.202026
S00052,L0002,T02,52,49.48657,4.798387,0.556604,970.904334,24.619496,67.970165,57.086137,87.760995,0.995424,FAIL,66.763921
S00010,L0000,T01,10,46.86145,5.709235,-0.387757,946.304941,46.060678,70.103499,57.795222,83.50048,0.999468,FAIL,64.675095
S00130,L0006,T01,130,45.053298,4.958856,-2.001736,948.844564,32.665732,64.547078,49.922708,100.744443,0.541471,FAIL,80.823005
S00456,L0022,T01,456,50.305327,8.133964,-0.575936,963.139421,45.848883,67.737292,66.143464,67.231659,1.0,FAIL,67.65665
S00515,L0025,T02,515,50.331799,6.497005,-1.041495,1041.952461,32.780784,70.227386,58.839888,83.75915,0.999664,FAIL,64.989206
S00626,L0031,T01,626,47.272872,5.006007,-3.172556,1038.627904,55.158711,73.807926,56.499185,89.933271,0.998753,FAIL,69.72345
S00424,L0021,T02,424,49.908314,3.670764,-1.696154,1061.766801,47.27105,67.902579,55.78042,90.030353,0.993794,FAIL,66.637274
S00190,L0009,T03,190,48.512251,2.649063,-0.349314,998.171566,,71.696473,51.821463,98.030198,0.592441,PASS,81.541988
S00540,L0027,T02,540,48.552708,6.128622,-2.778868,978.123768,33.18586,66.900184,55.507744,90.224324,0.994455,FAIL,69.175043
S00525,L0026,T03,525,51.459943,4.170171,-2.455916,940.941704,38.597198,63.090055,56.224799,87.821371,0.994399,FAIL,65.409069
S00738,L0036,T01,738,49.416392,7.261935,-0.683153,934.455569,40.703544,58.427333,63.456369,77.55927,0.999996,FAIL,68.655698
S00370,L0018,T01,370,50.569713,3.686089,-0.922724,980.805992,59.071528,69.314608,59.20637,82.136541,0.999791,FAIL,66.233734
S00788,L0039,T01,788,47.595331,6.093108,0.807384,1053.440193,38.530189,65.108745,59.345491,83.66195,0.999804,FAIL,63.912915
S00412,L0020,T01,412,49.412191,6.022465,-1.983687,974.743983,24.511642,66.728401,53.272517,94.380455,0.94666,FAIL,67.342035
S00218,L0010,T02,218,,5.350419,-2.469485,961.373882,32.748151,70.430589,57.505836,83.102129,0.998363,FAIL,69.886387
S00385,L0019,T03,385,46.563067,6.587086,-0.867519,968.470859,49.827022,67.61392,59.833542,80.234982,0.999943,FAIL,67.98898
S00624,L0031,T02,624,49.50201,6.189397,-1.118035,982.627192,33.52566,68.127846,58.877758,82.240684,0.999641,FAIL,66.550997
S00510,L0025,T01,510,51.508283,4.114494,-2.502972,977.563232,43.593011,59.452821,57.51606,86.201094,0.998441,FAIL,69.606601
S00620,L0031,T02,620,47.477398,4.97686,-0.928006,924.613734,47.748281,66.757607,57.094497,85.478509,0.99882,FAIL,67.247188
S00295,L0014,T02,295,240.7258,0.253534,-3.247078,986.480611,35.156805,63.656649,45.934521,111.085714,0.289071,PASS,88.250118
S00247,L0012,T02,247,47.285799,3.155701,,908.202121,25.301365,70.835241,49.866104,99.899348,0.250588,PASS,92.904357
S00100,L0005,T01,100,52.930001,6.436864,-1.519426,977.598216,33.228986,63.649703,61.423012,79.204726,0.999957,FAIL,65.274806
S00085,L0004,T02,85,49.90368,4.622852,-2.283085,907.527334,42.58394,62.488724,57.6999,88.360543,0.998868,FAIL,67.265275
S00534,L0026,T02,534,50.051701,4.654627,-1.841869,1102.265558,42.672623,69.567323,57.539454,85.556337,0.998737,FAIL,67.31901
S00681,L0034,T01,681,52.068391,4.906164,-0.640396,1014.540142,52.14487,68.942786,62.696522,74.480271,0.999989,FAIL,65.703397
S00193,L0009,T01,193,49.135205,5.803093,0.28417,926.393049,30.63953,63.852038,57.565186,88.121784,0.99857,FAIL,67.881594
S00232,L0011,T03,232,50.29778,6.793293,-2.303526,947.098774,39.666011,63.773218,58.588599,83.264075,0.999754,FAIL,68.277568
S00104,L0005,T02,104,50.53913,1.857221,-2.054158,972.568664,26.143826,69.916162,51.632191,98.467134,0.445076,FAIL,84.23761
S00081,L0004,T01,81,49.559037,3.879643,-3.971397,921.208348,28.740308,71.392788,50.967504,94.395704,0.574579,PASS,81.035158
S00160,L0008,T01,160,48.701468,4.934161,-2.019626,985.528075,36.161876,68.263622,54.547512,93.729272,0.98283,FAIL,68.238749
S00783,L0039,T01,783,51.958713,4.326579,-3.015681,1006.741562,52.78455,63.671891,58.365915,85.842787,0.999566,FAIL,69.362284
S00339,L0016,T01,339,49.640579,4.34072,-2.599248,985.444378,29.536354,70.032091,52.772898,96.01071,0.880391,FAIL,71.638619
S00152,L0007,T01,152,52.479828,5.387759,-2.05637,911.813398,35.779966,70.713696,58.305258,83.529633,0.999281,FAIL,68.745193
S00180,L0009,T01,180,43.173366,5.489994,-0.092351,916.704961,19.642238,66.241177,47.113522,105.76188,0.41581,PASS,87.343398
S00287,L0014,T01,287,49.211019,3.39817,0.241979,1004.725201,31.509771,66.02197,53.995761,93.201303,0.934553,FAIL,72.851844
S00796,L0039,T03,796,50.853996,4.583219,-0.725371,998.647114,33.130915,77.206338,57.094336,82.292216,0.996859,FAIL,67.3605
S00031,L0001,T04,31,52.518373,4.428114,0.777875,939.636885,26.960004,72.573629,61.178958,74.717377,0.999819,FAIL,68.240519
S00516,L0025,T04,516,47.742919,4.270997,-0.692113,,5.738515,61.00978,49.493264,102.496761,0.122623,PASS,94.802827
S00444,L0022,T01,444,52.140107,3.931973,0.042007,1051.984559,61.227232,77.563553,62.425188,75.467402,0.999987,FAIL,67.863276
S00020,L0001,T02,20,48.908907,2.938591,-1.012785,1007.557691,25.069325,65.916491,50.88907,97.491013,0.404304,FAIL,84.362964
S00741,L0037,T01,741,51.518215,2.751649,-2.519298,964.742718,48.62272,67.063155,54.67423,91.454064,0.979202,FAIL,67.388717
S00767,L0038,T01,767,46.413728,4.266063,-2.25014,988.132009,21.956724,71.690609,48.52323,106.32579,0.135396,PASS,95.846378
S00209,L0010,T02,209,51.872408,4.41532,-1.185597,1044.881111,35.694256,60.649071,58.16381,85.084722,0.998747,FAIL,69.215929
S00441,L0022,T02,441,47.566056,7.976198,-1.930328,940.922274,20.420372,70.876087,54.161812,89.319083,0.985823,FAIL,68.066723
S00597,L0029,T01,597,48.311578,4.313473,-2.715194,1018.376943,41.304005,68.793133,52.666456,95.26019,0.927301,FAIL,70.366801
S00014,L0000,T02,14,48.673805,7.263485,-0.912526,934.487647,50.037316,71.411421,64.503301,72.181149,0.999999,FAIL,67.138265
S00714,L0035,T03,714,50.613757,5.795733,-3.797723,932.926861,30.352155,65.206469,54.242512,91.758219,0.979597,PASS,68.255161
S00111,L0005,T05,111,51.234497,6.170001,-0.086161,1004.542834,48.589776,68.506937,64.114623,71.040856,0.999998,FAIL,70.039346
S00004,L0000,T02,4,51.899975,2.434045,-1.630398,1020.092648,51.415195,70.501704,57.145731,84.338173,0.997099,FAIL,67.112607
S00754,L0037,T03,754,49.358676,0.826044,0.182881,955.617688,42.125251,64.796969,51.509211,98.09803,0.523976,FAIL,81.251556
S00486,L0024,T04,486,50.388617,1.577744,-0.394921,1038.339516,45.994144,68.955386,55.012716,92.912275,0.969226,FAIL,68.660187
S00418,L0020,T01,418,56.173995,4.551316,-0.866159,971.88238,33.873715,71.254716,62.915418,72.983659,0.999971,FAIL,67.842504
S00053,L0002,T01,53,50.431777,5.215693,-3.321962,1025.519557,45.852413,66.916522,57.424838,82.643688,0.999097,FAIL,67.09689
S00673,L0033,T02,673,53.30462,6.354894,-0.122194,963.981083,35.57968,65.815567,64.667347,73.543562,0.999997,FAIL,69.075818
S00125,L0006,T02,125,49.667272,7.111065,-0.020179,927.966388,22.65696,68.755968,57.383826,85.054736,0.998576,FAIL,67.152179
S00376,L0018,T01,376,49.544155,5.512315,-1.963308,992.500907,50.570758,68.123581,59.98865,79.731232,0.999922,FAIL,65.343504
S00214,L0010,T04,214,51.171013,5.837943,-0.457536,986.297416,18.039317,66.484926,56.510804,85.586831,0.99349,FAIL,68.637005
S00101,L0005,T03,101,50.700153,5.593918,-1.408745,1086.849098,32.732551,727.78611,57.359226,85.460899,0.998349,FAIL,66.173862
S00216,L0010,T01,216,44.782613,3.775976,0.577338,1074.482209,33.889949,72.057612,51.510291,94.610441,0.725392,FAIL,75.077389
S00292,L0014,T02,292,50.854892,4.175927,-1.520489,1029.610474,45.510348,66.336384,58.785884,85.275291,0.999505,FAIL,65.610777
S00729,L0036,T01,729,48.108023,4.005918,-1.374336,935.829717,,65.427329,56.176966,89.698955,0.996882,FAIL,69.088944
S00235,L0011,T01,235,44.96101,2.863893,-1.352249,999.147831,24.113584,70.896769,47.14593,107.233084,0.213871,FAIL,93.098543
S00682,L0034,T01,682,52.948778,3.882963,-0.079129,981.354381,45.778124,63.113858,61.392272,79.708361,0.999931,FAIL,67.072973
S00622,L0031,T05,622,46.784819,3.704085,-0.415847,967.513047,38.735758,,50.867602,100.721447,0.666275,FAIL,77.287418
S00786,L0039,T02,786,48.639289,4.442811,0.781397,967.649814,42.354792,68.103645,57.629149,85.73311,0.998684,FAIL,66.100789
S00038,L0001,T03,38,46.865185,8.312607,-1.932398,941.153222,31.678568,71.838195,57.647407,84.114626,0.999591,FAIL,67.190331
S00611,L0030,T01,611,53.276858,3.618192,-3.957026,1036.533369,24.73219,69.975388,54.121673,92.54562,0.92314,FAIL,69.088149
S00612,L0030,T03,612,49.445014,4.883561,-2.68942,1020.102826,45.295151,71.185008,56.110961,86.533207,0.996913,FAIL,68.075461
S00379,L0018,T02,379,50.864915,4.249888,-0.791917,941.592357,36.690578,64.48056,57.400805,85.356432,0.99765,FAIL,66.105777
S00774,L0038,T02,774,51.720501,4.380189,-1.963792,1013.744073,31.186086,66.852877,57.479858,87.651543,0.997186,FAIL,67.170931
S00043,L0002,T03,43,50.357747,6.903974,-3.368538,964.244958,19.064491,67.532955,52.330133,97.833508,0.901982,PASS,69.822537
S00638,L0031,T03,638,50.296422,0.63031,-1.874645,1032.285442,45.043613,67.963765,50.588826,101.127034,0.489608,FAIL,87.367757
S00735,L0036,T01,735,51.014282,5.231358,-0.339622,976.014846,39.119931,69.049911,60.02122,79.984427,0.999837,FAIL,69.218611
S00128,L0006,T04,128,47.767498,4.826177,-1.549183,1018.461886,54.296055,67.342076,60.219135,83.029195,0.999928,FAIL,68.12082
S00656,L0032,T05,656,51.698972,5.64968,-1.604296,998.86038,47.559986,68.041092,62.13128,75.684229,0.999984,FAIL,66.840292
S00083,L0004,T03,83,50.936741,3.066086,-1.064027,1040.843325,42.962245,67.19058,54.741081,93.935228,0.976695,FAIL,66.412659
S00299,L0014,T01,299,51.275604,3.622871,-0.563063,977.940577,17.615393,74.202913,54.252417,89.970099,0.900346,FAIL,71.878233
S00467,L0023,T01,467,52.638588,2.126907,-1.377901,971.572867,31.964506,71.404723,54.657515,91.127522,0.933465,FAIL,69.61686
S00464,L0023,T02,464,52.146308,4.989307,-1.92024,1002.419529,48.319965,71.05109,62.234486,73.294408,0.999981,FAIL,66.075888
S00637,L0031,T01,637,,5.817698,-0.494282,997.420864,34.079647,61.585292,63.228789,72.860159,0.999987,FAIL,66.007981
S00228,L0011,T04,228,54.137959,4.553632,-1.498026,,47.186026,71.746787,65.514133,67.386456,0.999998,FAIL,68.36867
S00579,L0028,T03,579,46.65405,2.035934,-2.958434,1023.906172,22.160094,62.381002,45.298056,112.204557,0.42471,PASS,86.872457
S00497,L0024,T02,497,51.167044,5.020749,-1.364133,1083.712878,56.043546,74.774094,62.548446,75.894734,0.999991,FAIL,63.159299
S00084,L0004,T02,84,,3.002489,-3.342837,987.733369,34.101019,65.277809,54.647748,91.20776,0.958706,FAIL,66.638286
S00242,L0012,T01,242,50.958764,4.81964,-1.943147,1011.31246,41.328365,67.795392,56.809582,87.344433,0.997739,FAIL,67.994322
S00102,L0005,T01,102,48.415278,7.697444,-2.611211,1015.413319,48.341479,66.193856,62.634378,72.876262,0.999996,FAIL,68.081802
S00509,L0025,T02,509,49.634424,4.971821,-1.342907,947.733559,25.008396,66.321645,52.985631,93.136304,0.900365,FAIL,69.354735
S00734,L0036,T03,734,45.653871,3.83012,-1.294121,969.475327,43.968209,66.121015,51.702145,96.365624,0.845994,FAIL,72.862139
S00257,L0012,T01,257,49.922464,6.52758,,1015.000826,34.024171,67.27912,61.36635,78.045019,0.999959,FAIL,69.919662
S00312,L0015,T02,312,49.159049,5.707148,-1.642746,960.375273,33.130959,65.034311,56.7019,88.556478,0.997406,FAIL,65.375222
S00625,L0031,T04,625,52.177208,3.834271,,977.414425,23.324182,69.421222,56.519646,85.874766,0.988155,PASS,66.444332
S00333,L0016,T05,333,49.203551,2.721408,-1.080026,1026.236831,56.352751,68.032735,54.965502,89.413502,0.988974,FAIL,68.817026
S00716,L0035,T05,716,49.638913,4.967341,-1.395692,1072.801003,43.330174,63.565569,58.118657,86.532163,0.999334,FAIL,66.752382
S00206,L0010,T02,206,49.475278,0.864685,0.287889,995.052875,,60.308037,52.362415,98.365213,0.813241,FAIL,75.027666
S00657,L0032,T03,657,48.274827,6.199522,-0.555323,953.450957,29.557112,67.536439,55.365726,91.363339,0.992667,FAIL,67.840356
S00554,L0027,T01,554,50.887643,5.872515,-2.162975,980.429541,12.881501,63.317261,52.486868,95.618855,0.823553,FAIL,73.817104
S00639,L0031,T02,639,47.937653,4.724851,-2.169257,966.65122,40.959024,69.01602,54.879313,89.37803,0.98882,FAIL,66.497747
S00667,L0033,T01,667,50.676814,6.097846,-1.307181,962.486764,40.828591,71.480575,60.864213,79.75167,0.999949,FAIL,66.106588
S00174,L0008,T02,174,49.603762,6.745734,-3.132186,964.662153,30.859218,66.268571,57.26745,82.788431,0.998827,FAIL,65.393281
S00659,L0032,T02,659,50.283605,5.117858,-1.113622,1016.37178,29.800421,58.867292,57.234175,90.448451,0.997347,FAIL,67.630955
S00662,L0033,T04,662,47.960461,4.514664,1.571368,1004.50127,25.95993,64.906272,57.357283,86.447896,0.996109,FAIL,67.875655
S00480,L0024,T03,480,51.10526,4.259751,-1.607368,983.203453,35.516688,70.796083,56.16892,88.982595,0.993343,FAIL,64.510848
S00690,L0034,T02,690,50.191792,2.903275,-1.086359,923.301102,73.316309,66.343919,60.498563,79.386577,0.999952,FAIL,63.929622
S00166,L0008,T03,166,51.206855,8.890756,0.356635,1031.417759,30.494484,61.763332,62.822731,74.299718,0.999995,FAIL,68.457434
S00400,L0020,T01,400,49.544055,0.871587,,1004.032833,21.475387,64.435236,48.036998,102.104142,0.044949,PASS,98.394112
S00115,L0005,T01,115,49.865,,-1.873974,988.178894,48.823091,63.969516,54.245198,91.650354,0.971739,FAIL,69.58197
S00542,L0027,T01,542,50.036373,8.293654,-2.76415,988.759839,15.523987,66.188534,78.871304,92.819302,0.963403,FAIL,69.246601
S00503,L0025,T01,503,49.919052,4.517668,-1.709389,948.978169,36.834615,65.384767,55.743743,88.911244,0.992262,FAIL,66.828675
S00278,L0013,T01,278,49.855258,6.752871,-1.378687,909.115078,38.055478,62.627416,59.633008,83.245145,0.999881,FAIL,68.276609
S00404,L0020,T01,404,54.314034,7.510709,-1.089095,999.192327,6.750202,68.41084,55.98183,88.943403,0.991307,FAIL,67.197244
S00715,L0035,T02,715,50.518323,3.928809,-1.258481,967.692677,26.870109,64.535124,55.36967,89.949108,0.976832,FAIL,68.816069
S00253,L0012,T02,253,48.787828,2.529344,-0.072215,984.298197,44.38166,69.161173,54.436301,89.682856,0.965385,FAIL,67.10412
S00230,L0011,T03,230,51.605192,2.895191,-0.111808,959.920675,24.314531,72.371462,53.955619,91.050842,0.881282,FAIL,71.946291
S00462,L0023,T01,462,47.330953,2.978768,-0.922411,981.951254,37.43534,65.037081,51.408937,100.135844,0.674045,PASS,78.091343
S00647,L0032,T03,647,46.465365,5.307532,-0.833942,1016.195354,52.655547,63.085987,57.21435,88.781033,0.999295,FAIL,66.118022
S00384,L0019,T02,384,47.963065,4.195923,-2.615506,1010.09391,30.316053,68.424461,52.574883,94.916797,0.86002,FAIL,73.206426
S00239,L0011,T01,239,53.321646,7.358175,-3.332736,950.141358,44.968716,71.088487,63.658474,73.126229,0.999998,FAIL,65.391433
S00375,L0018,T02,375,51.048324,5.060012,-2.386197,989.902547,53.378599,73.624652,62.066612,75.520375,0.999984,FAIL,67.685029
S00472,L0023,T02,472,50.279444,7.633409,-0.532614,920.827961,62.227755,67.765655,72.098389,57.976074,1.0,FAIL,68.893878
S00733,L0036,T01,733,48.838652,4.035758,-1.995946,1006.527431,55.990181,61.450002,57.954986,87.50003,0.999424,FAIL,65.307302
S00709,L0035,T01,709,50.895721,4.68648,-0.719194,988.799673,30.580989,67.702553,56.08117,89.159454,0.992277,FAIL,68.139244
S00760,L0038,T02,760,48.076046,4.771417,-3.617289,981.066779,31.912697,75.30492,53.2557,92.886022,0.937432,FAIL,68.227604
S00787,L0039,T01,787,52.2505,4.14844,-0.557522,920.172961,31.433131,68.215668,57.1141,86.773752,0.995876,FAIL,67.346325
S00707,L0035,T02,707,52.872724,4.12452,0.028643,934.085679,60.806937,70.573818,63.706809,74.879393,0.999996,FAIL,67.47532
S00069,L0003,T02,69,48.792011,5.86615,-2.332631,936.470785,42.083695,68.549078,58.735404,82.752726,0.999709,FAIL,69.216099
S00359,L0017,T01,359,47.353926,4.841437,-0.387193,1021.472398,45.439864,66.201619,58.079442,82.185123,0.999352,FAIL,66.489395
S00575,L0028,T03,575,53.328541,4.026432,-3.84975,1002.985524,43.143382,67.670203,57.424917,85.204012,0.998212,FAIL,64.986227
S00686,L0034,T01,686,52.42821,5.195853,-0.893833,1008.476778,58.099155,63.03584,65.296645,71.475926,0.999999,FAIL,67.868546
S00426,L0021,T04,426,51.304789,3.042957,-2.678582,1007.17102,33.177904,61.104128,54.650526,91.603662,0.957488,FAIL,69.894927
S00743,L0037,T02,743,51.879655,4.865469,-2.389365,950.769427,30.429966,73.939152,56.920968,88.575079,0.996315,FAIL,67.559081
S00252,L0012,T02,252,51.194418,4.414007,0.338649,935.647243,62.172246,63.223444,64.830208,69.74663,0.999999,FAIL,64.390473
S00448,L0022,T03,448,45.773873,2.953693,-1.526342,983.664914,19.765773,59.940299,45.357083,111.033772,0.48266,FAIL,83.256378
S00321,L0016,T03,321,49.467755,2.989157,-0.9775,963.328903,48.93783,70.504918,55.292489,88.594759,0.98869,FAIL,67.100469
S00361,L0018,T02,361,50.039926,5.745305,-2.527479,1053.363212,21.615546,66.532189,53.867547,93.517133,0.955565,FAIL,67.585616
S00335,L0016,T04,335,51.3264,6.135536,-1.126112,981.714326,37.000786,74.58036,60.863345,74.635727,0.999938,FAIL,63.047128
S00124,L0006,T02,124,52.677569,6.146645,-0.154882,995.264301,48.373631,70.097743,66.993799,66.835859,1.0,FAIL,67.846095
S00708,L0035,T04,708,,4.320169,-2.873173,1009.354204,35.067587,71.7106,52.945617,95.229628,0.919033,FAIL,69.72701
S00015,L0000,T03,15,54.547391,4.341207,-2.577897,911.432007,67.753314,67.63103,63.833113,73.567179,0.999998,FAIL,67.769099
S00199,L0009,T01,199,48.447193,4.581645,-1.792659,919.579786,,67.993143,52.353935,95.765247,0.848071,FAIL,71.666649
S00419,L0020,T01,419,51.809694,4.959568,-0.868588,964.960425,,67.025072,60.092565,81.663646,0.999845,FAIL,66.45914
S00785,L0039,T01,785,46.578326,6.26629,-1.080439,916.384924,39.266515,68.490183,57.480273,85.207666,0.999226,FAIL,66.235948
S00763,L0038,T03,763,44.868754,4.043888,-1.037224,1021.351106,48.35474,68.775372,51.931498,96.200092,0.902425,FAIL,70.04094
S00544,L0027,T01,544,49.644433,5.472781,-1.181932,959.615303,22.472878,65.772867,52.70448,97.592849,0.887189,FAIL,70.92041
S00736,L0036,T03,736,49.812272,4.804699,1.545944,971.226719,34.329767,72.331489,57.629247,87.204108,0.998263,FAIL,69.053006
S00799,L0039,T02,799,48.72438,0.334571,,1046.168841,29.741252,67.459913,49.642367,100.313281,0.091141,PASS,97.690369
S00437,L0021,T03,437,46.762491,2.222379,-1.62139,1005.048993,42.689542,65.990568,49.432864,102.302661,0.287878,PASS,87.74674
S00329,L0016,T03,329,486.24062,4.406612,-0.550849,1017.424943,30.757853,67.098391,54.677474,88.180074,0.97383,FAIL,69.114428
S00772,L0038,T02,772,48.217258,4.092354,0.030923,948.879746,46.529378,76.007938,58.449764,84.63142,0.999365,FAIL,68.555889
S00080,L0004,T01,80,50.750711,1.455064,0.495353,946.147909,20.689914,75.724292,51.935465,96.920562,0.387246,PASS,85.735343
S00249,L0012,T01,249,46.274685,2.976223,-1.349227,982.587337,56.366119,68.627108,52.647901,95.840846,0.94035,FAIL,69.945789
S00604,L0030,T05,604,46.899234,4.810557,-1.239358,1035.593242,57.034464,69.038033,57.489199,86.276093,0.999443,FAIL,65.544528
S00504,L0025,T04,504,51.312882,4.524459,-2.042716,994.906997,33.759776,65.635265,56.723317,86.065854,0.995812,FAIL,65.210788
S00137,L0006,T02,137,50.862793,2.357894,1.729452,967.658546,20.279329,65.392323,55.781096,89.428399,0.952632,FAIL,68.939083
S00055,L0002,T01,55,54.039984,6.272849,0.779422,974.115599,33.621494,70.896852,64.135709,70.371271,0.999995,FAIL,66.124715
S00703,L0035,T04,703,48.845366,3.580516,-1.826558,934.17806,9.601145,72.045968,50.549175,98.897166,0.227696,PASS,91.265044
S00109,L0005,T01,109,47.594589,5.706255,-3.096444,1035.618449,48.770271,71.260752,57.2695,82.781753,0.999301,FAIL,64.909147
S00297,L0014,T01,297,49.46681,7.130966,-1.545077,1097.500031,29.999106,72.536198,58.280538,84.797626,0.99954,FAIL,66.003473
S00179,L0008,T03,179,49.396236,3.447954,-3.394505,988.799949,34.63258,66.791675,50.063358,100.418045,0.427284,PASS,85.607056
S00405,L0020,T04,405,49.622203,6.357793,-0.874258,967.859738,36.408232,73.709121,60.54673,79.507974,0.999925,FAIL,64.932003
S00451,L0022,T04,451,50.092002,5.155918,-2.679707,1038.100914,34.309608,65.061841,56.974622,86.921341,0.997495,FAIL,67.792075
S00138,L0006,T02,138,51.05843,3.55987,-3.959508,1082.846354,41.589103,65.507918,55.393774,91.399106,0.987924,FAIL,70.420824
S00582,L0029,T01,582,51.037694,4.722122,0.086702,1024.880084,35.049553,65.217465,59.058887,81.31939,0.999447,FAIL,67.027525
S00360,L0018,T01,360,50.482927,2.764644,-0.620663,1001.561772,16.502667,66.474302,52.118213,96.146107,0.511575,PASS,82.033691
S00566,L0028,T04,566,49.44537,3.841142,-0.861368,947.583883,36.282329,63.872423,57.346341,88.56517,0.996985,FAIL,67.147856
S00541,L0027,T05,541,50.401968,8.667795,-1.121617,1024.801825,20.191243,68.535017,56.26634,87.47774,0.998023,FAIL,64.77043
S00398,L0019,T01,398,51.009138,,-2.746664,973.242604,23.284619,62.260184,49.785591,101.806057,0.109647,PASS,98.585618
S00617,L0030,T01,617,49.609121,3.084166,-2.026054,1018.775115,49.304291,71.377857,54.182537,92.376266,0.974559,FAIL,66.768605
S00587,L0029,T03,587,50.473392,2.137827,-1.722979,952.918005,56.932304,67.264728,53.732544,95.269531,0.963713,FAIL,68.375154
S00019,L0000,T05,19,53.936595,4.101429,-2.02939,969.281963,57.738801,69.178542,61.873314,78.178601,0.999978,FAIL,68.258037
S00401,L0020,T03,401,48.027542,2.628158,-2.477784,921.669158,42.960503,65.785046,49.792258,101.655608,0.396351,PASS,85.785589
